:200000000C94EB100C941C110C941C110C941C110C941C110C941C110C941C110C941C11AA
:200020000C941C110C94AA980C9481980C9458980C941C110C944B960C941C110C941C11E0
:200040000C941C110C941C110C941C110C941C110C941C110C941C110C941C110C940E98BF
:200060000C941C110C94CA950C94A0950C941C110C941C110C941C110C941C110C941C11DE
:200080000C941C110C941C110C941C110C941C110C941C110C941C110C941C110C94D399B9
:2000A0000C941C110C941C110C941C110C941C110C941C110C941C110C941C110C941C11D8
:2000C0000C941C110C941C110C941C110C9476950C944C950C941C110C9422950C94F8943D
:2000E0000C941C110C94C5A90C94B5AF0C94D0AD0C9446870C94AE8F0C94DEAE0C94F28379
:200100000C94298F0C94DDB10C94C9830C949BB20C94A18D0C945C8F0C9485870C94A087B4
:200120000C9491870C9499A90C9476870C9414140C940D8E0C9421160C94528F0C945D2C04
:200140000C9409140C94568F0C94EE130C948D900C9474B20C94562C0C94B2730C9411A6FB
:200160000C94FE130C94B3860C94A6870C941B8E0C94F5AD0C94B7A50C94A0830C94558762
:200180000C94812C0C94FE140C94B2870C9436AE0C947C730C94218F0C9494870C94853212
:2001A0000C9498B20C949D730C94671E0C9482210C9494B20C94AC870C94E28F0C946890DB
:2001C0000C948E870C949A730C949B8F0C9489730C94EBB10C943A8F0C9490AA0C94F8AA96
:2001E0000C9411B20C946D870C948C130C9479870C947A2C0C94852C0C94C5B00C94D3AF5B
:200200000C945AAD0C9443AE0C94E7A90C94B5870C9473870C947E2C0C944BB30C94448FA5
:200220000C947F870C9497870C9407B30C946D730C944E8F0C9420140C94DD850C94B58F49
:200240000C94BB940C9479B20C949D870C9407B00C9483B20C94678E0C946C900C941B8484
:200260000C9474830C94A28D0C94AF730C9472850C941B8F0C9464910C941E110C949A9146
:200280000C9482870C945E870C94A9870C94B2230C94D61E0C943F160C941CB30C948EA81D
:2002A0000C94AE180C946A870C94B6AD0C94A3870C94C7910C9467870C947E570C946187F7
:2002C0000C949C840C9401140C94608F0C940D140C9411AD0C949A870C944F870C942D8F68
:2002E0000C9420B30C948B180C9488870C94403A0C9470870C940C870C94C4B30C94408F2F
:200300000C948B8F0C9482900C94368F0C94F2130C945B8F0C94258F0C9411900C94F98D22
:200320000C9472140C9448860C94488F0C945C140C945D940C94F7B10C94B6730C947FA839
:200340000C94B48E0C9452900C948B870C94A48D0C94622C0C9458870C940DB20C947C8707
:200360000C94EBB20C9489150C9404B30C94EA8D0C946D910C94A38D0C9407850C94062133
:200380000C940AB20C945B870C9477830C94FAB20C9464B20C947C130C9417140C94692CB4
:2003A0000C9430AD0C9452870C9464870C948C8F0C9449870C948E180C9408B20C9419B385
:2003C0000C944C870C94FC130C94123B0C94AF870C94308F0C949FB200407A10F35A00A031
:2003E000724E18090010A5D4E80000E87648170000E40B54020000CA9A3B000000E1F5052F
:20040000000080969800000040420F000000A08601000000102700000000E8030000000054
:200420006400000000000A00000000000100000000002C76D888DC674F0823DFC1DFAE5908
:20044000E1B1B796E5E3E453C63AE651997696E8E6C28426EB898C9B62ED407C6FFCEFBCEC
:200460009C9F40F2BAA56FA5F490055A2AF75C936B6CF9676DC11BFCE0E40D47FEF520E61C
:20048000B500D0ED902E0300943577050080841E080000204E0A000000C80C333333330F93
:2004A000986E12831141EF8D2114893BE65516CFFEE6DB18D1844B381BF77C1D901DA4BB54
:2004C000E424203284725E228100C9F124ECA1E53D27546F6F44656570004E6F4D656D6F1C
:2004E000727900496E76616C6964496E70757400496E636F6D706C657465496E707574001A
:20050000456D707479496E707574004F6B00646F63756D656E742E676574456C656D656EDF
:200520007442794964282754313227292E76616C7565203D20686578326E756D28646F639C
:20054000756D656E742E676574456C656D656E7442794964282754313127292E76616C7597
:2005600065293B2200646F63756D656E742E676574456C656D656E744279496428275431BD
:200580003027292E76616C7565203D20686578326E756D28646F63756D656E742E67657457
:2005A000456C656D656E74427949642827543927292E76616C7565293B00646F63756D65B1
:2005C0006E742E676574456C656D656E74427949642827543827292E76616C7565203D20A6
:2005E000686578326E756D28646F63756D656E742E676574456C656D656E744279496428E5
:2006000027543727292E76616C7565293B00646F63756D656E742E676574456C656D656E06
:2006200074427949642827543627292E76616C7565203D20686578326E756D28646F637553
:200640006D656E742E676574456C656D656E74427949642827543527292E76616C756529AA
:200660003B00646F63756D656E742E676574456C656D656E74427949642827543427292EEB
:2006800076616C7565203D20686578326E756D28646F63756D656E742E676574456C656D81
:2006A000656E74427949642827543327292E76616C7565293B003D20686578326E756D286A
:2006C000646F63756D656E742E676574456C656D656E74427949642827543127292E7661F2
:2006E0006C7565293B004F6E636C69636B3D22646F63756D656E742E676574456C656D6579
:200700006E74427949642827543227292E76616C756520003E3C2F74643E3C2F74723E3C75
:200720002F666F726D3E3C2F7461626C653E3C2F626F64793E3C2F68746D6C3E00223E3C96
:200740002F74643E3C2F74723E3C74723E3C74643E3C62723E3C2F74643E3C2F74723E3C79
:2007600074723E3C74643E3C696E7075742069643D22627574746F6E3122747970653D223B
:200780007375626D6974222076616C75653D225355424D4954222000223E2E3C696E70756B
:2007A0007420747970653D2274657874222073697A653D223322206D61786C656E67746826
:2007C0003D223322206E616D653D2244543138222076616C75653D2200223E2E3C696E7075
:2007E000757420747970653D2274657874222073697A653D223322206D61786C656E6774D9
:20080000683D223322206E616D653D2244543137222076616C75653D2200223E2E3C696E3D
:2008200070757420747970653D2274657874222073697A653D223322206D61786C656E679C
:2008400074683D223322206E616D653D2244543136222076616C75653D2200223E3C2F74EC
:20086000643E3C2F74723E3C74723E3C74643E47573A203C696E70757420747970653D22F0
:2008800074657874222073697A653D223322206D61786C656E6774683D223322206E616DEA
:2008A000653D2244543135222076616C75653D2200223E2E3C696E70757420747970653D9F
:2008C0002274657874222073697A653D223322206D61786C656E6774683D223322206E61F5
:2008E0006D653D2244543134222076616C75653D2200223E2E3C696E707574207479706530
:200900003D2274657874222073697A653D223322206D61786C656E6774683D223322206ED8
:20092000616D653D2244543133222076616C75653D2200223E2E3C696E70757420747970F4
:20094000653D2274657874222073697A653D223322206D61786C656E6774683D22332220A1
:200960006E616D653D2244543132222076616C75653D2200223E3C2F74643E3C2F74723E4E
:200980003C74723E3C74643E4D41534B3A203C696E70757420747970653D2274657874228B
:2009A0002073697A653D223322206D61786C656E6774683D223322206E616D653D22445454
:2009C0003131222076616C75653D2200223E2E3C696E70757420747970653D2274657874F7
:2009E000222073697A653D223322206D61786C656E6774683D223322206E616D653D224446
:200A0000543130222076616C75653D2200223E2E3C696E70757420747970653D22746578D7
:200A200074222073697A653D223322206D61786C656E6774683D223322206E616D653D22D5
:200A4000445439222076616C75653D2200223E2E3C696E70757420747970653D227465787B
:200A600074222073697A653D223322206D61786C656E6774683D223322206E616D653D2295
:200A8000445438222076616C75653D22005436223E3C2F74643E3C2F74723E3C74723E3C32
:200AA00074643E49503A203C696E70757420747970653D2274657874222073697A653D225F
:200AC0003322206D61786C656E6774683D223322206E616D653D22445437222076616C753C
:200AE000653D2200223E3C696E7075742069643D225431302220747970653D226869646469
:200B0000656E22206E616D653D22445435223E3C696E7075742069643D225431322220746E
:200B20007970653D2268696464656E22206E616D653D224400223E3C696E7075742069645D
:200B40003D2254362220747970653D2268696464656E22206E616D653D22445433223E3C34
:200B6000696E7075742069643D2254382220747970653D2268696464656E22206E616D65BB
:200B80003D2244543400223E3C696E7075742069643D2254322220747970653D22686964F4
:200BA00064656E22206E616D653D22445431223E3C696E7075742069643D2254342220749D
:200BC0007970653D2268696464656E22206E616D653D2244543200223E2E3C696E707574F6
:200BE0002069643D225431312220747970653D2274657874222073697A653D223222206D8E
:200C000061786C656E6774683D223222206E616D653D22445436222076616C75653D22001A
:200C2000223E2E3C696E7075742069643D2254392220747970653D2274657874222073699B
:200C40007A653D223222206D61786C656E6774683D223222206E616D653D22445435222038
:200C600076616C75653D2200223E2E3C696E7075742069643D2254372220747970653D22C4
:200C800074657874222073697A653D223222206D61786C656E6774683D223222206E616DE8
:200CA000653D22445434222076616C75653D2200223E2E3C696E7075742069643D22543517
:200CC0002220747970653D2274657874222073697A653D223222206D61786C656E67746854
:200CE0003D223222206E616D653D22445433222076616C75653D2200223E2E3C696E707512
:200D0000742069643D2254332220747970653D2274657874222073697A653D223222206D27
:200D200061786C656E6774683D223222206E616D653D22445432222076616C75653D2200FD
:200D40003C696E7075742069643D2254312220747970653D2274657874222073697A653DF4
:200D6000223222206D61786C656E6774683D223222206E616D653D22445431222076616CF4
:200D800075653D22003C2F7363726970743E3C7461626C653E3C666F726D3E3C696E707534
:200DA0007420747970653D2268696464656E22206E616D653D2253424D222076616C75658F
:200DC0003D2231223E3C74723E3C74643E4D41433A003C7363726970743E66756E637469CE
:200DE0006F6E20686578326E756D2028735F68657829207B6576616C2822766172206E5FE4
:200E00006E756D3D305822202B20735F686578293B72657475726E206E5F6E756D3B7D0020
:200E20006666663B666F6E742D73697A653A313270783B223E3C74723E3C74643E266E62DE
:200E4000737020506F6F6C6D61737465722045746865726E657420536574757020506167A1
:200E6000653C2F74643E3C2F74723E3C2F7461626C653E3C62723E003D22302220776964E9
:200E800074683D2231303025222063656C6C70616464696E673D223122207374796C653D68
:200EA00022666F6E742D66616D696C793A56657264616E613B636F6C6F723A2366666600C6
:200EC0006C6566746D617267696E3D223022207374796C653D226D617267696E3A20303B45
:200EE0002070616464696E673A20303B223E3C7461626C65206267636F6C6F723D222339CF
:200F000039393939392220626F72646572003C68746D6C3E3C7469746C653E506F6F6C4D42
:200F200061737465722045746865726E657420536574757020506167653C2F7469746C65D8
:200F40003E3C626F6479206D617267696E77696474683D223022206D617267696E68656926
:200F60006768743D2230222000202D205165756564206D657373616765733A20004672650D
:200F80006552616D3A2000436F756C64206E6F742061646420636F6D6D616E6420746F209F
:200FA00071756575652C2071756575652069732066756C6C00416464656420636F6D6D61CD
:200FC0006E6420746F2071756575653A200045746865726E6574204F4B2E2049503A200063
:200FE000526573746F72696E672045746865726E65742077697468207374617469632049E8
:20100000502E2E2E005265747279696E672045746865726E65742076696120444843502E76
:201020002E2E0045746865726E6574207374696C6C20756E617661696C61626C6500505386
:2010400049204572726F720073746F726167652E46696C74726174696F6E44757261746975
:201060006F6E3A200062005B6D656D436865636B5D3A20004661696C656420746F20636F6E
:201080006E6E65637420746F20746865204D5154542062726F6B6572004F727032007048AE
:2010A0003200494F3200494F0043686C46004163696446004661696C656420746F20636F4E
:2010C0006E6E65637420746F20746865204D5154542062726F6B65720043686C5570540059
:2010E00050685570540046696C557054004F72700050534900704800546D700062005B6DBB
:20110000656D436865636B5D3A20004661696C656420746F20636F6E6E65637420746F20F3
:20112000746865204D5154542062726F6B6572004F7270465200704846520043686C545689
:201140000070485456004661696C656420746F20636F6E6E65637420746F20746865204D0A
:201160005154542062726F6B6572004F72704B64004F72704B69004F72704B700070484B1D
:20118000640070484B690070484B70004661696C656420746F20636F6E6E65637420746FB7
:2011A00020746865204D5154542062726F6B6572005053494331005053494330004F7270D3
:2011C0004331004F7270433000704843310070484330005445004661696C656420746F209F
:2011E000636F6E6E65637420746F20746865204D5154542062726F6B6572005053494D5409
:2012000000505349485400574C5400575350004F7270535000704853500043686C57530065
:2012200070485753004661696C656420746F20636F6E6E65637420746F20746865204D51D8
:2012400054542062726F6B65720043686C55544C00704855544C0044706964004653746F8B
:20126000004653746F4D004644750046537461004677000B050005F004E304DA04D2045285
:20128000737450534943616C005273744F727043616C00527374704843616C0043686C7069
:2012A000756D7046520043686C50756D7046520043686C50756D70465200704850756D7048
:2012C000465200704850756D70465200704850756D704652005265626F6F740052656C61A3
:2012E000790052656C61790052656C61790052656C61790052656C61790052656C61790084
:2013000052656C61790052656C6179005053494869676800505349486967680044656C6185
:20132000795049440044656C617950494400436C65617200507562506572696F6400507555
:2013400062506572696F6400555254430046696C7454310046696C7454310073746F726139
:2013600067652E46696C74726174696F6E4475726174696F6E3A200073746F726167652E94
:2013800046696C74726174696F6E53746F703A200073746F726167652E46696C7472617438
:2013A000696F6E53746172743A200046696C7454300046696C745430004461746500446136
:2013C000746500446174650044617465004461746500446174650044617465004461746540
:2013E0000044617465004461746500446174650044617465004461746500446174650050A9
:20140000685049445753697A650050685049445753697A65004F72705049445753697A650E
:20142000004F72705049445753697A65005068504944506172616D7300506850494450616D
:2014400072616D73005068504944506172616D73005068504944506172616D73004F7270B6
:20146000504944506172616D73004F7270504944506172616D73004F727050494450617288
:20148000616D73004F7270504944506172616D730050756D70734D617855700050756D70F7
:2014A000734D617855700050756D70734D61785570005754656D704C6F77005754656D70C2
:2014C0004C6F770043686C54616E6B0043686C54616E6B0043686C54616E6B00704854617E
:2014E0006E6B00704854616E6B00704854616E6B0057536574506F696E7400575365745027
:201500006F696E74004F7270536574506F696E74004F7270536574506F696E740050685338
:201520006574506F696E74005068536574506F696E74004F7270504944004F7270504944BE
:201540000050685049440050685049440043686C50756D700043686C50756D7000506850E7
:20156000756D7000506850756D700046696C7450756D700046696C7450756D70004865614F
:20158000740048656174004D6F6465004D6F6465002C0043616C6962726174696F6E206334
:2015A0006F6D706C657465642E20436F65666673206172653A200020706F696E74732E2070
:2015C000506572666F726D696E672061206C696E6561722072656772657373696F6E2063F2
:2015E000616C6962726174696F6E00202D20002C0020706F696E747320726563656976656D
:20160000643A200050534943616C696220636F6D6D616E64202D200050534943616C696212
:201620000050534943616C6962002C0043616C6962726174696F6E20636F6D706C657465D6
:20164000642E20436F65666673206172653A200020706F696E74732E20506572666F726DEA
:20166000696E672061206C696E6561722072656772657373696F6E2063616C69627261744D
:20168000696F6E002C0043616C6962726174696F6E20636F6D706C657465642E20436F652E
:2016A000666673206172653A20003220706F696E74732E20506572666F726D696E67206162
:2016C0002073696D706C65206F66667365742063616C6962726174696F6E00202D20002C78
:2016E0000020706F696E74732072656365697665643A20004F727043616C696220636F6D01
:201700006D616E64202D20004F727043616C6962004F727043616C6962002C0043616C69FF
:2017200062726174696F6E20636F6D706C657465642E20436F65666673206172653A200087
:2017400020706F696E74732E20506572666F726D696E672061206C696E65617220726567EB
:2017600072657373696F6E2063616C6962726174696F6E002C0043616C6962726174696F98
:201780006E20636F6D706C657465642E20436F65666673206172653A20003220706F696EA0
:2017A00074732E20506572666F726D696E6720612073696D706C65206F6666736574206386
:2017C000616C6962726174696F6E00202D20002C0020706F696E747320726563656976658B
:2017E000643A2000506843616C696220636F6D6D616E64202D2000506843616C6962005049
:201800006843616C6962006465670045787465726E616C2054656D70657261747572653A2A
:20182000200054656D704578740054656D70457874004A736F6E2070617273654F626A65A5
:20184000637428292073756363657373202D20004A736F6E2070617273654F626A656374AE
:201860002829206661696C65643A20003C445331386232305F30204D61633D273078323802
:201880002C20307839322C20307832352C20307834312C20307830412C20307830302C2030
:2018A000307830302C2030784545273E00426172005053493A20006D56006D56202D2000EF
:2018C0004F72703A20006D56202D200050683A2000C2B04300445331386232305F303A20D9
:2018E000004572726F722067657474696E672074656D70657261747572652066726F6D200A
:20190000445331386232305F3000202D2000E606B60662060E06BA0565050E055B081A0822
:20192000D90798073D07140774093309F208B108860B350BE40A8D0A4D0A0D0ACC09D20DE5
:20194000850D400DF80CB00C680C200CD70B0E0FC00E780E200E5072657373656420535529
:20196000424D495420627574746F6E0070616765302E7661704855544572722E76616C3D75
:20198000300070616765302E7661704855544572722E76616C3D310070616765302E76610A
:2019A00043686C55544572722E76616C3D300070616765302E766143686C55544572722E77
:2019C00076616C3D310070616765302E76615053494572722E76616C3D30007061676530C4
:2019E0002E76615053494572722E76616C3D310070616765302E7661416369644C6576651F
:201A00006C2E76616C3D300070616765302E7661416369644C6576656C2E76616C3D310062
:201A200070616765302E766143686C4C6576656C2E76616C3D300070616765302E766143D2
:201A4000686C4C6576656C2E76616C3D31006252322E7069633D37006252322E7069633D8A
:201A6000380070616765312E76616252322E76616C006252312E7069633D37006252312E2E
:201A80007069633D380070616765312E76616252312E76616C006252302E7069633D3700AA
:201AA0006252302E7069633D380070616765312E76616252302E76616C0062486561742E29
:201AC0007069633D370062486561742E7069633D380070616765312E766162486561742EAE
:201AE00076616C006246696C742E7069633D37006246696C742E7069633D38007061676567
:201B0000312E76616246696C742E76616C0070334D6F64652E7478740070324D6F64652E22
:201B200074787400624D6F64652E7069633D3700624D6F64652E7069633D380074314D6F59
:201B400064652E7478740070314D6F64652E7478740070304D6F64652E747874004D414EEB
:201B600055004155544F0070616765312E7661624D6F64652E76616C007048546B2E74781B
:201B8000740070616765302E76617048546B2E747874006D696E00202F20004F7270546B57
:201BA0002E7478740070616765302E76614F7270546B2E747874006D696E00202F20007024
:201BC000616765332E703353746153746F2E7478740070616765322E703253746153746FEB
:201BE0002E7478740070616765312E703153746153746F2E7478740070616765302E703033
:201C000053746153746F2E7478740070616765302E766153746153746F2E747874006800B2
:201C20002F00502E7478740070616765302E76615053492E747874006200412E747874001A
:201C400070616765302E766141542E747874004300572E7478740070616765302E7661573E
:201C6000542E7478740043004F727053502E7478740070616765302E76614F727053502E09
:201C800074787400704853502E7478740070616765302E7661704853502E747874004F727F
:201CA000702E7478740070616765302E76614F72702E7478740070482E7478740070616717
:201CC00065302E766170482E7478740070334E6574572E7069633D360070334E6574572ED7
:201CE0007069633D350070324E6574572E7069633D360070324E6574572E7069633D35003D
:201D000070314E6574572E7069633D360070314E6574572E7069633D350070304E657457AE
:201D20002E7069633D360070304E6574572E7069633D350070616765312E7661624E657470
:201D4000572E76616C0070616765302E76614D4346572E747874004D432066773A207620B1
:201D600000727463350072746334007274633300005EBCE2613FDD83C29C7E20A3FD1F41F4
:201D8000009D23BE46DB65F88C11AF32CA57E974CDCCCC3D0AD7233C17B7D13877CC2B32F2
:201DA0009595E6241FB14F0A000020410000C84200401C4620BCBE4CCA1B0E5AAEC59D7402
:201DC0007B22436C656172223A317D00436C656172206572726F7273206576656E7400701F
:201DE00061676543616C6962732E7661436F6D6D616E642E747874007B2252656C6179225A
:201E00003A5B362C305D7D007B2252656C6179223A5B362C315D7D0052656C617920322094
:201E2000627574746F6E0076616252322E76616C007B2252656C6179223A5B322C305D7D1F
:201E4000007B2252656C6179223A5B322C315D7D0052656C6179203120627574746F6E00BE
:201E600076616252312E76616C007B2252656C6179223A5B312C305D7D007B2252656C615C
:201E800079223A5B312C315D7D0052656C6179203020627574746F6E0076616252302E7642
:201EA000616C007B2248656174223A307D007B2248656174223A317D0048454154206275EB
:201EC00074746F6E00766162486561742E76616C007B2246696C7450756D70223A307D003A
:201EE0007B2246696C7450756D70223A317D0046494C5420627574746F6E00766162466937
:201F00006C742E76616C007B224D6F6465223A307D007B224D6F6465223A317D004D4F4439
:201F20004520627574746F6E007661624D6F64652E76616C004E657874696F6E20703300C9
:201F40004E657874696F6E207032004E657874696F6E207031004E657874696F6E2070308F
:201F600000000020002300260029002C002F00320000010000030106010901050505050711
:201F80000508080808020202020A0A080804040404010101010101010103030303030303C3
:201FA00003040707070C0C0C0C0C0C0C0C0202020206060606060606060B0B0B0B0B0B0B20
:201FC0000B0A050A0A050A0A0404040A0102102020080810204010204080020102010804CF
:201FE00002010102040810204080804020100804020180040201804020100804020108044E
:20200000020101020408102040800102040810204080084004808040201020401000002172
:2020200000240027002A002D003000330001010000040107010A0100002200250028002BE7
:20204000002E003100340002010000050108010B0100000A0B02090C0D0E08070304010071
:2020600000000000000000000000000000000000000000000000000000000000001211102D
:20208000000000000000000000000000000000000000000000000000000000000000000040
:2020A000000002726573740062005B6D656D436865636B5D3A20005374617469632045748E
:2020C0006865726E657420636F6E666967757265642E2049503A20005374617274696E67A7
:2020E0002045746865726E65742077697468207374617469632049502E2E2E004574686534
:20210000726E65742044484350204F4B2E2049503A200044484350206661696C65642E20DA
:20212000436F6E74696E75696E6720776974686F75742045746865726E65742E0053746198
:202140007274696E672045746865726E657420444843502E2E2E002E204C6F6164696E6727
:202160002064656661756C742073657474696E67732C206E6F742066726F6D20656570728C
:202180006F6D0053746F72656420636F6E6669672076657273696F6E3A20002E204C6F6172
:2021A00064696E672073657474696E67732066726F6D20656570726F6D0053746F726564FF
:2021C00020636F6E6669672076657273696F6E3A2000C4B34BB311241FBECFEFD1E2DEBF54
:2021E000CDBF00E00CBF19E0A0E0B2E0ECE0F0EA01E00BBF02C007900D92AC3EB107D9F7E2
:2022000024E1ACEEB9E001C01D92AE3AB207E1F710E1CAEED0E100E006C021970109802F2C
:20222000FE010E94D5CBC93ED10780E00807A9F70E948DB90C94F4CF0C940000CF93DF93B0
:20224000E901DC018D919C91DC01ED91FC910280F381E02D199599838883892B29F090E06F
:2022600080E0DF91CF9108958AEF9FEFFACF4F925F926F927F928F929F92AF92BF92CF9298
:20228000DF92EF92FF92CF93DF93EC01CD8CDE8CEF8CF8A020E030E0A901C701B6010E9449
:2022A000BBC8882309F448C0898C9A8CAB8CBC8C20E030E0A901C501B4010E94BBC888232C
:2022C000D9F1688179818A819B810E94C0C820E030E04AE754E40E94DFCA20E030E040E705
:2022E00052E40E94DFCA2B013C0120E030E040E752E4C501B4010E94DFCA9B01AC01C301B4
:20230000B2010E9421C9A70196010E94DFCA20E030E048EC52E40E9421C9DF91CF91FF908F
:20232000EF90DF90CF90BF90AF909F908F907F906F905F904F90089560E070E080E89FEB79
:20234000ECCFFC018485882389F080859185A285B3854481558166817781840F951FA61F98
:20236000B71F80879187A287B38714860895FC01158616861786108A158A168A178A108EE5
:20238000108211821282138284819581A681B78180879187A287B3870895CF93DF93DB01A6
:2023A000FC01808191810097E1F012962C91129713964C911397342F3F77FC014381421734
:2023C000130671F7ED91FC911197EC0124962E0F3F1FE217F30729F0519149915417C9F398
:2023E000DFCFDF91CF910895DC0152969C915297915084E0989F900111245096ED91FC91B4
:20240000E20FF31F228133812115310579F041818081481758F481E0840F818386E0489FDA
:20242000200D311D11242115310521F460E070E08FEF0895B901892F8295807F840F089508
:20244000DF92EF92FF920F931F93CF93DF93EC017B01D12C688979898A89D816E0F484E03F
:20246000D89E80011124060F171FD80112966D917C916115710541F0D701ED91FC910280D7
:20248000F381E02DC7011995F8011382128210821182D394DFCF1A8A8FEF8C8BC617D707F5
:2024A00061F0D701ED91FC910280F381E02DC7011995D98BC88B84E08B8BDF91CF911F91BE
:2024C0000F91FF90EF90DF9008952F923F924F925F926F927F928F929F92AF92BF92CF9287
:2024E000DF92EF92FF920F931F93CF93DF93CDB7DEB766970FB6F894DEBF0FBECDBF5A8BEF
:20250000498B3C8B2B8B1C0169837A831E8A1D8A19861A861B861C861D821E821F82188615
:20252000412C512C320173016201D1018D909D90AD90BD901D01A5019401C701B6010E9487
:2025400073CA6B017C01E981FA8181919191A191B191FA83E9838D879E87AF87B88B9C0190
:20256000AD01C301B2010E9473CA2B013C012D853E854F855889C501B4010E9421C99B0121
:20258000AC016D817E818F8198850E9473CA6D837E838F839887A5019401C501B4010E941B
:2025A00021C99B01AC0169857A858B859C850E9473CA69877A878B879C878D899E890196F1
:2025C0009E8B8D8B0817190709F0AFCFB801110F880B990B0E94C2C84B015C01AC019B01D6
:2025E000C701B6010E94DFCA6B017C01A5019401C301B2010E94DFCA69837A838B839C8315
:20260000A50194016D817E818F8198850E94DFCA2B013C0129813A814B815C81C701B60124
:202620000E9421C99B01AC01C301B2010E9472CA2B013C01A501940169857A858B859C85AE
:202640000E94DFCA4B015C01A7019601C701B6010E9421C99B01AC01C501B4010E9472CA9A
:202660009B01AC01C301B2010E94DFCAA989BA896D937D938D939C931397A70196010E94F0
:2026800021C99B01AC0169817A818B819C810E9472CAEB89FC896083718382839383669634
:2026A0000FB6F894DEBF0FBECDBFDF91CF911F910F91FF90EF90DF90CF90BF90AF909F901A
:2026C0008F907F906F905F904F903F902F900895FC0180E092E0918380831282148213822F
:2026E000CF010596968B858B178A84E0808F8FEF818F168E878F089521EC34E0FC01318373
:202700002083FB014089518962897389FC0142835383648375830895FC01848995890895B7
:20272000CF92DF92EF92FF920F931F93CF93DF937C016B018A01FC01C081D1814F3F5105A5
:2027400009F0B0F4E881F9810480F581E02D4B5F5F4FCE011995009759F0FC010383DF914A
:20276000CF911F910F91FF90EF90DF90CF900895E881F9810280F381E02DB601CE01199516
:2027800081E0F701828390E080E0E9CFDB01ED91FC9111970280F381E02DBC01CD01199489
:2027A0000F931F93CF93DF93EC01088119818B819C81009749F0FC01208131813C832B832B
:2027C000B8010E94C613F3CF68817981CE010596DF91CF911F910F910C942012FC017687CA
:2027E00065870895DC01ED91FC91068CF78DE02D199591E089270895862F089581E0862779
:20280000089521E0FC018485883008F020E0822F0895FC01848595850895DC01ED91FC9171
:20282000048CF58DE02D199490E080E00895FC018485883010F40C946DA990E080E008957A
:20284000CF92DF92EF92FF920F931F93CF93DF93EC01E885F985309739F1199508811981D2
:202860002A813B81601771078207930700F50095109520953095600F711F821F931F0C8157
:202880001D812E813F8168017901C61AD70AE80AF90AC701B601DF91CF911F910F91FF9064
:2028A000EF90DF90CF9008950E94BE97D7CF601B710B820B930BE3CFCF93DF93EC014C832D
:2028C0005D836E837F83E885F985309741F01995688379838A839B83DF91CF9108950E9473
:2028E000BE97F6CF2F923F924F925F926F927F928F929F92AF92BF92CF92DF92EF92FF9280
:202900000F931F93CF93DF9300D01F92CDB7DEB79A8389836B015C834B8319012701380138
:202920000E94BE974B015C01D1011D921C92EB81FC81EF2B89F10E94BE97681979098A09BE
:202940009B09641575058605970530F5A981BA818D919C91DC01ED91FC910288F389E02DE9
:202960004B815C81B6011995181619069CF160E070E0CB010E948B97A981BA818D919C919F
:20298000DC01ED91FC910688F789E02D19958111CECF8BEF9FEF07C0F10180819181892BCF
:2029A00051F190E080E00F900F900F900F90DF91CF911F910F91FF90EF90DF90CF90BF903E
:2029C000AF909F908F907F906F905F904F903F902F900895C80ED91ED1012D913C91119791
:2029E000280F391F2D933C93EB81FC81E81BF90BFC83EB839CCF8CEF9FEFD5CFCF92DF92F2
:202A0000EF92FF920F931F93CF93DF93CDB7DEB7AF970FB6F894DEBF0FBECDBF8C016B01DD
:202A20007A0181EC94E09A8389831B821C821D821E821C861B8648EE53E060E070E04D8787
:202A40005E876F87788B23E634E03A872987988F8F8B198E1A8E1B8E1C8E28E029A39BA711
:202A60008AA71CA61DA61EA61FA6D8011C968C91883060F40E948AA9882321F0F8018485D0
:202A80000E94D9AD88E0D8011C968C9380916C0D90916D0DA0916E0DB0916F0D8EA39FA3FB
:202AA000A8A7B9A78B839C83AD83BE8318861F82AE01465D5F4FB601CE0101960E94BE7895
:202AC0000097C1F0D801ED91FC910684F785E02D81EC94E09DA38CA38CA59DA5AEA5BFA53D
:202AE0008EA39FA3A8A7B9A7A701BE016C5D7F4FC8011995AF960FB6F894DEBF0FBECDBFB3
:202B0000DF91CF911F910F91FF90EF90DF90CF900895CB010C94C0C4FC0186A10E94F495DD
:202B200021E0019709F020E0822F0895CF93DF93EC018FA18F3F09F18A3AB1F4CE010E9422
:202B400037119B01AC0169A17AA18BA19CA10E9472CAC1E020E030E040EA50E40E9487CB75
:202B600018163CF0C0E005C00E94F495C1E00197C9F78C2FDF91CF910895C1E0FACFEF925F
:202B8000FF920F931F93CF93DF93EC017B018A01CA010E940AC6F982E8821B830A839D831B
:202BA0008C83CE01DF91CF911F910F91FF90EF90089583EB9EE00E94A1111092C002109226
:202BC000C1021092C2021092C3020E94BE9760936C0270936D0280936E0290936F02809173
:202BE000750E811104C08BE39EE00E94599C81E08093750E8093500208958CED9EE00E94E7
:202C0000A1111092BC021092BD021092BE021092BF020E94BE9760936802709369028093A7
:202C20006A0290936B028091B10E811104C087E79EE00E94599C81E08093B10E80934F0258
:202C400008950F931F930E94BE970091F20D1091F30D2091F40D3091F50D601B710B820B62
:202C6000930B693E73408105910530F08FE396E11F910F910C94786A1F910F910895BF9227
:202C8000CF92DF92EF92FF920F931F93CF93DF9300D000D000D0CDB7DEB70E94869F0E9436
:202CA000CC9FB0902B120E94CFA0182F092F0E94D7A0D82EC92E0E94869F0E94CC9FE09042
:202CC0002F120E94869F0E94CC9FF09030120E94C5A01F92BF920F931F93CF92DF921F923D
:202CE000EF921F92FF929F938F9381EE94E09F938F9381E19AE09F938F930E941ECD61E187
:202D00007AE08DEB9CE00E949F948AE099E10E94AB6BBE016F5F7F4F82E092E00E940F6BA9
:202D20000FB6F894DEBF0FBECDBF811105C040E050E06EEF72EC40C06A8170E0762F66277D
:202D4000770F770F770F298148E0249F90011124262B372B809102028031E1F468856623C2
:202D6000C9F070E08F81AB01481B5109CA019695982F8827979587950E94C1CBCB0180970C
:202D8000B90153E0660F771F5A95E1F760789C01260F371F213854EE35074CF2B901330F63
:202DA000880B990B0E94C2C820E030E040E05CE30E9421C9AB01BC0180E39EE00E94469EE5
:202DC0006AE080E39EE00E94639D6093C4027093C5028093C6029093C70220E030E04EEF8F
:202DE00052EC0E94BBC8811185C181EE98E10E94AB6B6DEF7DE08DEB9CE00E94A19483E011
:202E00000E94A96CBC01990F880B990B0E94C2C826EA3BE944EC50E40E9421C920E03CEFE4
:202E20004FE756E40E94DFCA6B017C01905820918C0230918D0240918E0250918F020E9402
:202E400021C9209190023091910240919202509193020E9473CAAB01BC014093C80250934E
:202E6000C9026093CA027093CB0288E29EE00E94469E62E088E29EE00E94639D6093C80201
:202E80007093C9028093CA029093CB028CEC98E10E94AB6BA701960160E070E080E290E447
:202EA0000E9472CA20E030E04AE754E40E9421C90E94D46B86EC98E10E94AB6B6091C802F0
:202EC0007091C9028091CA029091CB020E94D46B6DEF7DE08DEB9CE00E94A19480E00E94F4
:202EE000A96CBC01990F880B990B0E94C2C826EA3BE944EC50E40E9421C920E03CEF4FE770
:202F000056E40E94DFCA6B017C01209194023091950240919602509197020E9421C9209184
:202F200098023091990240919A0250919B020E9473CAAB01BC014093CC025093CD02609322
:202F4000CE027093CF0280E29EE00E94469E62E080E29EE00E94639D6093CC027093CD0210
:202F60008093CE029093CF0280EC98E10E94AB6BA701960160E070E080E290E40E9472CA5A
:202F800020E030E04AE754E40E9421C90E94D46B8AEB98E10E94AB6B6091CC027091CD0216
:202FA0008091CE029091CF020E94D46B87EB98E10E94AB6B6DEF7DE08DEB9CE00E94A19436
:202FC00080917B00886080937B0081E480937C0080917A00806480937A0080917A0086FDF1
:202FE000FCCF6091780070917900072E000C880B990B0E94C2C82FE832EC45EF5CE30E9435
:2030000021C920E030E040E05FE30E9472CA20E030E040EA50E40E9421C920E030E040E844
:203020005EE30E9421C96B017C0120919C0230919D0240919E0250919F020E9421C92091FB
:20304000A0023091A1024091A2025091A3020E9473CAAB01BC014093D0025093D1026093D9
:20306000D2027093D30288E19EE00E94469E63E088E19EE00E94639D6093D0027093D102D0
:203080008093D2029093D30281EB98E10E94AB6BC701B6010E94D46B6DEF74E08DEB9CE0B0
:2030A0000E949F946091D0027091D1028091D2029091D3020E94D46B8DEA98E10E94AB6B40
:2030C0006DEF7DE08DEB9CE00E94A19487E69EE10E94786A29960FB6F894DEBF0FBECDBFF6
:2030E000DF91CF911F910F91FF90EF90DF90CF90BF90089585ED98E10E94AB6B6091C4028E
:203100007091C5028091C6029091C7020E94D46B81ED98E16CCECB010C9424C4CB01BA0147
:203120000C94EBCBDA01E0912A12F0E0FE2FEE27E60FF71F90E0982F8827A901BD018E0FA9
:203140009F1F0C9486A744E050E0BC018FE090E00C94A8A808958CBD9DBD0895CF92DF9255
:20316000EF92FF921F93CF93DF93EC017B016A018C85883048F40E948AA9882319F08C8544
:203180000E94D9AD88E08C87F70182819381A481B5810097A105B10551F490E080E0DF91AA
:2031A000CF911F91FF90EF90DF90CF9008958F3F9F4FAF4FBF4F89F370E060E081E20E94AD
:2031C000F9AE182F8C87883040F780E591E00E94AB18A7014E5F5F4F24E030E06CE070E011
:2031E000812F0E94FCA9B601812F0E94CCAA64E070E0812F0E9430AC0E94BE976B017C01B7
:203200008C850E948AA9873111F18C3101F1882321F20E94BE97AB01BC014C195D096E09FF
:203220007F098D859E85B0E0A0E084179507A607B70738F061E070E080E090E00E948B97D2
:20324000DFCF8C850E94E7AD88E08C87A6CF81E090E0A5CFCF93DF93EC0181EC94E0998386
:2032600088831A821B821C821D8280E591E00E94AB18BE016E5F7F4F44E050E08FE090E005
:203280000E9486A7CE01DF91CF9108957F928F929F92AF92BF92CF92DF92EF92FF920F93A8
:2032A0001F93CF93DF93CDB7DEB7A6970FB6F894DEBF0FBECDBF8C01762E942E852E20E243
:2032C000A22ECE0101967C01DC01EA2D1D92EA95E9F76801F3E4CF0ED11C81EC94E09AA311
:2032E00089A38FEF8BA38CA38DA38EA343E450E0BE016F5D7F4FC6010E94F8AA019609F417
:20330000BFC081E089838A8386E0B82EBB821C82D80114966D917D918D919C9117970E9463
:20332000DDCB6D837E838F83988789869A8680E890E09C878B874CE150E0B701C6010E9409
:2033400090AAFE0137968AE1DF011D928A95E9F74801B8E08B0E911CF401D70101900D924A
:20336000BA94E1F740E150E0B701C6010E9490AAF7011192AA94E9F796E0A92EB12C40E276
:2033800050E0B701C6010E9490AAF1E0AF1AB108B1F783E6898392E89A8393E59B838C83F6
:2033A00085E38D8381E08E837F829DE3988797E099878A8786E0F401DE011B9601900D92C0
:2033C0008A95E1F78CE0898B8A8B61E075E0CE0143960E9417CDD8011B966C91CE01499668
:2033E0000E947171F8016485CE014B960E947171D8011D966C91CE014D960E9471714EE145
:2034000050E0B701C6010E9490AAB3E07B121EC082E3898384E08A83F80196859B839785F3
:203420009C8390899D8391899E8396E39F838887828D8987838D8A87848D8B87858D8C87C7
:203440004CE050E0B701C6010E9490AA87E3898386E08A8391E09B8393E09C838D838FE02C
:203460008E838AE38F838BE388878FEF898749E050E0B701C6010E9490AAC6010E9407B0DD
:20348000A6960FB6F894DEBF0FBECDBFDF91CF911F910F91FF90EF90DF90CF90BF90AF901F
:2034A0009F908F907F900895DC0160E070E0CB01109709F40895FD0101900020E9F7319741
:2034C000EA1BFB0BB9F3BF01CD0108950F931F93CF93DF93EC01B0E0A0E0E881F9818D0174
:2034E0000F5F1F4FCB018E1B9F0B8017910758F1822F8F7797E056954795379527959A95AD
:20350000D1F7211531054105510509F08068EA0FFB1F8083211531054105510569F4888176
:203520009981800F911F9983888390E080E0DF91CF911F910F910895D8010430110569F6FC
:203540008EEF9FEFF4CF8FEF9FEFF1CFEF92FF920F931F93CF93DF931F921F92CDB7DEB71C
:20356000680F791FE4E0220F331FEA95E1F768177907F9F07A018C01FC012193FA83E98314
:2035800020E030E0A901CE0101960E94661A009739F429813A81201B310BF70131832083FA
:2035A0000F900F90DF91CF911F910F91FF90EF9008958FEF9FEFF4CF4F925F926F927F924F
:2035C0009F92AF92BF92CF92DF92EF92FF920F931F93CF93DF936C018A01DA011D921D92EB
:2035E0001D921C921397DC01ED91FC917B01EE1AFF0A5F01D0E0C0E0412C512C32014394AB
:203600002196EC16FD06E0F1C530D105E1F1D5019D905D01A92DAF77B0E0A30192010E94BA
:203620002ECAD8012D913D914D915C911397260F371F481F591F2D933D934D935C93139745
:2036400087E0440C551C661C771C8A95D1F797FCD7CFEC0FFD1FD601ED93FC9390E080E040
:20366000DF91CF911F910F91FF90EF90DF90CF90BF90AF909F907F906F905F904F90089518
:203680008FEF9FEFEDCF8EEF9FEFEACFFA01603871058105910538F481E090E09183808365
:2036A00090E080E00895611520E472078105910518F482E090E0F2CF6F3F2FEF72072FE19A
:2036C0008207910518F483E090E0E8CF6F3F7F4F8F4F9F4018F484E090E0E0CF1182108248
:2036E0008EEF9FEF0895FC01A081B181A617B70729F4DA011C928FEF9FEF08958C91DA0110
:203700008C938081918101969183808390E080E00895FC01A081B1816A1B7B0B62307105F9
:2037200068F05C93A081B18111964C938081918102969183808390E080E008958FEF9FEF2E
:203740000895CF93DF93DC01ED91FC9111976E1B7F0B6230710540F4EA01198218828FEF7B
:203760009FEFDF91CF910895208130E0322F22279181290F311DEA01398328833296ED93C1
:20378000FC9390E080E0EDCFAF92BF92CF92DF92EF92FF920F931F93CF93DF9300D000D0D0
:2037A0001F92CDB7DEB75A0169019E838D837C01E60EF71E1F82AE01495F5F4FB701CE0196
:2037C00005960E94731B009749F52F81822F807F90E034E0959587953A95E1F78A159B0539
:2037E00071F523FB222720F9F6012083AE014F5F5F4FB701CE0105960E94DC1A009771F488
:2038000089819A81AB81BC810297A105B105D1F4A801B701CE0105960E94A11B27960FB6B5
:20382000F894DEBF0FBECDBFDF91CF911F910F91FF90EF90DF90CF90BF90AF90089587EF69
:203840009FEFECCF88EF9FEFE9CF0F931F93CF93DF93EC012115310591F088819981681BBA
:20386000790B6217730790F08901BA01A9010E94F3CC28813981200F311F3983288390E048
:2038800080E0DF91CF911F910F9108958FEF9FEFF8CFCF92DF92EF92FF920F931F93CF939E
:2038A000DF93EC018B0169017A01A9010E94891B009771F49601A701B801CE01DF91CF91B5
:2038C0001F910F91FF90EF90DF90CF900C94251CDF91CF911F910F91FF90EF90DF90CF90DF
:2038E0000895CF93CFB7F8948091C10A811127C0E0EBFFE18491E1E0F0E29491E82FF0E003
:20390000EE0FFF1FE35EFF4DA591B491EC91E92321F461E085E30E941D9661E085E30E949D
:203920002A978CB580618CBD8CB580648CBD61E084E30E942A9761E083E30E942A978091C7
:20394000C10A8F5F8093C10ACFBFCF9108958EBD00000DB407FEFDCF8EB508957F928F9256
:203960009F92AF92BF92CF92DF92EF92FF920F931F93CF93DF9300D000D01F92CDB7DEB70E
:20398000C982EA820B838C836D834E832F8380910D0B882309F4A4C0ACB40E94711C8CB55B
:2039A0008F7D8CBD8CB5837F8CBDCE0101967C0100E080E5982E98E2C92E24E1B22E3AE0C8
:2039C000D32E8981002319F00130A1F48A816C2D0E94A1CB282F892F2295220F220F207C74
:2039E0006B2D0E94A1CB182F892F1295110F107E210F0FC08B81023009F448C0033089F4DB
:203A00008C816B2D0E94A1CB282F892F2295220F207E6D2D0E94A1CB8295807F182F120F38
:203A20003BC0043081F58D8010E0782C710EF70171927F0161E088E40E941D9682E1800F52
:203A40000E94A71C872D0E94A71C60E088E40E941D960F5F073009F0B4CFACBC80E0279641
:203A60000FB6F894DEBF0FBECDBFDF91CF911F910F91FF90EF90DF90CF90BF90AF909F9046
:203A80008F907F900895053049F48E816D2D0E94A1CB182F1295107F892EC7CF063029F613
:203AA0004F81842F692D0E94A1CB282F892F2795222727956C2D0E94A1CB382F842F0E94AC
:203AC000A1CB892F6B2D0E94A1CB182F892F3295330F330F307C1295110F107E130F88CF58
:203AE0008FEFBDCFDC0180E0615090F09D919827E92FEF70F0E0E059F24E2491E92FE2955D
:203B0000EF70F0E0E058F24EE491822F8E27ECCF0895DC012C911196ED91FC91F8948181F1
:203B2000822B81839281322F30959323928387E090E00197F1F781818323818383E290E0F8
:203B40000197F1F790817894EFECF0E03197F1F7922381E009F480E00895FC0190810180CE
:203B6000F281E02D292F209560FF14C0F8948281822382838181892B8183A3E2B0E01197D5
:203B8000F1F78281982B9283789487ED90E00197F1F70895F8948281822382838181892B66
:203BA0008183AFEFB0E01197F1F78281982B928378948FE090E0EBCFDF92EF92FF920F939E
:203BC0001F93CF93DF93EC01D62EE42E08E010E0FF24F39461E08D2D8F2109F460E0CE0123
:203BE0000E94AD1DFF0C01501109A1F7E11010C0F894E981FA819181888180958923818339
:203C0000E981FA81928188818095892382837894DF91CF911F910F91FF90EF90DF90089597
:203C2000EF92FF920F931F93CF93DF938C017B0140E065E50E94DC1DE70188E0E80EF11CE9
:203C4000699140E0C8010E94DC1DCE15DF05C1F7DF91CF911F910F91FF90EF900895FC019F
:203C600090810180F281E02DF8948181292F20958223818378943DE743E050E0315029F1D0
:203C8000DA011197F1F780818923C1F3F8948281822382838181892B81837894ABE7B7E030
:203CA0001197F1F7F894818182238183A3E1B1E01197F1F78081982381E009F080E0789416
:203CC000E3E6F6E03197F1F7089580E00895CF92DF92EF92FF928091A9109091AA100E94D0
:203CE0002F1E40E06CEC8091A9109091AA100E94DC1D4091A01064E48091A9109091AA1051
:203D00000E94DC1D8091A410882309F1E091A3108091A510882319F18091A01081111FC0CD
:203D20000E94BE976B017C018091A9109091AA100E94891D813059F00E94BE976C197D09BA
:203D40008E099F096E3E72408105910568F381E296E1FF90EF90DF90CF900C94786AE950DE
:203D60008EEE92E0E33038F4F0E0EE0FFF1FE15BFC4F808191816C01990FEE08FF0880916E
:203D8000A110882329F060E08091A2100E941D96C701B6010E948B978091A1108823B9F2FB
:203DA00061E08091A2100E941D96D1CF0F931F93CF93DF9300D000D000D0CDB7DEB76CE607
:203DC00078E18AE990E10E940593E091A910F091AA101386158614861286118610861782DB
:203DE00016821582148213821092A7101092A81011E0BE016F5F7F4F8091A9109091AA10C5
:203E00000E948F6A882309F45FC067E0CE0101960E94721D98858913ECCF8091A7108F5F38
:203E20008093A7108981883231F008F044C0803111F08232F1F68091A8108F5F8093A81008
:203E40008091A010811128C08091A9109091AA100E942F1EBE016F5F7F4F8091A91090914D
:203E6000AA100E94101E40E064EB8091A9109091AA100E94DC1D8091A9109091AA100E94C2
:203E8000891D082F8091A9109091AA100E942F1E011102C01093A0108981803199F0CE0177
:203EA00001960E94816B9091A310981708F0A1CF8093A3109ECF8B3309F4BDCF823409F0C9
:203EC00098CFB9CF8CE0EFCF80910202803109F46FC0BE016F5F7F4F82E092E00E940F6B8C
:203EE000882309F465C08D818F3709F461C08FE78D838091A9109091AA100E942F1E62E0A7
:203F000072E08091A9109091AA100E94101E40E06EE48091A9109091AA100E94DC1D40E008
:203F20006B818091A9109091AA100E94DC1D40E06C818091A9109091AA100E94DC1D8091F7
:203F40000202803141F040E06D818091A9109091AA100E94DC1D8091A9109091AA102091D7
:203F6000A610222319F10E942F1E882309F162E072E08091A9109091AA100E94101E4091CE
:203F8000A01068E48091A9109091AA100E94DC1D8091A01081114EC064E170E080E090E01F
:203FA0000E948B978091A9109091AA100E942F1E8CE08093A3108091A710823008F45FC0E2
:203FC00010E08091A710181708F059C08091A3108C3009F454C0E091A910F091AA1013865A
:203FE000158614861286118610861782168215821482138200E0BE016F5F7F4F8091A910CF
:204000009091AA100E948F6A882329F0101761F10F5F101780F78981803179F1CE01019656
:204020000E94816B9091A310981710F48093A3101F5FC7CF8091A110882329F060E08091BA
:20404000A2100E941D9664E170E080E090E00E948B978091A110882309F4A4CF61E0809101
:20406000A2100E941D969ECF67E0CE0101960E94721D98858913CCCFCECF8CE0D3CF10924D
:20408000A41087E69EE10E94786A29960FB6F894DEBF0FBECDBFDF91CF911F910F91089539
:2040A0000F931F93CF93DF93EC018EA10E94F495019711F560E08DA10E941D960E94BE9739
:2040C000AB01BC0188819981AA81BB810D851E852F853889801B910BA20BB30B840F951F5A
:2040E000A61FB71F88839983AA83BB8381E0DF91CF911F910F91089580E0F9CF0F931F93F9
:20410000CF93DF93EC018EA10E94F4950197F1F40E94BE97AB01BC0188819981AA81BB811D
:204120000D851E852F853889801B910BA20BB30B840F951FA61FB71F88839983AA83BB83BF
:204140000E94BE976D877E878F87988B88859985AA85BB850097A105B10571F048815981A5
:204160006A817B81481759076A077B0728F0CE010E94502081E08C87CE010E94961581118B
:2041800003C0CE010E94502088A58F3F59F00E94F495892B39F4CE01DF91CF911F910F913C
:2041A0000C945020DF91CF911F910F9108951F93CF93DF93EC018EA10E94F495892B31F090
:2041C00010E0812FDF91CF911F9108958C858111F7CFCE010E949615182F882389F388A502
:2041E0008F3F79F461E08DA10E941D960E94BE97698B7A8B8B8B9C8B6D877E878F87988B61
:20420000E0CF0E94F4950197D9F6ECCFCF92DF92EF92FF920F931F9385E09FE00E948C1543
:20422000882309F468C08091750E882309F463C08BE39EE00E94F79A0E94BE97C0906C027B
:20424000D0906D02E0906E02F0906F0200916402109165022091660230916702AB01BC0113
:204260004C195D096E097F09041715072607370770F4D701C601800F911FA21FB31F8093EA
:204280006C0290936D02A0936E02B0936F02C090C002D090C102E090C202F090C3020E9477
:2042A000BE9700916C0210916D0220916E0230916F02601B710B820B930B0E94C0C89B015F
:2042C000AC01C701B6010E94BBC887FF0AC083EB9EE01F910F91FF90EF90DF90CF900C9485
:2042E000502083EB9EE01F910F91FF90EF90DF90CF900C94D7201F910F91FF90EF90DF90D2
:20430000CF900895CF92DF92EF92FF920F931F9385E09FE00E948C15882309F468C0809161
:20432000B10E882309F463C087E79EE00E94F79A0E94BE97C0906802D0906902E0906A027C
:20434000F0906B0200916002109161022091620230916302AB01BC014C195D096E097F090B
:20436000041715072607370770F4D701C601800F911FA21FB31F8093680290936902A09388
:204380006A02B0936B02C090BC02D090BD02E090BE02F090BF020E94BE97009168021091D0
:2043A000690220916A0230916B02601B710B820B930B0E94C0C89B01AC01C701B6010E9491
:2043C000BBC887FF0AC08CED9EE01F910F91FF90EF90DF90CF900C9450208CED9EE01F9130
:2043E0000F91FF90EF90DF90CF900C94D7201F910F91FF90EF90DF90CF9008956F3FA9F09A
:20440000E62FE295EF7044E0E49F90011124DC01ED91FC91E20FF31F6F7082819381B6E0CD
:204420006B9F800D911D1124089590E080E00895CF93C82FCB016C2F45960E94FE212FEF7E
:20444000009711F0FC012581BC018C2F922FCF910895982F80336CF08A3324F08F3524F06C
:204460008B3724F481E0089581341CF081E09B350CF080E00895FC018485811114C0A781E5
:20448000B085818592852FEF3FEFA817B90730F4CD010196908787832C9130E037FD20E054
:2044A000238781E08487838508951F93CF93DF93EC01162F0E943B22811306C01C8681E02D
:2044C000DF91CF911F91089580E0FACF0F931F93CF93DF938C01EB018991882369F0C8010E
:2044E0000E943B22882379F0FE013197908198130DC0F8011486F0CF90E080E0DF91CF9167
:204500001F910F91089582E090E0F8CF83E090E0F5CFCF93DF93EC01CE010E943B228B3034
:204520004CF489305CF4882359F081E08E8390E080E00BC08D3011F08032B9F71C86ECCFB4
:204540008E81811105C081E090E0DF91CF91089582E090E0FACFFC01A281B38180819181B5
:2045600030E020E0A817B90738F4CD010196938382836C9321E030E084819581820F931F92
:20458000958384830895CF93DF93FC0182819381EB01460F571FA281B38120813181A2175D
:2045A000B30758F4C417D50741F02991BD016F5F7F4F738362832C93EECFA81BB90B848116
:2045C0009581A80FB91FB583A483DF91CF9108958F929F92AF92BF92CF92DF92EF92FF92A2
:2045E0000F931F93CF93DF93CDB7DEB766970FB6F894DEBF0FBECDBF6C018E01095E1F4F65
:2046000078018AE0882E912CA12CB12CCB01BA01A50194010E9441CA942F852F605DF801FE
:2046200062938F01A901692F782F411551056105710561F7A7014E1B5F0BBF01C6010E9488
:20464000C32266960FB6F894DEBF0FBECDBFDF91CF911F910F91FF90EF90DF90CF90BF90E7
:20466000AF909F908F900895FB0101900020E9F73197AF01461B570B0C94C322CF92DF92F1
:20468000EF92FF920F931F93CF93DF938C016B017A0162E20E94AB22E601EC0CFD1CEC16BF
:2046A000FD0699F06991E8E0F5E0D480DD20C9F0329683816813F9CF6CE5C8010E94AB2235
:2046C0006D2DC8010E94AB22EACF62E2C801DF91CF911F910F91FF90EF90DF90CF900C94A6
:2046E000AB226111EECF6BE175E0C8010E943423D6CFFC01AC014C5F5F4F91E081E021912F
:20470000222319F080E02F3F09F090E04E175F07B1F7811103C081E08927089580E00895A1
:20472000CF93DF931F921F92CDB7DEB72091AA143091AB142115310511F42EEA34E1CE01CE
:204740000196821B930B0F900F90DF91CF91089560913312709134124DEB50E08EE492E013
:204760000C94F7C9CF92DF92EF92FF920F931F93CF93DF93CDB7DEB769970FB6F894DEBFC6
:204780000FBECDBF62E17EE08E010F5F1F4FC8010E943EB08D85883008F086C2198B088B1A
:2047A00088E893E1A0E0B0E08A8B9B8BAC8BBD8BC8010E94C5A9882309F46DC2C8010E9430
:2047C0006491892BA9F350E040E062E275E0CE0140960E942799882309F485C248E255E056
:2047E00066E376E0CE0140960E942799882309F47AC248E255E06BE275E0CE0140960E94E7
:204800002799882309F45EC0CE0140960E94D39848E255E06FE275E0CE0140960E94279954
:20482000882309F441C0CE0140960E94D3986B018B01CB010197069750F4CE0140960E9499
:20484000D398F601E25BFD4FEB54FF4F6083C6010797049750F4CE0140960E94D398F60110
:20486000E25BFD4FE156FF4F6083C6010B97049750F4CE0140960E94D398F601E25BFD4FCD
:20488000E156FF4F60838FE0C81AD108E4E0CE16D10408F0BDCFCE0140960E94D398F801DA
:2048A000E351FD4F6083B4CF86E599E10E94AB6B8DEB9CE00E942C9481E080930A030E94FC
:2048C000A823FFCF62E375E0C8010E94309462E475E0C8010E943094C8010E942C946EE42F
:2048E000E62E69E1F62EF701659174918AE29AE00E9403C66AE27AE0C8010E949F94F2E0DC
:20490000EF0EF11C86E5E81689E1F80661F75EE3E52E59E1F52EF701659174918AE29AE0DA
:204920000E9403C66AE27AE0C8010E949F94E2E0EE0EF11CF4E4EF16F9E1FF0661F740E1C8
:2049400050E060910403C8010E944F94F701659174918AE29AE00E9403C66AE27AE0C8012E
:204960000E949F9440E150E060910503C8010E944F94E6E4F9E1659174918AE29AE00E94A3
:2049800003C66AE27AE0C8010E949F9440E150E060910603C8010E944F94E8E4F9E16591D5
:2049A00074918AE29AE00E9403C66AE27AE0C8010E949F9440E150E060910703C8010E94A6
:2049C0004F94EAE4F9E1659174918AE29AE00E9403C66AE27AE0C8010E949F9440E150E06B
:2049E00060910803C8010E944F94ECE4F9E1659174918AE29AE00E9403C66AE27AE0C80108
:204A00000E949F9440E150E060910903C8010E944F9430E3E32E39E1F32E48E3C42E49E17F
:204A2000D42EF701659174918AE29AE00E9403C66AE27AE0C8010E949F9482E0E80EF11C87
:204A4000CE14DF0471F74AE050E06091F402C8010E944F94E8E3F9E1659174918AE29AE014
:204A60000E9403C66AE27AE0C8010E949F944AE050E06091F502C8010E944F94EAE3F9E150
:204A8000659174918AE29AE00E9403C66AE27AE0C8010E949F944AE050E06091F602C8017A
:204AA0000E944F94ECE3F9E1659174918AE29AE00E9403C66AE27AE0C8010E949F944AE00E
:204AC00050E06091F702C8010E944F94E8E2F9E1659174918AE29AE00E9403C66AE27AE0D8
:204AE000C8010E949F944AE050E06091F802C8010E944F94EAE2F9E1659174918AE29AE0FE
:204B00000E9403C66AE27AE0C8010E949F944AE050E06091F902C8010E944F94ECE2F9E1AA
:204B2000659174918AE29AE00E9403C66AE27AE0C8010E949F944AE050E06091FA02C801D5
:204B40000E944F94EEE2F9E1659174918AE29AE00E9403C66AE27AE0C8010E949F944AE06C
:204B600050E06091FB02C8010E944F94ECE1F9E1659174918AE29AE00E9403C66AE27AE030
:204B8000C8010E949F944AE050E06091FC02C8010E944F94EEE1F9E1659174918AE29AE056
:204BA0000E9403C66AE27AE0C8010E949F944AE050E06091FD02C8010E944F94E0E2F9E112
:204BC000659174918AE29AE00E9403C66AE27AE0C8010E949F944AE050E06091FE02C80131
:204BE0000E944F94E2E2F9E1659174918AE29AE00E9403C66AE27AE0C8010E949F944AE0D8
:204C000050E06091FF02C8010E944F94E4E2F9E1659174918AE29AE00E9403C66AE27AE092
:204C2000C8010E949F942EE0E22E29E1F22EF701659174918AE29AE00E9403C66AE27AE0A4
:204C4000C8010E949F94E2E0EE0EF11CFCE1EF16F9E1FF0661F7E6E2F9E1659174918AE2C9
:204C60009AE00E9403C66AE27AE0C8010E949F9480910A036AE575E0811125C0C8010E9467
:204C80009F9468E675E0C8010E949F946AE575E0C8010E949F9461E070E080E090E00E945B
:204CA0008B97C8010E9443AE69960FB6F894DEBF0FBECDBFDF91CF911F910F91FF90EF9002
:204CC000DF90CF900895C8010E949F9467E975E0C8010E949F9461E675E0C8010E949F944E
:204CE00062EC75E0D0CF62E375E0C8010E94309462E475E0C8010E943094C8010E942C94B4
:204D00009EE4E92E99E1F92EF701659174918AE29AE00E9403C66AE27AE0C8010E949F94D1
:204D200082E0E80EF11CE6E5EE16E9E1FE0661F76EEF75E0C8010E949F946AE575E0C8015C
:204D40000E949F9466E276E0C8010E949F946AE575E0C8010E949F946DE276E0C8010E94F0
:204D60009F944AE050E06091F402C8010E944F9485EFE82E82E0F82E69EE76E0C8010E9447
:204D80009F94F70161917F014AE050E0C8010E944F94F8EFEF16F2E0FF0671F765E376E005
:204DA000C8010E949F946AE575E0C8010E949F946CE376E0C8010E949F946AE575E0C80163
:204DC0000E949F946BE776E0C8010E949F9464E876E0C8010E949F946CEA76E0C8010E9461
:204DE000309459CF2F923F924F925F926F927F928F929F92AF92BF92CF92DF92EF92FF9289
:204E00000F931F93CF93DF93CDB7DEB7ED970FB6F894DEBF0FBECDBF6EEC76E08DEB9CE0E2
:204E20000E949F940E94037081110E94F66F809145109091461090935A1080935910609118
:204E400047107091481040914F1050915010DC01ED91FC9161157105E9F00088F189E02D75
:204E60001995181619066CF18DEF9FEF909397108093961069EE76E08DEB9CE00E94309446
:204E800010928F0A63E577E08DEB9CE00E94309480E056C30684F785E02D21EC34E03A8374
:204EA000298300914B1010914C1020914D1030914E100B831C832D833E83BE016F5F7F4F37
:204EC000CFCF8FE0EAE1F3E0DE015F9601900D928A95E1F7A0903E10B0903F1090904010AF
:204EE0008BEE96E00E94541A6F8F78A389A39AA34091411050914210609143107091441043
:204F0000E0905110F0905210BCA2ABA29DA28FE0FE017F96DE01509601900D928A95E1F785
:204F2000E0918C10F0918D1080918A1090918B1019959501A8EEB3E00E9463CAAB01BC013A
:204F400040937110509372106093731070937410E0918C10F0918D1080918810909189100D
:204F600019951092751086E090E090939510809394100091761010917710C0907A10D0908E
:204F80007B108FE0FE017096DE01119601900D928A95E1F748885988DBAACAAA0C0D1D1D68
:204FA000B2E04B0E511C712C612CEAE04E0E511C611C711CE114F10471F0D7018D919C9164
:204FC000119717962D913C91820F931F0496480E591E611C711CAE01425D5F4FC301B201CA
:204FE0000E94461B029609F407C1EAA9FBA9E017F10709F4CDC280E180838AA99BA901962D
:205000009BAB8AABA3019201B801CE01C2960E94661A009709F0E9C088EF96E00E94541AA6
:205020009B01AC01B801CE01C2960E94491C009709F0DBC0EAA9FBA9E017F10709F4A8C288
:2050400084E08083EAA9FBA99F012F5F3F4F3BAB2AAB492D50E0440F551F842FE114F10431
:2050600089F0D70114968C911497880F880F880F4460842B8F7D16964C91B0E24B9FA001A3
:205080001124842B2017310709F482C281838AA99BA901969BAB8AABA501B801CE01C29669
:2050A0000E94891B009709F0A0C029813A814B815C81B801CE01C2960E94491C009709F035
:2050C00094C0E114F10409F06CC08AA99BA98C199D090E94EA6C009709F087C01DAA1CAA4F
:2050E00042E050E070E060E0CE01C4960E944F6D009709F07AC08CA99DA9029709F068C147
:20510000809178109091791000917C1010917D101BAB0AAB080F191FAE01475C5F4FB8017E
:20512000CE01C2960E94731B009709F05EC089AD807F803209F04CC1AE01425D5F4FB801C8
:20514000CE01C2960E94DC1A009709F04EC08EA59FA5A8A9B9A90297A105B10509F032C1E7
:20516000AE01485C5F4FB801CE01C2960E94731B0097D9F5AE014A5C5F4FB801CE01C296D6
:205180000E94731B009789F58EA9823009F411C1B0F58823F1F1813009F404C186E090E097
:2051A00003C1F7012081318142815381B801CE01C2960E94491C0097C1F4D70117964D91B3
:2051C0005C91B801CE01C2960E94891B009769F4F7012781308541855285B801CE01C296F6
:2051E0000E94251C009709F470CF90939710809396100E94F66F3ECE89EF9FEFF6CF8430E4
:2052000009F4DDC008F4D8C0853041F685E090E0CBC01092951010929410809194109091B1
:205220009510892B09F0D1C0109297101092961011E0109393106DEF76E08DEB9CE00E947B
:20524000309410938F0A0E940370882309F46FC1C0904110D0904210E0904310F090441077
:2052600089E097E00E94541A6AAF7BAF8CAF9DAFE0918C10F0918D10B701A60180918A103F
:2052800090918B101995C0906F10D0907010FFEFCF16DF0609F09FC081E090E09093701071
:2052A00080936F10CC24C394D12CE0907610F090771080907A1090907B109FA68EA6E80C69
:2052C000F91C8AAD9BAD0396B0E0A0E02C013D01E2E04E0E511C611C711CAE01415E5F4F95
:2052E000C301B2010E94461B029609F47CC0EEA5FFA5EE15FF0509F44EC182E880838EA579
:205300009FA501969FA78EA7A3019201B701CE018E960E94661A8C01892B09F0FCC0A60196
:20532000B701CE018E960E94891B8C01892B09F0F2C02AAD3BAD4CAD5DADB701CE018E9623
:205340000E94491C8C01892B09F0E5C0EEA5FFA5EE15FF0509F41FC110828EA59FA50196AC
:20536000881999090E94EA6C8C01892B09F0D3C01FAA1EAA49E050E070E060E0CE01C69680
:205380000E944F6D8C01892B09F0C5C08EA99FA90997B9F10FB6F894DEBF0FBECDBF87EF6A
:2053A0009FEF28C081E090E0909395108093941034CF82E090E0F8CF83E090E0F5CF84E090
:2053C00090E0F2CF88EF9FEF10CF86EF9FEF0DCF87EF9FEF0ACF2FEFC21AD20AD092701044
:2053E000C0926F1062CF0FB6F894DEBF0FBECDBF89EF9FEF90939710809396100E94F66FD4
:2054000096C08091781090917910E0907C10F0907D10FBAAEAAAE80EF91EAE01475C5F4FA4
:20542000B701CE01C2960E94731B8C01892B09F072C089AD807F803909F0ACCFAE01415E41
:205440005F4FB701CE01C2960E94DC1A8C01892B09F061C08F8D98A1A9A1BAA10397A10592
:20546000B10540F40FB6F894DEBF0FBECDBF88EF9FEFC0CFAE014C5C5F4FB701CE01C29683
:205480000E94A11B8C01892B09F045C03E012EE2620E711C6301912C812C80E8282E312C3A
:2054A00092E0492E512C8F8D98A10297881699061CF090E080E065C082E08816910441F193
:2054C000AE01485C5F4FB701CE01C2960E94731B009701F588AD813089F030F08230A1F06D
:2054E000F6013182208203C0D6011D921C92FFEF8F1A9F0A22E0C20ED11CD5CF81E090E0F5
:20550000F60191838083F3CFD6014D925C92EFCF84EF9FEF8C010FB6F894DEBF0FBECDBF84
:205520001093971000939610012B09F067CF46E050E069E277E080E397E00E94177081E031
:20554000ED960FB6F894DEBF0FBECDBFDF91CF911F910F91FF90EF90DF90CF90BF90AF90F7
:205560009F908F907F906F905F904F903F902F900895D3012D913D913D012038310529F091
:20558000019688159905A9F7C6CF05EF1FEFC3CF8FEF9FEF2ACE0FEF1FEFBDCF4F925F9202
:2055A0006F927F928F929F92AF92BF92CF92DF92EF92FF920F931F93CF93DF9300D01F9268
:2055C0001F92CDB7DEB7DC012C912B32E1F12D32D9F50196EE24E394FC01208130ED320FEF
:2055E0003A3010F02E3291F58C0160E070E0CB01F801219130ED832E820E39E0381508F407
:2056000044C06A3949E97407840749E1940708F046C0AAE0B0E09B01AC010E942ECA912C2E
:20562000B12CA12C240135014094509460947094461657066806790690F1680D791D8A1DDC
:205640009B1D8F01D5CF0196E12CC6CF198229813A814B815C816D8170E080E090E00F90CF
:205660000F900F900F900F90DF91CF911F910F91FF90EF90DF90CF90BF90AF909F908F90D6
:205680007F906F905F904F900895211108C0EE2051F161307105810550E89507A0F0F12C39
:2056A000BAE08B2E912CA12CB12C6115710530E883079105F8F0A50194010E9441CACA0171
:2056C000B901F394F2CF22E029839B01AC0188279927DC01821B930BA40BB50B8A839B83B0
:2056E000AC83BD83B4CF23E029836A837B838C839D83ADCFF801D8012D918D0130ED320FF7
:205700003A3010F4F394F6CF2E3201F58F010F5F1F4FF8010F5F1F4F2081A0EDDA2ED20E22
:20572000B9E0BD1598F06C3CECEC7E07ECE08E07910578F7AAE0B0E09B01AC010E942ECA0E
:205740006D0D711D811D911DFA94E3CF20812F7D10E000E0253409F050C021812D32B1F58F
:205760003296CC24C394DF0110E000E02F2D0F2C000C330B5AE0B52EFD01DD9040ED4D0D7A
:205780004A30B0F5B09EA001B19E500D11240D2DDD0C110B00531109040F151FA801420F2D
:2057A000531F4732510544F3CC20B9F080E090E0A0E0B0E8E11003C080E090E0DC0121E092
:2057C00029838A839B83AC83BD8341CF2B3219F03196C12CC8CF3296FCCF80E090E0A0E8D7
:2057E000BFEFE110ECCF80E090E0A0E8BFE7E7CFCC2019F01195019511092081211126CF88
:205800000F0D111DF7FC1A950E94C0C838EAC32E3DE1D32E101611063CF011950195110981
:2058200040E9C42E4DE1D42EF12C0115110591F000FF0CC024E0F29EF0011124EC0DFD1DBB
:2058400025913591459154910E9421C915950795F394EBCFE110905821E029836A837B838D
:205860008C839D83F4CECF93DF9300D01F921F92CDB7DEB7DC011496EC911497E250ED301A
:2058800008F038C0F0E08827E75BF34D8F4F0C94D5CB692C7A2C7E2C812C562C7A2C7A2C99
:2058A0007A2C5D2C7A2C622C7A2C852C6C9170E090E080E00E94C0C82CC06D917D918D91D1
:2058C0009C91F8CF6D917D918D919C910E94C2C820C0CD010E94CE2A3A834B835C836D83AF
:2058E0006A817B818C819D81223081F3233011F3213079F060E070E0CB010BC08D919C914D
:20590000E9CF8D919C910496E5CF6D917D918D919C910F900F900F900F900F90DF91CF91F4
:205920000895AF92BF92CF92DF92EF92FF920F931F93CF93DF93EC018B018C8180FF24C043
:20594000A881B981FB018381948130E020E00097D9F0A817B907D1F5F801608171811296A6
:205960008C911297815012968C93129781110CC08D919C9111972115310529F1F90191833B
:205980008083CD010E94C6138C81807631F1209721F1F8805801F5E1AF0EB11C8FEFF81610
:2059A000D1F06F2DC5010E94FE216C01FC01E580B8010E94912CF801818DF6018083F80122
:2059C000F18EFE2CEBCF94838383DBCF9C01FC0180819181BCCFF882F9821C82DF91CF9102
:2059E0001F910F91FF90EF90DF90CF90BF90AF9008951F93CF93DF93EC01162F6A817B81B1
:205A00006115710589F04C815D81FB0183818417150651F4440F551F4F5F5F4F8881998135
:205A20000E9490139B838A838A819B81009759F02C813D81A9014F5F5F4F5D834C83820F3E
:205A4000931FFC011483DF91CF911F9108959F92AF92BF92CF92DF92EF92FF920F931F93E8
:205A6000CF93DF9300D01F921F92CDB7DEB78C010E943B22D82EF8011486F12CE12C60EF69
:205A8000C62EC8010E943B22F8011486D81609F4B3C0811113C082E090E00F900F900F9045
:205AA0000F900F90DF91CF911F910F91FF90EF90DF90CF90BF90AF909F9008958C3509F098
:205AC00099C0C8010E943B22882329F3E8E0F5E0853709F083C0F801148654E0952EB12CE2
:205AE000A12CC8010E943B228823A9F2813434F48053803130F083E090E0CFCF8F7D8753F3
:205B0000F8CF44E0AA0CBB1C4A95E1F7A82AF80114869A949110E5CFC501985D8115944049
:205B200020F47501F3E0FF22ACCFC5019C5D81159440A8F483E0B822B701762F6627770FFA
:205B4000770F6A297B2990E080E00196603871058105910540F4C8010E94F92C92CFB5011C
:205B600090E080E0F3CF1982262F2F7320682A8326E096958795779567952A95D1F760325E
:205B8000710580F4606C6B835E01E4E0AE0EB11CF50162915F01662309F473CFC8010E9439
:205BA000F92CF6CF262F2F7320682B8386E0769567958A95E1F76031710538F4606E6C837A
:205BC0005E01F5E0AF0EB11CE3CF60686C83CD825E0126E0A20EB11CDBCF3296908199232E
:205BE00009F489CF8913F9CF8181882309F483CFF8011486682FAFCF82819381892B19F470
:205C000084E090E04ACF90E080E047CFAF92BF92CF92DF92EF92FF920F931F93CF93DF9313
:205C200000D01F92CDB7DEB7DC0112962D913C9113972C5F3F4F14964D915C9144305105B8
:205C400080F57901D901E0E0142F022FFA2FF21BF11730F4DD90F1E0D110F0E0EF2BF6CF17
:205C6000E1111FC082E0FB0184838E2D801B811728F4D7018D917D018193F7CF640F751F8F
:205C8000FB0110820F900F900F900F90DF91CF911F910F91FF90EF90DF90CF90BF90AF9070
:205CA00008957B018C01420F531FDA011C92FC01C080D180A480B5803A832983AB828B2DBD
:205CC0008F778C83BE016F5F7F4FC60103960E94CD110097D9F4D80112966D917C91A501DE
:205CE000C6010E949013D801ED91FC9123813481DC012D933C9394838383F80113821282B0
:205D000025E0F701248391838083BCCFDC0112962C9112972F5F12962C93F2CFBF92CF92EA
:205D2000DF92EF92FF920F931F93CF93DF93EC01198D1F3F81F0612F45960E94FE21FC012D
:205D40008081898F309709F477C014828FEF8583BF01812F76C06C0135E0C30ED11CE880C5
:205D6000F9808F89882341F0C6010E94F411E62FF72F182F309749F71F89988D191324C0E2
:205D8000103109F459C0110F6D897E89D701ED91FC91B4E01B9FA0011124C616D70609F0D6
:205DA00044C00190F081E02DBA01C7011995009709F442C020E1F601DC0101900D922A9545
:205DC000E1F79E8B8D8B188F0D891E898F8921E0280F2F8BE4E08E9FC0011124080F191F86
:205DE00090E1B92E203111F48FE0B82EF6E0BF9EB0011124D701ED91FC910190F081E02D95
:205E0000C7011995F80193838283892B09F4B12CD801BC9211961C92012B71F0C6010E94F8
:205E2000F411E62FF72F182F8DCF0480F581E02DC7011995009729F681E08A8360E070E04E
:205E40008FEFDF91CF911F910F91FF90EF90DF90CF90BF9008951F93CF93DF93EC01CB019D
:205E60001B81612F45960E94FE21998388831A83009719F0FC0185818B83DF91CF911F9165
:205E80000895AF92BF92CF92DF92EF92FF920F931F93CF93DF93CDB7DEB762970FB6F89464
:205EA000DEBF0FBECDBF7C015A01FB018FEF30E020E03097B9F08701B70180810E941822FD
:205EC0006F83788789879A87FC86EB8686E0FE013796DE01119601900D928A95E1F72F811E
:205EE000388589853A8329838B831E830D8386E0FE013196DE01179601900D928A95E1F750
:205F000086E0FE013796DE011D9601900D928A95E1F7750110E000E08D859E850097A1F0F3
:205F20000C30110589F00F5F1F4F0E94332CF70161937193819391937F0169897A89CE014D
:205F40000D960E942B2FE8CFC80162960FB6F894DEBF0FBECDBFDF91CF911F910F91FF9034
:205F6000EF90DF90CF90BF90AF900895FC0130E020E06115710549F0DB010D900020E9F7FE
:205F80009D0121503109261B370B718360832283832F8F7793819078982B40FB97F9938341
:205FA0000895CF93DF9300D01F92CDB7DEB7FC018481843061F08530E1F040E0BF018230B7
:205FC00049F060E070E080E090E090680BC06081718141E0CE0101960E94B62F69817A819F
:205FE0008B819C810F900F900F900F90DF91CF91089580819181FC01238130E00496BC0174
:20600000C9019F779F77EECF7F928F929F92AF92BF92CF92DF92EF92FF920F931F93CF933E
:20602000DF9300D01F92CDB7DEB75B0189016A01452B09F451C0B901FC0180810E941822F1
:2060400069837A838B839C83FF24F3947724739489819A810097F1F1FF20A9F10E94D12FE5
:20606000362F272FAC015F774A155B0561F5B601832F922F0E94EDC5892B29F5EC80898107
:206080009A812B8189839A832B83EC8289819A81009739F0B801CE0101960E942B2F8981EA
:2060A0009A810F900F900F900F90DF91CF911F910F91FF90EF90DF90CF90BF90AF909F9090
:2060C0008F907F900895F724B801CE0101960E942B2FBECF2FEFD6CF2FEF90E080E0D2CFE0
:2060E0000F931F93CF93DF93EC018B01CB010E940AC69C018E8D8032A9F4CE014A96A80162
:20610000B90130E020E0009721F09E010E9404309C0181E0232B09F480E0DF91CF911F916F
:206120000F91089590E080E0EACFFC0120813181C9014A964281538164817581009759F04D
:20614000D9015E96EC91E03211F090E080E0009711F00C94043090E080E00895CF93DF9364
:20616000FC01C081D1810E949530009761F0FC012481203441F4382F292F632F722FCE0154
:20618000DF91CF91089530E020E0F7CF0E949530009711F00C94467390E080E008950E9455
:2061A0009530009711F00C94332C60E070E0CB010895CF93DF93EC01CB01CF3FD10509F020
:2061C000B0F4BE016B5F7F4F6C177D0780F0DC01ED91FC910190F081E02D1995009721F000
:2061E000FC01C38321E02283DF91CF91089590E080E0FACF2F923F924F925F926F927F923A
:206200008F929F92AF92BF92CF92DF92EF92FF920F931F93CF93DF9300D01F92CDB7DEB7F4
:20622000FC01808191819C838B834A96E1F4912C812CB4018B819C810F900F900F900F90A8
:20624000DF91CF911F910F91FF90EF90DF90CF90BF90AF909F908F907F906F905F904F908A
:206260003F902F9008952280338044805580A280B380A114B104D9F2EB81FC81268D2111AD
:2062800035C020E2268F2FEF228F238F2B813C81B201A5010E9404304C01892B51F68B81E5
:2062A0009C810E948E2E8A836B01672B11F28B819C810E948E2E89833B01672B09F4B9CF6F
:2062C0007201F4E04F16510408F03EC090E080E020E0342D831768F4F501E80FF91FE49126
:2062E00041E0E11140E0242B0196F4CF203271F29ECF211129C082E0F6018483D60190E0DE
:2063000080E0831738F4F501E80FF91FE491ED930196F7CFF601EE0DFF1D10822981F601BF
:206320002583EB81FC81638D6F3F09F440C0CF0145960E94FE212A81FC0125832981EB815F
:20634000FC81238F430175CFEB81FC810381148101151105C1F1F80183818E151F0441F4AE
:20636000A701B501C80104960E94EDC5892B31F1F80100811181ECCFA701B501C8010496AA
:206380000E94FAC5F801EE0DFF1D1482EB81FC8183819481F80191838083EB81FC81148364
:2063A000038385E0F601848311830083B7CF2A81EB81FC81228F8981838FC4CFF801828167
:2063C0008F5F8283EECFEB81FC8160817181C7010E94D9308C01892B79F681E0EB81FC81E4
:2063E000828327CFCF92DF92EF92FF92CF93DF937B010E94FA30DC01CB01EB010097B1F0D5
:20640000F701C080D180E280F380BD010E94912C8EE08C83C882D982EA82FB8281E0DF9125
:20642000CF91FF90EF90DF90CF90089580E0F7CF0F931F93CF93DF938B010E94FA30DC0100
:20644000CB01EB010097A9F0F8011081BD010E94912C8AE08C83812F90E0B0E0A0E08883F9
:206460009983AA83BB8381E0DF91CF911F910F91089580E0F9CFCF92DF92EF92FF92CF9309
:20648000DF937B010E94FA30DC01CB01EB010097B1F0F701C080D180E280F380BD010E94B7
:2064A000912C8AE08C83C882D982EA82FB8281E0DF91CF91FF90EF90DF90CF90089580E00E
:2064C000F7CF0F931F93CF93DF938B010E94FA30DC01CB01EB010097B1F0F801008111819D
:2064E000BD010E94912C8CE08C83012E000C220B330B088319832A833B8381E0DF91CF919B
:206500001F910F91089580E0F9CFCF92DF92EF92FF920F931F93CF93DF93CDB7DEB7AA9700
:206520000FB6F894DEBF0FBECDBF10920F0A10920E0A85E09FE00E948C1540E8849F90019C
:20654000112480910F0A822B80930F0A8CED9EE00E948C1590E4899F9001112480910F0A3D
:20656000822B80930F0A83EB9EE00E948C15E0E28E9F9001112480910F0A822B80930F0A5B
:206580008CED9EE00E949615F0E18F9F9001112480910F0A822B80930F0A83EB9EE00E9461
:2065A000961590910F0A2091BF0E922B20918E0A44E0249F90011124292B9091E80E990FB2
:2065C000922BE8E08E9F90011124922B90930F0A8091B10EF0E88F9FC00111242091750E4A
:2065E00040E4249F90011124822B90910E0A892B2091510290E2299F90011124822B2091F2
:206600005202E0E12E9F90011124822B80930E0A87E10E94F49533E0880F991F3A95E1F75E
:206620009C012870332780910E0A822B80930E0A88E10E94F495880F991F880F991F9C01FB
:206640002470332780910E0A822B80930E0A8CE10E94F495880F991F9C01227033278091CA
:206660000E0A822B80930E0A8DE10E94F4959C012170332780910E0A822B80930E0A0E9466
:206680000370811102C00E94F2260E940370882309F4D8C18E010F5F1F4FC8010E946813D2
:2066A00020E030E048EC52E46091C4027091C5028091C6029091C7020E9421C90E9451CBD4
:2066C00078A76FA348EF50E1B801CE0181960E94BF15BE01695D7F4FCE0181960E9461329E
:2066E00020E030E048EC52E46091C8027091C9028091CA029091CB020E9421C90E9451CB84
:2067000078A76FA345EF50E1B801CE0181960E94BF15BE01695D7F4FCE0181960E94613260
:2067200020E030E048EC52E46091D0027091D1028091D2029091D3020E9421C90E9451CB23
:2067400078A76FA341EF50E1B801CE0181960E94BF15BE01695D7F4FCE0181960E94613224
:206760006091CC027091CD028091CE029091CF020E9451CB78A76FA34DEE50E1B801CE01D4
:2067800081960E94BF15BE01695D7F4FCE0181960E9461326091050F7091060F8091070FBC
:2067A0009091080F28EEC22E23E0D22EE12CF12CA70196010E9441CA2FA338A749A75AA7E0
:2067C00046EE50E1B801CE0181960E94BF15BE01695D7F4FCE0181960E943B326091DC0E1C
:2067E0007091DD0E8091DE0E9091DF0EA70196010E9441CA2FA338A749A75AA740EE50E1B5
:20680000B801CE0181960E94BF15BE01695D7F4FCE0181960E943B326091B30E7091B40EA6
:206820008091B50E9091B60EA70196010E9441CA2FA338A749A75AA749ED50E1B801CE0122
:2068400081960E94BF15BE01695D7F4FCE0181960E943B32BE01655E7F4FC8010E946B8DB0
:2068600040E15BE0FA0101900020E9F7AF0141515B4060E17BE087E697E00E941770C801E1
:206880000E94D0130E940370882309F4E6C08E010F5F1F4FC8010E946813C090DC02D09031
:2068A000DD02E090DE02F090DF028CED9EE00E9437119B01AC01C701B6010E9472CA0E941F
:2068C00051CB78A76FA34EEA50E1B801CE0181960E94BF15BE01695D7F4FCE0181960E9412
:2068E0006132C090E002D090E102E090E202F090E30283EB9EE00E9437119B01AC01C701F0
:20690000B6010E9472CA0E9451CB78A76FA349EA50E1B801CE0181960E94BF15BE01695DF5
:206920007F4FCE0181960E94613246EA50E1B801CE0181960E94BF156FE07AE0CE01819669
:206940000E94183242EA50E1B801CE0181960E94BF156EE07AE0CE0181960E94183220E05F
:2069600030E048EC52E46091D4027091D5028091D6029091D7020E9421C90E9451CB78A7B2
:206980006FA34EE950E1B801CE0181960E94BF15BE01695D7F4FCE0181960E946132609109
:2069A000D8027091D9028091DA029091DB020E9451CB78A76FA349E950E1B801CE01819645
:2069C0000E94BF15BE01695D7F4FCE0181960E946132BE01655E7F4FC8010E946B8D40E1FF
:2069E0005BE0FA0101900020E9F7AF0141515B4060E17BE089E897E00E941770C8010E94DB
:206A0000D01387E690E10E94AB6B0E9490230E94127385E690E10E94AB6B6DEF7DE08DEBBC
:206A20009CE00E94A194AA960FB6F894DEBF0FBECDBFDF91CF911F910F91FF90EF90DF90DF
:206A4000CF90089584EB90E10E94AB6B6DEF7DE08DEB9CE00E94A19415CF84E790E10E94BC
:206A6000AB6B6DEF7DE08DEB9CE00E94A194C9CF2F923F924F925F926F927F928F929F921C
:206A8000AF92BF92CF92DF92EF92FF920F931F93CF93DF93CDB7DEB7AE970FB6F894DEBF0C
:206AA0000FBECDBF0E940370811102C00E94F2260E940370882309F4ACC48E010F5F1F4FC2
:206AC000C8010E94681340E752E1B801CE0181960E94BF15CE0181960E94FA302B013C0146
:206AE0004B01672BD1F11C01C0903610D0903710A0903210B0903310BC01C2010E94912CC8
:206B0000A114B10451F17601E894F7F884E0E816F10408F03BC4F501D50180E09C2D3A2D3D
:206B20002A2F2A19291730F44D9121E0411120E0822BF6CF81112AC482E0D40114968C9332
:206B4000D2018E2F831B891718F481918D93F9CFDD244C0C5D1CF2011082809153028BA772
:206B60004BE652E1B801CE0181960E94BF15BE01655D7F4FCE0181960E9418328091540214
:206B80008BA747E652E1B801CE0181960E94BF15BE01655D7F4FCE0181960E94183280911C
:206BA00055028BA741E652E1B801CE0181960E94BF15BE01655D7F4FCE0181960E941832BC
:206BC000809156028BA74CE552E1B801CE0181960E94BF15BE01655D7F4FCE0181960E94CA
:206BE0001832809157028BA747E552E1B801CE0181960E94BF15BE01655D7F4FCE01819606
:206C00000E941832609158027091590280915A0290915B023CE3C32ED12CE12CF12CA70117
:206C200096010E9441CA2BA741E552E1B801CE0181960E94BF15BE01655D7F4FCE0181969B
:206C40000E94183260915C0270915D0280915E0290915F02A70196010E9441CA2BA74AE4BA
:206C600052E1B801CE0181960E94BF15BE01655D7F4FCE0181960E941832BE01655E7F4F5B
:206C8000C8010E946B8D40E15BE0FA0101900020E9F7AF0141515B4060E17BE08BEA97E044
:206CA0000E941770C8010E94D0130E9483710E940370882309F4B8C38E010F5F1F4FC8015B
:206CC0000E9468136091600270916102809162029091630220E6C22E2AEED22EE12CF12CAD
:206CE000A70196010E9441CA2BA740E252E1B801CE0181960E94BF15BE01655D7F4FCE014E
:206D000081960E94183260916402709165028091660290916702A70196010E9441CA2BA7F0
:206D20004AE152E1B801CE0181960E94BF15BE01655D7F4FCE0181960E94183220E030E0AF
:206D400048EC52E4609170027091710280917202909173020E9421C90E9451CB7CA76BA758
:206D600045E152E1B801CE0181960E94BF15BE01655D7F4FCE0181960E94613260917402D4
:206D80007091750280917602909177020E9451CB7CA76BA74FE052E1B801CE0181960E94C2
:206DA000BF15BE01655D7F4FCE0181960E94613220E030E048EC52E460918402709185021C
:206DC00080918602909187020E9421C90E9451CB7CA76BA74BE052E1B801CE0181960E9452
:206DE000BF15BE01655D7F4FCE0181960E94613220E030E048EC52E46091800270918102E4
:206E000080918202909183020E9421C90E9451CB7CA76BA747E052E1B801CE0181960E941D
:206E2000BF15BE01655D7F4FCE0181960E94613220E030E048EC52E46091780270917902B3
:206E400080917A0290917B020E9421C90E9458CB6BA741E052E1B801CE0181960E94BF153B
:206E6000BE01655D7F4FCE0181960E94183220E030E048EC52E460917C0270917D02809177
:206E80007E0290917F020E9421C90E9458CB6BA74BEF51E1B801CE0181960E94BF15BE012D
:206EA000655D7F4FCE0181960E941832BE01655E7F4FC8010E946B8D40E15BE0DA010D90E9
:206EC0000020E9F7AD0141515B4060E17BE08CEC97E00E941770C8010E94D0130E9483713F
:206EE0000E940370882309F4AAC28E010F5F1F4FC8010E94681320E030E048EC52E46091AD
:206F000088027091890280918A0290918B020E9421C90E9451CB7CA76BA743ED51E1B80176
:206F2000CE0181960E94BF15BE01655D7F4FCE0181960E94613280918C0290918D02A0910B
:206F40008E02B0918F028BA79CA7ADA7BEA74EEC51E1B801CE0181960E94BF15BE01655D9F
:206F60007F4FCE0181960E94F2318091900290919102A0919202B09193028BA79CA7ADA7DD
:206F8000BEA749EC51E1B801CE0181960E94BF15BE01655D7F4FCE0181960E94F231809105
:206FA000940290919502A0919602B09197028BA79CA7ADA7BEA743EC51E1B801CE018196B2
:206FC0000E94BF15BE01655D7F4FCE0181960E94F2318091980290919902A0919A02B091CC
:206FE0009B028BA79CA7ADA7BEA74DEB51E1B801CE0181960E94BF15BE01655D7F4FCE0129
:2070000081960E94F23180919C0290919D02A0919E02B0919F028BA79CA7ADA7BEA747EB12
:2070200051E1B801CE0181960E94BF15BE01655D7F4FCE0181960E94F2318091A00290913B
:20704000A102A091A202B091A3028BA79CA7ADA7BEA741EB51E1B801CE0181960E94BF1531
:20706000BE01655D7F4FCE0181960E94F231BE01655E7F4FC8010E946B8D40E15BE0FA010C
:2070800001900020E9F7AF0141515B4060E17BE08DEE97E00E941770C8010E94D0130E94DB
:2070A00083710E940370882309F4D4C18E010F5F1F4FC8010E9468138091A4029091A502BA
:2070C000A091A602B091A7028BA79CA7ADA7BEA747E851E1B801CE0181960E94BF15BE018A
:2070E000655D7F4FCE0181960E94F2318091A8029091A902A091AA02B091AB028BA79CA78E
:20710000ADA7BEA742E851E1B801CE0181960E94BF15BE01655D7F4FCE0181960E94F2314B
:207120008091AC029091AD02A091AE02B091AF028BA79CA7ADA7BEA74DE751E1B801CE01D1
:2071400081960E94BF15BE01655D7F4FCE0181960E94F2318091B0029091B102A091B2022C
:20716000B091B3028BA79CA7ADA7BEA747E751E1B801CE0181960E94BF15BE01655D7F4F27
:20718000CE0181960E94F2318091B4029091B502A091B602B091B7028BA79CA7ADA7BEA794
:2071A00041E751E1B801CE0181960E94BF15BE01655D7F4FCE0181960E94F2318091B8029B
:2071C0009091B902A091BA02B091BB028BA79CA7ADA7BEA74BE651E1B801CE0181960E9416
:2071E000BF15BE01655D7F4FCE0181960E94F231BE01655E7F4FC8010E946B8D40E15BE0B2
:20720000DA010D900020E9F7AD0141515B4060E17BE08EE098E00E941770C8010E94D01322
:207220000E9483710E940370882309F41EC18E010F5F1F4FC8010E9468136091E4027091F3
:20724000E5028091E6029091E7020E9458CB6BA741E451E1B801CE0181960E94BF15BE0142
:20726000655D7F4FCE0181960E9418326091E8027091E9028091EA029091EB020E9458CB15
:207280006BA74BE351E1B801CE0181960E94BF15BE01655D7F4FCE0181960E941832809135
:2072A000EC029091ED02A091EE02B091EF028BA79CA7ADA7BEA746E351E1B801CE01819655
:2072C0000E94BF15BE01655D7F4FCE0181960E94F2318091F0029091F102A091F202B091C1
:2072E000F3028BA79CA7ADA7BEA740E351E1B801CE0181960E94BF15BE01655D7F4FCE01E3
:2073000081960E94F231BE01655E7F4FC8010E946B8D40E15BE0FA0101900020E9F7AF0146
:2073200041515B4060E17BE08FE298E00E941770C8010E94D0138EEF90E10E94AB6B0E94DC
:2073400090230E9412738CEF90E10E94AB6B6DEF7DE08DEB9CE00E94A194AE960FB6F89496
:20736000DEBF0FBECDBFDF91CF911F910F91FF90EF90DF90CF90BF90AF909F908F907F9030
:207380006F905F904F903F902F900895D101CD90DC90B8A6AFA2E9A68F2D8F778AA7BE016A
:2073A000695D7F4FC30103960E94CD11009761F0FC0122812F5F228325E0D40114962C935E
:2073C00014978D939C93C9CBB601C7010E94D930009729F481E0D10112968C93BECBEFA12E
:2073E000F8A5DC011496AF014E0D5F1DE417F50719F021912D93FACFFC01EE0DFF1D1482FD
:20740000F10123813481DC012D933C9394838383D3CF85E292E10E94AB6B6DEF7DE08DEB33
:207420009CE00E94A19441CC86ED91E10E94AB6B6DEF7DE08DEB9CE00E94A1944FCD8CE83B
:2074400091E10E94AB6B6DEF7DE08DEB9CE00E94A19425CE86E491E10E94AB6B6DEF7DE03E
:207460008DEB9CE00E94A194DBCE8BE091E10E94AB6B6DEF7DE08DEB9CE00E94A1945BCF55
:207480004F925F926F927F928F929F92AF92BF92CF92DF92EF92FF920F931F93CF93DF9318
:2074A000CDB7DEB769970FB6F894DEBF0FBECDBF4B0129013A01AB8ABC8ACD8ADE8AEF8A08
:2074C000F88E098FCDB6DEB60E891F89A88CB98CC90101962DB73EB7281B390B0FB6F894AD
:2074E0003EBF0FBE2DBF8DB79EB701967C01A201B3010E94F3CC4E0C5F1CD2011C92011505
:20750000110521F0F801EA0DFB1D1082D4011496ED91FC911597309739F19501A801B7018C
:207520008D919C9119950FB6F894DEBE0FBECDBE0FB6F894DEBE0FBECDBE69960FB6F89478
:20754000DEBF0FBECDBFDF91CF911F910F91FF90EF90DF90CF90BF90AF909F908F907F904E
:207560006F905F904F900895F40182819381892BD1F2B701CE0107960E94BC936AE175E069
:20758000CE010D960E94BC930115110529F1B801CE0101960E94BC938D859E85009789F1EC
:2075A00069817A816115710551F123EA3DE8232B31F14F8558892D813E8142175307F8F059
:2075C0000E9417CD8D819E819A8B898B1E821D82CE0101960E946C93D4011296ED91FC91F1
:2075E000BE01635F7F4FCE0107961995CE010D960E946C93CE0107960E946C9394CF0E94FD
:20760000C0C489819A819E878D878B819C81988B8F878D819E819A8B898B1A8219821C82EB
:207620001B82D4CFEF92FF920F931F93CF93DF93CDB7DEB72C970FB6F894DEBF0FBECDBFAD
:207640007C018B0169E077E0CE0107960E94BC93F701248135818B859C852817390709F028
:2076600044C0BE01695F7F4FC7010E943A92892BE1F5B801CE0101960E94B393CE01019684
:207680000E943C7CF82ECE0101960E946C93FF20E9F185EB9FE00E94AB6BB8018DEB9CE016
:2076A0000E94A1946DEF7DE08DEB9CE00E94A1948DE79FE00E94AB6B0E9490230E94127348
:2076C00089E69FE00E94AB6B409130105091311070E060E02AE08DEB9CE00E94E0936DEFD2
:2076E0007DE08DEB9CE00E94A194CE0107960E946C932C960FB6F894DEBF0FBECDBFDF91DC
:20770000CF911F910F91FF90EF90089587E89FE00E94AB6BC7CF3F924F925F926F927F921D
:207720008F929F92AF92BF92CF92DF92EF92FF920F931F93CF93DF93CDB7DEB7EA970FB6FA
:20774000F894DEBF0FBECDBF7C012A013B0169010E94BE974B015C0187010D5B1F4FC80192
:207760000E945AAD181619069CF00E94BE97681979098A099B09461657066806790608F4B4
:2077800066C162E370E080E090E00E948B97E7CF42E250E0BE016F5F7F4FC8010E9411AD0B
:2077A00089818230D1F0312C832DEA960FB6F894DEBF0FBECDBFDF91CF911F910F91FF90C9
:2077C000EF90DF90CF90BF90AF909F908F907F906F905F904F903F900895F8018489958914
:2077E0008334910501F76D817E818F8198850E94DDCB4B015C01F60180829182A282B382D2
:2078000046E050E0B701685F7F4FCE014D960E94E6CC892B41F6F70180819181A281B38172
:2078200088169906AA06BB0608F4BDCF84819581A681B78188159905AA05BB0508F4B3CF70
:2078400089899A89AB89BC8986879787A08BB18B4EEC50E070E060E0C8010E9411AD312C68
:20786000C701829698AB8FA7F701B696FAABE9AB08969CAB8BAB67019AE1C90ED11CBD961D
:20788000FEABEDABC701429698AF8FABFD97FAAFE9AF4701FEE18F0E911CF801818D928D1A
:2078A000181619060CF080CFC8010E9430AD8333910509F4B2C014F58130910509F464C0BC
:2078C00044F4892B51F3C8010E9430ADAC01552775C08330910509F462C00697A1F7C8016C
:2078E0000E9430ADB82E44E050E0B401C8010E9411ADEB2DE450FF0BAF0160C08A33910578
:2079000009F45FC084F585339105B1F1C697D9F6C8010E9430AD5C01B601CE0189960E94CA
:20792000AF948BA59CA5ADA5BEA5892B8A2B8B2BB1F0EDA9FEA94080518062807380B601C4
:20794000CE0183960E94AF948DA19EA1AFA1B8A5A501481659066A067B0609F0B8CF44E048
:2079600050E0B60118C08B33910509F440C08F3F910509F492CFA7CFC8010E9430ADC801AE
:207980000E9430AD382E89CFC8010E9430AD44E050E06FA978ADC8010E9411AD7ECFC80192
:2079A0000E9430ADB82E44E050E069AD7AADC8010E9411AD8B2D8450990BAC0170E060E03B
:2079C000EACFC8010E9430AD44E050E069A97AA9C8010E9411ADF70166A177A180A591A582
:2079E0000E94DDCB66A377A380A791A756CFC8010E9430AD44E050E06BA97CA9C8010E9456
:207A000011ADF70162A573A584A595A50E94DDCB62A773A784A795A740CFC8010E9430AD03
:207A200044E050E06FA578A9C8010E9411ADF70162A173A184A195A10E94DDCB62A373A3C5
:207A400084A395A366A777A780AB91AB26CF33243A94AACE4F925F926F927F928F929F926D
:207A6000AF92BF92CF92DF92EF92FF920F931F93CF93DF93CDB7DEB7C454D1090FB6F8940C
:207A8000DEBF0FBECDBF8091C00A811121C268EB72E280E79DE00E94B5AF0E94BE97AB016C
:207AA000BC012AE030E08DEB9CE00E9442946DEC78E08DEB9CE00E949F9465E573E08DEBF4
:207AC0009CE00E949F946AE38DEB9CE00E94569460E28DEB9CE00E94569460E578E08DEBB1
:207AE0009CE00E943094E0E9FAE080E3DF011D928A95E9F783EE8093900A86E08093920ADD
:207B00008CEE8093930A81E380939C0A9EE490939D0A80939E0A84E380939F0A81EC94E013
:207B20009A83898380918D0D90918E0DA0918F0DB091900D8B839C83AD83BE834BE750E00A
:207B40008E010F5F1F4FB80180E79DE00E94F8AA40E350E060E97AE080E79DE00E9490AA23
:207B600080E79DE00E9407B00E94BE976B017C010E94BE976C197D098E099F09653F714052
:207B80008105910508F0BCC180E79DE00E945AAD009771F3C09709F0B3C10E94BE97AB0165
:207BA000BC012AE030E08DEB9CE00E9442946DEC78E08DEB9CE00E949F9465E573E08DEBF3
:207BC0009CE00E949F946AE38DEB9CE00E94569460E28DEB9CE00E9456946AE778E08DEBA4
:207BE0009CE00E94309440E350E060E97AE080E79DE00E9411AD8090B80A9090B90A9824F8
:207C000089249824B12CA12C5401992488248091BA0A9091BB0A982789279827B0E0A0E09A
:207C200088299929AA29BB294C015D0120E6821A22E6920A2AEAA20A23E8B20A1CAA1BAA17
:207C40001EAA1DAA18AE1FAA2AE0A801C501B4010E941EC6B801CE01C3960E944B936FE999
:207C600078E0C8010E94BC93BE016D5C7F4FC8010E94F292BC01CE01CF960E94B393C8010B
:207C80000E946C93CE01C3960E946C930E94BE97AB01BC012AE030E08DEB9CE00E94429494
:207CA0006DEC78E08DEB9CE00E949F9465E573E08DEB9CE00E949F946AE38DEB9CE00E9401
:207CC000569460E28DEB9CE00E945694CE01CF960E940173C501B4010E94679E0E94869FC5
:207CE0000E94CC9F50902B120E94CFA0782E692E0E94D7A0D82EC92E0E94869F0E94CC9F22
:207D0000E0902F120E94869F0E94CC9FF09030120E94C5A01F925F926F927F92CF92DF928F
:207D20001F92EF921F92FF929F938F938BEA98E09F938F931F930F930E941ECDB801CE01D1
:207D4000C9960E94BC9369EC78E0CE01C3960E94BC93BE01675C7F4FCE01C3960E94F2926F
:207D6000BC01CE01CF960E945593CE01C3960E946C93CE01C9960E946C930E94BE97AB014D
:207D8000BC012AE030E08DEB9CE00E9442946DEC78E08DEB9CE00E949F9465E573E08DEB11
:207DA0009CE00E949F946AE38DEB9CE00E94569460E28DEB9CE00E945694CE01CF960E940D
:207DC000017381E08093C00AC501B4010E94CC9FC0902B12C501B4010E94CC9FE0902C12A6
:207DE000C501B4010E94CC9F00912D12C501B4010E94CC9F109131121E54C501B4010E9430
:207E0000CC9FD0903012C501B4010E94CC9FF0902E12C501B4010E94CC9F212F4D2D6F2D1F
:207E200080912F120E94AE1CC501B4010E94CC9FC0902B12D12CF12CE12CC501B4010E942B
:207E4000CC9F40902C12512C712C612CC501B4010E94CC9F80902D12912CB12CA12C6BE673
:207E60007DE1CE01C3960E94AA93B501A401CE01C3960E949072CE01C3960E946C9366E661
:207E80007DE1CE01C3960E94AA93B301A201CE01C3960E949072CE01C3960E946C9361E64A
:207EA0007DE1CE01C3960E94AA93B701A601CE01C3960E949072CE01C3960E946C93CE019A
:207EC000CF960E946C930FB6F894DEBF0FBECDBFCC5BDF4F0FB6F894DEBF0FBECDBFDF9149
:207EE000CF911F910F91FF90EF90DF90CF90BF90AF909F908F907F906F905F904F900895A1
:207F00000E94BE97AB01BC012AE030E08DEB9CE00E9442946DEC78E08DEB9CE00E949F9401
:207F200065E573E08DEB9CE00E949F946AE38DEB9CE00E94569460E28DEB9CE00E9456944C
:207F400060ED78E08DEB9CE00E943094C1CF2F923F924F925F926F927F928F929F92AF9289
:207F6000BF92CF92DF92EF92FF920F931F93CF93DF93CDB7DEB7CB5DD1090FB6F894DEBF9B
:207F80000FBECDBF7C012DB73EB7C652DF4F39832883CA5DD040CE01805B9F4F0E94681399
:207FA000D7011496CD90DC9015970D911C9162966EAD7FAD629780E590E08C0F9D1F059680
:207FC0000E94201263961FAE63976296AEACBFAC629765968EAD9FAD6597009759F0FC01FC
:207FE0002081318165963FAF2EAF6597B5010E94C613EFCFAF961FAEAF9720E530E02C0FD5
:208000003D1F3A8329831C821B821E821D821F82198708870C0D1D1D1B870A871D863F8762
:208020002E874AE0B901665E7F4FCE0101960E94E6738C01892B51F48C85882339F0AF9604
:208040008FADAF9783FF02C003E010E08B819C81009731F0E981FA81608171810E94C61373
:208060000115110509F43BC080E598E10E94AB6BF801EE0FFF1FED58FD4E859194910E94C5
:20808000AB6B8DEB9CE00E942C94CE01805B9F4F0E94D013C652DF4FA881B981CA5DD04077
:2080A0000FB6F894BEBF0FBEADBFC552DF4F0FB6F894DEBF0FBECDBFDF91CF911F910F910D
:2080C000FF90EF90DF90CF90BF90AF909F908F907F906F905F904F903F902F90089582E37C
:2080E00098E10E94AB6B8DEB9CE00E942C940E94BE97AB01BC012AE030E08DEB9CE00E94E9
:2081000042946DEC78E08DEB9CE00E949F9463E373E08DEB9CE00E949F946AE38DEB9CE06C
:208120000E94569460E28DEB9CE00E945694C7010E9401736AE278E1CE01805B9F4F0E9434
:208140007030882399F142E258E1BE01605B7F4FCE0101960E94BF15CE0101960E94CF30C2
:20816000609388027093890280938A0290938B028BE098E10E94AB6B609188027091890202
:2081800080918A0290918B020E94D46B87E098E10E94AB6B8DEB9CE00E942C9490E080E0F5
:2081A0000E948532CE01805B9F4F72CF6FEF77E1CE01805B9F4F0E947030882309F48EC106
:2081C00047EF57E1BE01605B7F4FCE0180599F4F0E94BF15CE0180599F4F0E94AE30AE0118
:2081E0004F5F5F4F0E94412F6C0184EE97E10E94AB6BC6010E94127381ED97E10E94AB6B76
:20820000CE0101967C018C01B12CA12CAC14BD04E4F4D8016D917D918D919C910E94D46BDA
:208220008FEC97E10E94AB6BF80164817581868197810E94D46B8BEC97E10E94AB6BF2E046
:20824000AF0EB11C085F1F4FE1CF6DEF7DE08DEB9CE00E94A19422E0C216D10409F059C0CA
:208260008AE997E10E94AB6B6DEF7DE08DEB9CE00E94A19429813A814B815C816D817E81DC
:208280008F8198850E9472CA209190023091910240919202509193020E9473CA60939002FD
:2082A00070939102809392029093930287ED93EAA0E7B0E480938C0290938D02A0938E02A7
:2082C000B0938F020E94A8230E94383586E797E10E94AB6B60918C0270918D0280918E0201
:2082E00090918F020E94D46B84E797E10E94AB6B60919002709191028091920290919302DE
:208300000E94D46B6DEF7DE08DEB9CE00E94A19445CF34E0C316D1040CF440CFC0FC3ECF4A
:208320008DB79EB7CA52DF4F99838883C65DD040860115950795C8010E94127380E497E167
:208340000E94AB6B6DEF7DE08DEB9CE00E94A194C801880F991F880F991FADB7BEB7A81BDE
:20836000B90B0FB6F894BEBF0FBEADBFEDB7FEB73196C053DF4FF983E883C05DD0402DB7D9
:208380003EB7281B390B0FB6F8943EBF0FBE2DBF8DB79EB701961C01409090025090910238
:2083A000609092027090930280918C0290918D02A0918E02B0918F02CE52DF4F888399834D
:2083C000AA83BB83C25DD040B12CA12C450195948794880C991C880C991CC053DF4FA881D3
:2083E000B981C05DD040A80DB91DC852DF4FB983A883C85DD040A3019201F70160817181A5
:20840000828193810E9472CACE52DF4F288139814A815B81C25DD0400E94DFCAC852DF4F4D
:20842000A881B981C85DD0406D937D938D939C931397820C931CF70184819581A681B781EC
:20844000F40180839183A283B383F2E0AF0EB11C28E0E20EF11CAC14BD040CF4B7CF20E944
:2084600032E04CE852E0B101C053DF4F88819981C05DD0400E9465120E94A8230E943835AC
:208480008CE197E10E94AB6B60918C0270918D0280918E0290918F020E94D46B8AE197E119
:2084A0000E94AB6B609190027091910280919202909193020E94D46B6DEF7DE08DEB9CE004
:2084C0000E94A194CA52DF4F88819981C65DD0400FB6F8949EBF0FBE8DBF60CE61E177E196
:2084E000CE01805B9F4F0E947030882309F475C148E057E1BE01605B7F4FCE0180599F4F86
:208500000E94BF15CE0180599F4F0E94AE30AE014F5F5F4F0E94412F6C0184EF96E10E94B9
:20852000AB6BC6010E94127381EE96E10E94AB6BDE0111967D018D01B12CA12CAC14BD04DC
:20854000F4F4F80160817181828193810E94D46B8FED96E10E94AB6BD80114966D917D9135
:208560008D919C9117970E94D46B8BED96E10E94AB6BB2E0AB0EB11C085F1F4FDFCF6DEF83
:208580007DE08DEB9CE00E94A194E2E0CE16D10409F051C08AEA96E10E94AB6B6DEF7DE0D2
:2085A0008DEB9CE00E94A19429813A814B815C816D817E818F8198850E9472CA209198029F
:2085C0003091990240919A0250919B020E9473CA609398027093990280939A0290939B02DB
:2085E00080E090E0AAE7B4EC8093940290939502A0939602B09397020E94A8230E943835F4
:2086000086E896E10E94AB6B609194027091950280919602909197020E94D46B84E896E177
:208620000E94AB6B609198027091990280919A0290919B0265CEF4E0CF16D1040CF4AECDB4
:20864000C0FCACCD2DB73EB7CA52DF4F39832883C65DD040860115950795C8010E9412736B
:2086600080E596E10E94AB6B6DEF7DE08DEB9CE00E94A194C801880F991F880F991FADB717
:20868000BEB7A81BB90B0FB6F894BEBF0FBEADBFEDB7FEB73196C053DF4FF983E883C05D72
:2086A000D0402DB73EB7281B390B0FB6F8943EBF0FBE2DBF8DB79EB701961C01409098028C
:2086C0005090990260909A0270909B028091940290919502A0919602B0919702CE52DF4FA6
:2086E00088839983AA83BB83C25DD040B12CA12C450195948794880C991C880C991CC053E0
:20870000DF4FA881B981C05DD040A80DB91DC852DF4FB983A883C85DD040A3019201F701FD
:2087200060817181828193810E9472CACE52DF4F288139814A815B81C25DD0400E94DFCA9F
:20874000C852DF4FA881B981C85DD0406D937D938D939C931397820C931CF70184819581E0
:20876000A681B781F40180839183A283B383F2E0AF0EB11C28E0E20EF11CAC14BD040CF451
:20878000B7CF28E932E044E952E0B101C053DF4F88819981C05DD0400E9465120E94A82308
:2087A0000E9438358CE296E10E94AB6B609194027091950280919602909197020E94D46BAA
:2087C0008AE296E10E94AB6B609198027091990280919A0290919B026DCE61E276E1CE01C8
:2087E000805B9F4F0E947030882309F41FC148E156E1BE01605B7F4FCE0180599F4F0E9406
:20880000BF15CE0180599F4F0E94AE30AE014F5F5F4F0E94412F6C0184E096E10E94AB6B51
:20882000C6010E94127381EF95E10E94AB6BDE0111967D018D01B12CA12CAC14BD04F4F407
:20884000F80160817181828193810E94D46B8FEE95E10E94AB6BD80114966D917D918D91FC
:208860009C9117970E94D46B8BEE95E10E94AB6BB2E0AB0EB11C085F1F4FDFCF6DEF7DE041
:208880008DEB9CE00E94A194E4E0CE16D1040CF485CCC0FC83CC2DB73EB7CA52DF4F398355
:2088A0002883C65DD040860115950795C8010E94127387EB95E10E94AB6B6DEF7DE08DEB4C
:2088C0009CE00E94A194C801880F991F880F991FADB7BEB7A81BB90B0FB6F894BEBF0FBEE3
:2088E000ADBFEDB7FEB73196C053DF4FF983E883C05DD0402DB73EB7281B390B0FB6F894E6
:208900003EBF0FBE2DBF8DB79EB701961C014090A0025090A1026090A2027090A302809115
:208920009C0290919D02A0919E02B0919F02CE52DF4F88839983AA83BB83C25DD040B12C3A
:20894000A12C450195948794880C991C880C991CC053DF4FA881B981C05DD040A80DB91DD2
:20896000C852DF4FB983A883C85DD040A3019201F70160817181828193810E9472CACE52FC
:20898000DF4F288139814A815B81C25DD0400E94DFCAC852DF4FA881B981C85DD0406D9345
:2089A0007D938D939C931397820C931CF70184819581A681B781F40180839183A283B38398
:2089C000F2E0AF0EB11C28E0E20EF11CAC14BD040CF4B7CF20EA32E04CE952E0B101C053E7
:2089E000DF4F88819981C05DD0400E9465120E94A8230E94383583E995E10E94AB6B6091D9
:208A00009C0270919D0280919E0290919F020E94D46B81E995E10E94AB6B6091A002709198
:208A2000A1028091A2029091A30244CD6CE875E1CE01805B9F4F0E9470308823E1F047E8D8
:208A400055E1BE01605B7F4FCE0101960E94BF15CE0101960E94C630892B49F410925102D8
:208A60000E9422720E9432720E94A82397CB81E080935102F9CF62E875E1CE01805B9F4FE4
:208A80000E9470308823D1F04DE755E1BE01605B7F4FCE0101960E94BF15CE0101960E9492
:208AA000C630892B39F4109252028EE29FE00E945020DACF81E080935202D6CF64E775E131
:208AC000CE01805B9F4F0E947030882301F14BE655E1BE01605B7F4FCE0101960E94BF1594
:208AE000CE0101960E94C630892B61F481E08093100A85E09FE00E9450200E9422720E9413
:208B000032724CCB1092100A85E09FE01FC064E675E1CE01805B9F4F0E9470308823C9F03D
:208B20004DE555E1BE01605B7F4FCE0101960E94BF15CE0101960E94C630892B29F48CED61
:208B40009EE00E9450202ACB8CED9EE00E94D72025CB65E575E1CE01805B9F4F0E94703096
:208B60008823A9F04DE455E1BE01605B7F4FCE0101960E94BF15CE0101960E94C630892B74
:208B800019F483EB9EE0DDCF83EB9EE0DFCF67E475E1CE01805B9F4F0E947030882349F136
:208BA00041E455E1BE01605B7F4FCE0101960E94BF15CE0101960E94C630892B19F40E94D5
:208BC0002272ECCA0E94BE97609368027093690280936A0290936B020E94BE9760936C0222
:208BE00070936D0280936E0290936F020E94FD15D5CA6AE375E1CE01805B9F4F0E9470301C
:208C0000882399F043E355E1BE01605B7F4FCE0101960E94BF15CE0101960E94C630892BEE
:208C200009F46DCF0E94D915B9CA68E275E1CE01805B9F4F0E9470308823C1F04DE155E1AE
:208C4000BE01605B7F4FCE0101960E94BF15CE0101960E94CF3060937002709371028093FB
:208C60007202909373020E94A823DFC161E175E1CE01805B9F4F0E9470308823B1F045E0F8
:208C800055E1BE01605B7F4FCE0101960E94BF15CE0101960E94CF30609374027093750290
:208CA0008093760290937702DECF6BEF74E1CE01805B9F4F0E9470308823B1F041EF54E1A6
:208CC000BE01605B7F4FCE0101960E94BF15CE0101960E94CF306093840270938502809353
:208CE000860290938702BFCF6AEE74E1CE01805B9F4F0E947030882309F443C043EE54E11A
:208D0000BE01605B7F4FCE0180599F4F0E94BF1550E040E0BE0160597F4FCE0101960E9461
:208D20001CB1CE0101960E942EB26093F90E7093FA0E8093FB0E9093FC0E4CED54E1BE0103
:208D4000605B7F4FCE0180599F4F0E94BF1541E050E0BE0160597F4FCE0101960E941CB112
:208D6000CE0101960E942EB26093DC027093DD028093DE029093DF028CED9EE00E94B71100
:208D800072CF64ED74E1CE01805B9F4F0E947030882309F441C04CEC54E1BE01605B7F4FB4
:208DA000CE0180599F4F0E94BF1550E040E0BE0160597F4FCE0101960E941CB1CE010196D6
:208DC0000E942EB26093D00E7093D10E8093D20E9093D30E44EC54E1BE01605B7F4FCE01EB
:208DE00080599F4F0E94BF1541E050E0BE0160597F4FCE0101960E941CB1CE0101960E94C2
:208E00002EB26093E0027093E1028093E2029093E30283EB9EE0B2CF6BEB74E1CE01805BF6
:208E20009F4F0E9470308823B1F042EB54E1BE01605B7F4FCE0101960E94BF15CE010196CA
:208E40000E94CF306093800270938102809382029093830208CF67EA74E1CE01805B9F4F22
:208E60000E947030882309F45BC04CE954E1BE01605B7F4FCE0101960E94BF15CE010196F9
:208E80000E94C0B2AC0170E060E0409358025093590260935A0270935B029C01A8EEB3E0A1
:208EA0000E9463CA6093E00E7093E10E8093E20E9093E30E6093E40E7093E50E8093E60E17
:208EC0009093E70E41E954E1BE01605B7F4FCE0101960E94BF15CE0101960E94C0B2AC01D0
:208EE00070E060E040935C0250935D0260935E0270935F029C01A8EEB3E00E9463CA609330
:208F0000B70E7093B80E8093B90E9093BA0E6093BB0E7093BC0E8093BD0E9093BE0EA3CE37
:208F200064E874E1CE01805B9F4F0E947030882309F47EC047E754E1BE01605B7F4FCE0156
:208F400080599F4F0E94BF1550E040E0BE0160597F4FCE0101960E941CB1CE0101960E9461
:208F60002EB26093B0027093B1028093B2029093B3024AE654E1BE01605B7F4FCE018059C2
:208F80009F4F0E94BF1541E050E0BE0160597F4FCE0101960E941CB1CE0101960E942EB219
:208FA0006093B4027093B5028093B6029093B7024DE554E1BE01605B7F4FCE0180599F4F62
:208FC0000E94BF1542E050E0BE0160597F4FCE0101960E941CB1CE0101960E942EB26093D3
:208FE000B8027093B9028093BA029093BB020E94A823C090B802D090B902E090BA02F0900C
:20900000BB020091B4021091B5022091B6023091B7024091B0025091B1026091B202709154
:20902000B3028BE39EE00E94A09C0E943835B6C861E574E1CE01805B9F4F0E947030882304
:2090400009F47AC045E454E1BE01605B7F4FCE0180599F4F0E94BF1550E040E0BE0160595F
:209060007F4FCE0101960E941CB1CE0101960E942EB26093A4027093A5028093A602909344
:20908000A70249E354E1BE01605B7F4FCE0180599F4F0E94BF1541E050E0BE0160597F4FDB
:2090A000CE0101960E941CB1CE0101960E942EB26093A8027093A9028093AA029093AB0219
:2090C0004DE254E1BE01605B7F4FCE0180599F4F0E94BF1542E050E0BE0160597F4FCE0171
:2090E00001960E941CB1CE0101960E942EB26093AC027093AD028093AE029093AF020E94F6
:20910000A823C090AC02D090AD02E090AE02F090AF020091A8021091A9022091AA02309181
:20912000AB024091A4025091A5026091A6027091A70287E79EE077CF61E274E1CE01805BCC
:209140009F4F0E9470308823B1F045E154E1BE01605B7F4FCE0101960E94BF15CE010196AE
:209160000E9438B26093640270936502809366029093670278CD6AE074E1CE01805B9F4F1D
:209180000E9470308823B1F04FEF53E1BE01605B7F4FCE0101960E94BF15CE0101960E94A3
:2091A00038B26093600270936102809362029093630259CD6AEF73E1CE01805B9F4F0E94FE
:2091C0007030882309F45EC145EF53E1BE01605B7F4FCE0186539F4F0E94BF1546E050E016
:2091E000BE0166537F4FCE0183569F4F0E941CB1CE0183569F4F0E94B1B1C82E40EF53E131
:20920000BE01605B7F4FCE018C539F4F0E94BF1545E050E0BE016C537F4FCE018C569F4FB4
:209220000E941CB1CE018C569F4F0E94B1B1E82E4BEE53E1BE01605B7F4FCE0182549F4FBE
:209240000E94BF1544E050E0BE0162547F4FCE0185579F4F0E941CB1CE0185579F4F0E94BE
:20926000B1B1082F46EE53E1BE01605B7F4FCE0188549F4F0E94BF1543E050E0BE016854C8
:209280007F4FCE018E579F4F0E941CB1CE018E579F4F0E94B1B1D82E41EE53E1BE01605B66
:2092A0007F4FCE018E549F4F0E94BF1542E050E0BE016E547F4FCE0187589F4F0E941CB11F
:2092C000CE0187589F4F0E94B1B1F82E4CED53E1BE01605B7F4FCE0184559F4F0E94BF1507
:2092E00041E050E0BE0164557F4FCE0180599F4F0E941CB1CE0180599F4F0E94B1B1182FF1
:2093000047ED53E1BE01605B7F4FCE018A559F4F0E94BF1550E040E0BE016A557F4FCE0120
:2093200001960E941CB1CE0101960E94B1B12D2D4F2D612F0E94AE1C42ED53E1BE01605B0E
:209340007F4FCE0182549F4F0E94BF1543E050E0BE0162547F4FCE018C569F4F0E941CB192
:20936000CE018C569F4F0E94B1B1E82E4DEC53E1BE01605B7F4FCE0188549F4F0E94BF1570
:2093800042E050E0BE0168547F4FCE0185579F4F0E941CB1CE0185579F4F0E94B1B1082F56
:2093A00048EC53E1BE01605B7F4FCE018E549F4F0E94BF1550E040E0BE016E547F4FCE017A
:2093C0008E579F4F0E941CB1CE018E579F4F0E94B1B1D82E43EC53E1BE01605B7F4FCE0125
:2093E00084559F4F0E94BF1546E050E0BE0164557F4FCE0187589F4F0E941CB1CE018758DB
:209400009F4F0E94B1B1B82E4EEB53E1BE01605B7F4FCE018A559F4F0E94BF1545E050E058
:20942000BE016A557F4FCE0180599F4F0E941CB1CE0180599F4F0E94B1B1C82E49EB53E1E3
:20944000BE01605B7F4FCE0183569F4F0E94BF1544E050E0BE0163567F4FCE0101960E9416
:209460001CB1CE0101960E94B1B1F12C10E02D2D30E04B2D50E06C2D70E090E00E948C9E71
:209480000C94CE4062EB73E1CE01805B9F4F0E947030882309F47FC04BEA53E1BE01605BD9
:2094A0007F4FCE0101960E94BF15CE0101960E94C0B2182F8093530220E030E040E05FE367
:2094C0006091C4027091C5028091C6029091C7020E9421C96B017C0120E030E0A9010E9479
:2094E00087CB20E030E040E05FE387FD4FC0C701B6010E9473CA0E9451CB6093540263301D
:2095000018F483E08093540280915402180F1093560280915502811710F48093560281E911
:2095200093E10E94AB6B4AE050E0609153028DEB9CE00E944F946DEF7DE08DEB9CE00E9497
:20954000A19488E793E10E94AB6B4AE050E0609156028DEB9CE00E944F946DEF7DE08DEBEE
:209560009CE00E94A1948BE593E10E94AB6B4AE050E0609154028DEB9CE00E944F946DEF86
:209580007DE08DEB9CE00E94A1946DCBC701B6010E9472CAB0CF64E573E1CE01805B9F4F5A
:2095A0000E947030882381F04DE453E1BE01605B7F4FCE0101960E94BF15CE0101960E94BC
:2095C000C0B2809355024FCB68E473E1CE01805B9F4F0E947030882321F00E942A3D0C94B6
:2095E000CE406EE373E1CE01805B9F4F0E9470308823F1F044E353E1BE01605B7F4FCE01E0
:2096000001960E94BF15CE0101960E9438B29B01AC0160E472E48FE090E00E9491CB609398
:20962000A60D7093A70D8093A80D9093A90D1BCB6EE273E1CE01805B9F4F0E947030882310
:2096400009F43DC080918E0A811110928E0A8091E80E882321F08CED9EE00E94A11180917C
:20966000BF0E882321F083EB9EE00E94A11150E040E06AE175E08AED98E00E941770809108
:20968000100A81110C94CE4080915102882311F40C94CE400E94D7A0209153022817190631
:2096A00019F014F00C94CE400E94D7A0209156022817190609F014F40C94CE4025CA65E28A
:2096C00073E1CE01805B9F4F0E947030882381F04CE153E1BE01605B7F4FCE0101960E948F
:2096E000BF15CE0101960E94C0B280935702BBCA64E173E1CE01805B9F4F0E94703088230D
:20970000B1F04CE053E1BE01605B7F4FCE0101960E94BF15CE0101960E94CF3060937802B0
:209720007093790280937A0290937B029CCA66E073E1CE01805B9F4F0E947030882309F4FA
:20974000E3C040E053E1BE01605B7F4FCE0180599F4F0E94BF1550E040E0BE0160597F4F28
:20976000CE0101960E941CB1CE0101960E9445B1009711F40C94CE400E9446738630910525
:2097800009F46BC024F58130910509F446C0029711F00C94CE4044EF52E1BE01605B7F4F48
:2097A000CE0180599F4F0E94BF1541E050E0BE0160597F4FCE0101960E941CB1CE010196CB
:2097C0000E9481B160E0811161E088E142C08830910509F47CC00CF45DC0099711F00C9452
:2097E000CE404CED52E1BE01605B7F4FCE0180599F4F0E94BF1541E050E0BE0160597F4F04
:20980000CE0101960E941CB1CE0101960E9481B160E0811161E08FE11CC04AEF52E1BE01AF
:20982000605B7F4FCE0180599F4F0E94BF1541E050E0BE0160597F4FCE0101960E941CB127
:20984000CE0101960E9481B161E0811101C060E087E10E941D960C94CE404EEE52E1BE0161
:20986000605B7F4FCE0180599F4F0E94BF1541E050E0BE0160597F4FCE0101960E941CB1E7
:20988000CE0101960E9481B161E0811101C060E08CE1DFCF48EE52E1BE01605B7F4FCE011F
:2098A00080599F4F0E94BF1541E050E0BE0160597F4FCE0101960E941CB1CE0101960E94F7
:2098C00081B161E0811101C060E08DE1C2CF42EE52E1BE01605B7F4FCE0180599F4F0E94A0
:2098E000BF1541E050E0BE0160597F4FCE0101960E941CB1CE0101960E9481B161E081111B
:2099000001C060E08EE1A5CF65ED72E1CE01805B9F4F0E9470308111FFCF6CEC72E1CE010A
:20992000805B9F4F0E947030882359F143EC52E1BE01605B7F4FCE0101960E94BF15CE01D2
:2099400001960E94CF306093EC027093ED028093EE029093EF024AEB52E1BE01605B7F4F35
:20996000CE0101960E94BF15CE0101960E94CF306093F50E7093F60E8093F70E9093F80EC6
:2099800072C960EB72E1CE01805B9F4F0E947030882359F146EA52E1BE01605B7F4FCE01A5
:2099A00001960E94BF15CE0101960E94CF306093F0027093F1028093F2029093F3024CE964
:2099C00052E1BE01605B7F4FCE0101960E94BF15CE0101960E94CF306093CC0E7093CD0E7E
:2099E0008093CE0E9093CF0E3EC963E972E1CE01805B9F4F0E9470308823C9F08AE999E99F
:209A0000A9E8B0E480938C0290938D02A0938E02B0938F028CEE91E5A8E2B0EC809390027C
:209A200090939102A0939202B09393021CC969E872E1CE01805B9F4F0E9470308823C9F00A
:209A400080E090EAA4E9B4EC8093940290939502A0939602B093970280E090E4A0E2B5E406
:209A60008093980290939902A0939A02B0939B02FAC86FE772E1CE01805B9F4F0E94703087
:209A8000882311F40C94CE408BE794E1AEE8BFE380939C0290939D02A0939E02B0939F021F
:209AA0001092A0021092A1021092A2021092A302DAC88F929F92AF92BF92CF92DF92EF92B7
:209AC000FF921F93CF93DF93CDB7DEB7A4970FB6F894DEBF0FBECDBF0E9451822091361068
:209AE0003091371080914C0290914D022817390741F468E472E082E390E10E943A92892B45
:209B000069F167E57DE188E492E00E9405934091361050913710609132107091331088E407
:209B200092E00E94679268E472E0CE0143960E94B39366E47DE1CE0101960E94AA93BE013E
:209B40006D5E7F4FCE0101960E944272CE0101960E946C93CE0143960E946C9310918F0A26
:209B6000809135028117E9F11093350264E37DE1CE0101960E94AA93412F50E070E060E037
:209B8000CE0101960E949072CE0101960E946C938091AC0B9091AD0B009711F00C94435642
:209BA000809135026AEF78E0882311F40C943B56CE0143960E94BC9367E27DE1CE01019625
:209BC0000E94AA93BE016D5E7F4FCE0101960E944272CE0101960E946C93CE0143960E9441
:209BE0006C93C090C802D090C902E090CA02F090CB0220911002309111024091120250913B
:209C00001302C701B6010E94BBC8882309F44CC0C0921002D0921102E0921202F0921302E1
:209C200022E0B701A601CE0143960E9474936DEB7CE1CE0101960E94AA93BE016D5E7F4F20
:209C4000CE0101960E944272CE0101960E946C93CE0143960E946C938091AC0B9091AD0B57
:209C6000892B11F54091100250911102609112027091130222E0CE0143960E94749366EB94
:209C80007CE1CE0101960E94AA93BE016D5E7F4FCE0101960E944272CE0101960E946C9307
:209CA000CE0143960E946C93C090CC02D090CD02E090CE02F090CF022091140230911502DE
:209CC0004091160250911702C701B6010E94BBC8882309F44CC0C0921402D0921502E092F6
:209CE0001602F092170222E0B701A601CE0143960E94749366EA7CE1CE0101960E94AA930D
:209D0000BE016D5E7F4FCE0101960E944272CE0101960E946C93CE0143960E946C938091CE
:209D2000AC0B9091AD0B892B11F54091140250911502609116027091170222E0CE0143962D
:209D40000E9474936EE97CE1CE0101960E94AA93BE016D5E7F4FCE0101960E944272CE017E
:209D600001960E946C93CE0143960E946C93C0907002D0907102E0907202F0907302209143
:209D800018023091190240911A0250911B02C701B6010E94BBC8882309F46DC0C0921802FD
:209DA000D0921902E0921A02F0921B0221E0B701A601CE0143960E9474936EEF78E0CE01C4
:209DC00001960E94BC93BE016D5E7F4FCE0101960E94F2920E94EF72BC01CE0149960E9407
:209DE000B393CE0101960E946C93CE0143960E946C93BE01675E7F4FCE0143960E94B393EB
:209E00006DE87CE1CE0101960E94AA93BE016D5E7F4FCE0101960E944272CE0101960E942F
:209E20006C93CE0143960E946C938091AC0B9091AD0B892BE1F4BE01675E7F4FCE014396B6
:209E40000E94B39364E87CE1CE0101960E94AA93BE016D5E7F4FCE0101960E944272CE0149
:209E600001960E946C93CE0143960E946C93CE0149960E946C93C0907402D0907502E09005
:209E80007602F090770220911C0230911D0240911E0250911F02C701B6010E94BBC8882360
:209EA00009F47EC0C0921C02D0921D02E0921E02F0921F021C8A1B8A1E8A1D8A188E1F8A58
:209EC000C701B6010E9451CBCB014AE0BE016F5F7F4F0E9413C6BE016F5F7F4FCE01439676
:209EE0000E944B936EEF78E0CE0101960E94BC93BE016D5E7F4FCE0101960E94F2920E9450
:209F0000EF72BC01CE0149960E94B393CE0101960E946C93CE0143960E946C93BE01675EB9
:209F20007F4FCE0143960E94B39362E77CE1CE0101960E94AA93BE016D5E7F4FCE0101961A
:209F40000E944272CE0101960E946C93CE0143960E946C938091AC0B9091AD0B892BE1F431
:209F6000BE01675E7F4FCE0143960E94B39368E67CE1CE0101960E94AA93BE016D5E7F4FB7
:209F8000CE0101960E944272CE0101960E946C93CE0143960E946C93CE0149960E946C9366
:209FA000C090C402D090C502E090C602F090C7022091200230912102409122025091230231
:209FC000C701B6010E94BBC8882309F46EC0C0922002D0922102E0922202F092230222E0CF
:209FE000B701A601CE0101960E947493BE016F5F7F4FCE0143960E94B39360EBCE01439615
:20A000000E94D39266E67CE10E94A592BC01CE0149960E94B393CE0143960E946C93CE014C
:20A0200001960E946C93BE01675E7F4FCE0143960E94B39367E57CE1CE0101960E94AA9318
:20A04000BE016D5E7F4FCE0101960E944272CE0101960E946C93CE0143960E946C9380918B
:20A06000AC0B9091AD0B892BE1F4BE01675E7F4FCE0143960E94B39361E57CE1CE010196DC
:20A080000E94AA93BE016D5E7F4FCE0101960E944272CE0101960E946C93CE0143960E947C
:20A0A0006C93CE0149960E946C93C0908802D0908902E0908A02F0908B02209128023091E8
:20A0C000290240912A0250912B02C701B6010E94BBC8882309F46EC0C0922802D0922902C7
:20A0E000E0922A02F0922B0222E0B701A601CE0101960E947493BE016F5F7F4FCE014396A0
:20A100000E94B39360EBCE0143960E94D3926FE47CE10E94A592BC01CE0149960E94B39381
:20A12000CE0143960E946C93CE0101960E946C93BE01675E7F4FCE0143960E94B39360E4A9
:20A140007CE1CE0101960E94AA93BE016D5E7F4FCE0101960E944272CE0101960E946C9342
:20A16000CE0143960E946C938091AC0B9091AD0B892BE1F4BE01675E7F4FCE0143960E94D0
:20A18000B3936AE37CE1CE0101960E94AA93BE016D5E7F4FCE0101960E944272CE01019610
:20A1A0000E946C93CE0143960E946C93CE0149960E946C93C090D002D090D102E090D202CD
:20A1C000F090D30220912C0230912D0240912E0250912F02C701B6010E94BBC8882309F4FC
:20A1E0006BC0C0922C02D0922D02E0922E02F0922F0222E0B701A601CE0101960E9474935E
:20A20000BE016F5F7F4FCE0143960E94B39368E37CE1CE0143960E94A592BC01CE014996BF
:20A220000E94B393CE0143960E946C93CE0101960E946C93BE01675E7F4FCE0143960E944A
:20A24000B39368E27CE1CE0101960E94AA93BE016D5E7F4FCE0101960E944272CE01019652
:20A260000E946C93CE0143960E946C938091AC0B9091AD0B892BE1F4BE01675E7F4FCE01A9
:20A2800043960E94B39362E27CE1CE0101960E94AA93BE016D5E7F4FCE0101960E94427203
:20A2A000CE0101960E946C93CE0143960E946C93CE0149960E946C93609156028091530250
:20A2C00090913102691305C090913002981709F478C06093310280933002CE0149960E94F7
:20A2E000C57260913002CE0101960E94C572BE016F5F7F4FCE0143960E94B39360E27CE13B
:20A30000CE0143960E94A592BE01675E7F4F0E94F2926EE17CE10E94A592BC01CE014F964E
:20A320000E94B393CE0143960E946C93CE0101960E946C93CE0149960E946C93BE01615E18
:20A340007F4FCE0143960E94B3936BE07CE1CE0101960E94AA93BE016D5E7F4FCE010196F4
:20A360000E944272CE0101960E946C93CE0143960E946C938091AC0B9091AD0B009709F006
:20A38000CEC4BE01615E7F4FCE0143960E94B39368EF7BE1CE0101960E94AA93BE016D5ECD
:20A3A0007F4FCE0101960E944272CE0101960E946C93CE0143960E946C93CE014F960E946D
:20A3C0006C93C090B30ED090B40EE090B50EF090B60E8090E0029090E102A090E202B0908B
:20A3E000E3028091440290914502A0914602B0914702C816D906EA06FB0691F483EB9EE097
:20A400000E9437119B01AC01C501B4010E9472CA0E9451CB209133022617170609F49BC05A
:20A42000C0924402D0924502E0924602F092470283EB9EE00E9437119B01AC01C501B401BC
:20A440000E9472CA0E9451CB60933302C701B60120E63AEE40E050E00E9441CACA01B90109
:20A460000E94C0C8AB01BC0121E0CE0149960E94749360913302CE0101960E94C572BE01CD
:20A480006F5F7F4FCE0143960E94B39365E2CE0143960E94D3926BEB7BE10E94A592BE0150
:20A4A000675E7F4F0E94F29267EB7BE10E94A592BC01CE014F960E94B393CE0143960E94B9
:20A4C0006C93CE0101960E946C93CE0149960E946C93BE01615E7F4FCE0143960E94B3934B
:20A4E00065EA7BE1CE0101960E94AA93BE016D5E7F4FCE0101960E944272CE0101960E9450
:20A500006C93CE0143960E946C938091AC0B9091AD0B892BE1F4BE01615E7F4FCE014396D5
:20A520000E94B3936BE97BE1CE0101960E94AA93BE016D5E7F4FCE0101960E944272CE015B
:20A5400001960E946C93CE0143960E946C93CE014F960E946C93C090DC0ED090DD0EE09030
:20A56000DE0EF090DF0E8090DC029090DD02A090DE02B090DF028091400290914102A0917C
:20A580004202B0914302C816D906EA06FB0691F48CED9EE00E9437119B01AC01C501B40119
:20A5A0000E9472CA0E9451CB209132022617170609F49BC0C0924002D0924102E092420279
:20A5C000F09243028CED9EE00E9437119B01AC01C501B4010E9472CA0E9451CB609332024C
:20A5E000C701B60120E63AEE40E050E00E9441CACA01B9010E94C0C8AB01BC0121E0CE01C9
:20A6000049960E94749360913202CE0101960E94C572BE016F5F7F4FCE0143960E94B39363
:20A6200065E2CE0143960E94D39267E97BE10E94A592BE01675E7F4F0E94F29263E97BE17F
:20A640000E94A592BC01CE014F960E94B393CE0143960E946C93CE0101960E946C93CE01A9
:20A6600049960E946C93BE01615E7F4FCE0143960E94B39362E87BE1CE0101960E94AA9393
:20A68000BE016D5E7F4FCE0101960E944272CE0101960E946C93CE0143960E946C93809145
:20A6A000AC0B9091AD0B892BE1F4BE01615E7F4FCE0143960E94B39369E77BE1CE01019693
:20A6C0000E94AA93BE016D5E7F4FCE0101960E944272CE0101960E946C93CE0143960E9436
:20A6E0006C93CE014F960E946C939091510280913402981709F451C08091AB0B2FEF280F72
:20A70000223008F49DC31092AB0B9093340262E67BE1911102C06DE57BE1CE0101960E941C
:20A72000AA93C0905102D12CF12CE12C67E67BE1CE0143960E94AA93B701A601CE014396DB
:20A740000E949072CE0143960E946C938091AC0B9091AD0B009709F009C3BE016F5F7F4FB4
:20A76000CE0149960E94B39362E57BE1CE0143960E94AA93BE01675E7F4FCE0143960E947D
:20A780004272CE0143960E946C93CE0149960E946C93CE0101960E946C9385E09FE00E94E0
:20A7A0008C1590913602891709F448C08091AA0B9FEF980F923008F44EC31092AA0B85E074
:20A7C0009FE00E948C15182F809336026CEF7AE1CE0101960E94AA93412F50E070E060E0FA
:20A7E000CE0101960E949072CE0101960E946C938091AC0B9091AD0B019701F580913602D0
:20A800006AEF78E0882309F41FC3CE0143960E94BC9360EF7AE1CE0101960E94AA93BE01B6
:20A820006D5E7F4FCE0101960E944272CE0101960E946C93CE0143960E946C93109152027E
:20A8400080913702181709F443C08091A90B9FEF980F923008F40AC31092A90B10933702C8
:20A8600062ED7AE1CE0101960E94AA93412F50E070E060E0CE0101960E949072CE01019649
:20A880000E946C938091AC0B9091AD0B019701F5809137026AEF78E0882309F4E0C2CE01D4
:20A8A00043960E94BC9366EC7AE1CE0101960E94AA93BE016D5E7F4FCE0101960E944272C8
:20A8C000CE0101960E946C93CE0143960E946C9387E10E94F495209138022817190609F44F
:20A8E0004AC08091A80B9FEF980F923008F4C9C21092A80B87E10E94F49511E0892B09F482
:20A9000010E0109338026AEA7AE1CE0101960E94AA93412F50E070E060E0CE0101960E943E
:20A920009072CE0101960E946C938091AC0B9091AD0B019701F5809138026AEF78E0882338
:20A9400009F498C2CE0143960E94BC9360EA7AE1CE0101960E94AA93BE016D5E7F4FCE01F6
:20A9600001960E944272CE0101960E946C93CE0143960E946C9388E10E94F495209139021A
:20A980002817190609F44AC08091A70B9FEF980F923008F481C21092A70B88E10E94F49571
:20A9A00011E0892B09F410E01093390266E87AE1CE0101960E94AA93412F50E070E060E009
:20A9C000CE0101960E949072CE0101960E946C938091AC0B9091AD0B019701F580913902EB
:20A9E0006AEF78E0882309F450C2CE0143960E94BC936CE77AE1CE0101960E94AA93BE01A1
:20AA00006D5E7F4FCE0101960E944272CE0101960E946C93CE0143960E946C938CE10E9482
:20AA2000F49520913A022817190609F44AC08091A60B9FEF980F923008F439C21092A60B38
:20AA40008CE10E94F49511E0892B09F410E010933A0262E67AE1CE0101960E94AA93412F95
:20AA600050E070E060E0CE0101960E949072CE0101960E946C938091AC0B9091AD0B0197CC
:20AA800001F580913A026AEF78E0882309F408C2CE0143960E94BC9368E57AE1CE010196A9
:20AAA0000E94AA93BE016D5E7F4FCE0101960E944272CE0101960E946C93CE0143960E9452
:20AAC0006C9383EB9EE00E94961590913F02891719F183EB9EE00E94961580933F026AEF4C
:20AAE00078E08111E8C1CE0143960E94BC9367E37AE1CE0101960E94AA93BE016D5E7F4FE8
:20AB0000CE0101960E944272CE0101960E946C93CE0143960E946C938CED9EE00E949615E5
:20AB200090913E02891719F18CED9EE00E94961580933E026AEF78E08111C4C1CE01439603
:20AB40000E94BC9368E07AE1CE0101960E94AA93BE016D5E7F4FCE0101960E944272CE0139
:20AB600001960E946C93CE0143960E946C9380918E0A90913D02981701F180933D026AEFFF
:20AB800078E0882309F4A5C1CE0143960E94BC936BED79E1CE0101960E94AA93BE016D5E35
:20ABA0007F4FCE0101960E944272CE0101960E946C93CE0143960E946C938091BF0E9091BC
:20ABC0003C02891701F180933C026AEF78E0882309F486C1CE0143960E94BC936FEA79E168
:20ABE000CE0101960E94AA93BE016D5E7F4FCE0101960E944272CE0101960E946C93CE0126
:20AC000043960E946C938091E80E90913B02891701F180933B026AEF78E0882309F467C1F2
:20AC2000CE0143960E94BC9362E879E1CE0101960E94AA93BE016D5E7F4FCE0101960E9432
:20AC40004272CE0101960E946C93CE0143960E946C93A4960FB6F894DEBF0FBECDBFDF91FF
:20AC6000CF911F91FF90EF90DF90CF90BF90AF909F908F900895CE0143960E94BC936AE18B
:20AC80007DE10C94DE4D81309105B1F4809135026AEF78E0882341F0CE0143960E94BC9331
:20ACA0006DE07DE10C94DE4DCE0143960E94BC9360E07DE10C94DE4D82309105B1F480911E
:20ACC00035026AEF78E0882341F0CE0143960E94BC9363EF7CE10C94DE4DCE0143960E9453
:20ACE000BC9366EE7CE10C94DE4D039711F00C94F14D809135026AEF78E0882341F0CE016C
:20AD000043960E94BC9369ED7CE10C94DE4DCE0143960E94BC936CEC7CE10C94DE4D813021
:20AD2000910551F4BE01615E7F4FCE0143960E94B39365EE7BE12ECB8230910551F4BE0168
:20AD4000615E7F4FCE0143960E94B39362ED7BE121CB039709F031CBBE01615E7F4FCE0195
:20AD600043960E94B3936FEB7BE114CB8130910509F04CC0BE016F5F7F4FCE0149960E9486
:20AD8000B39367E47BE1CE0143960E94AA93BE01675E7F4FCE0143960E944272CE01439647
:20ADA0000E946C93CE0149960E946C93BE016F5F7F4FCE0149960E94B3936CE37BE1CE0138
:20ADC00043960E94AA93BE01675E7F4FCE0143960E944272CE0143960E946C93CE01499674
:20ADE0000E946C93809151026AEF78E0882339F0CE0149960E94BC9360E37BE1B7CCCE0139
:20AE000049960E94BC9364E27BE1B0CC8230910551F4BE016F5F7F4FCE0149960E94B393C6
:20AE200069E17BE1A3CC039709F0B3CCBE016F5F7F4FCE0149960E94B3936EE07BE196CCEE
:20AE40008F5F8093AB0BA9CCCE0143960E94BC9364EE7AE1E0CC8F5F8093AA0BEFCCCE0194
:20AE600043960E94BC936AEB7AE11FCD8F5F8093A90B2ECDCE0143960E94BC9366E97AE179
:20AE800067CD8F5F8093A80B76CDCE0143960E94BC9362E77AE1AFCD8F5F8093A70BBECD90
:20AEA000CE0143960E94BC936EE47AE1F7CD8F5F8093A60B06CECE0143960E94BC9360E227
:20AEC0007AE117CECE0143960E94BC9360EF79E13BCECE0143960E94BC9366EC79E15ACE7A
:20AEE000CE0143960E94BC9368E979E179CECE0143960E94BC936CE679E198CE2F923F928A
:20AF00004F925F926F927F928F929F92AF92BF92CF92DF92EF92FF920F931F93CF93DF935D
:20AF2000CDB7DEB7CD5CD1090FB6F894DEBF0FBECDBFA8950E94BE97CB54DF4F6883798346
:20AF40008A839B83C55BD040FE01E558FF4F8AE0DF011D928A95E9F7CD55DF4F198218828F
:20AF6000C35AD04087EB90E10E945AAD8C01009759F5512C4E012BE7820E911C27EBC22E89
:20AF800020E1D22E5601F12CE12C840177247394D4018D914D01882311F40C946A60E114B8
:20AFA000F10411F00C945C6030E020E050E040E0C354DF4F688179818A819B81CD5BD04058
:20AFC0000E94837C0C946A600E9424C43C01009781F2A801BC0187EB90E10E9411ADCE011D
:20AFE00081599F4F2CE0F301DC0101900D922A95E1F7FC0120813181322723273227A901EF
:20B0000070E060E0C354DF4F488359836A837B83CD5BD04024813581B22EA32EC754DF4F3C
:20B02000B982A882C95BD0402281287F69F42091CB103091CC10293E344109F4C8C2512CC7
:20B04000C3010E94C0C496CF2038C9F72091CB103091CC10293E344191F72091F210309188
:20B06000F310232B31F42091F4103091F510232B31F3FC0146815781208531858285938557
:20B080006EE1FE013196DF011D926A95E9F7FE966CE0DF01A62E1D92AA94E9F7B496DF01A2
:20B0A0001D926A95E9F7CE55DF4F1882C25AD040CF55DF4F1882C15AD04054274527542772
:20B0C000C754DF4FA880B980C95BD040A40EB51EC554DF4FB982A882CB5BD0403227232788
:20B0E0003227A20EB31ECD53DF4FB982A882C35CD040982789279827A80EB91EC953DF4F8F
:20B10000B982A882C75CD040CD54DF4F1882C35BD0408CE090E0912C812C21E930E02C0FE5
:20B120003D1F2E5F3F4FC653DF4F39832883CA5CD04045E950E04C0F5D1F4E5F5F4FC4530D
:20B14000DF4F59834883CC5CD040C953DF4FA880B980C75CD0408A149B0408F011C7A091C6
:20B16000F210B091F310109709F0D2C3CB56DF4F19821882C559D040C156DF4F1882CF599B
:20B18000D040CF56DF4F19821882C159D040A091F410B091F510109709F4D4C3C956DF4FEA
:20B1A000B983A883C759D040FD0101900020E9F73197EA1BFB0BCD56DF4FF983E883C35942
:20B1C000D04021E0C056DF4F2883C05AD0409E012D593F4FC555DF4F39832883CB5AD040AE
:20B1E000AE01415E5F4FCB55DF4F59834883C55AD0401E0155E8250E311C79016CE0E60E99
:20B20000F11CA101CB55DF4F68817981C55AD0408E010D5C1F4FDD24D394F901A191B191E3
:20B220009F01109779F0F801B183A083FD0101900020E9F73197EA1BFB0BDB01ED93FC93C1
:20B24000FA01D0820E5F1F4F6E5F7F4F4F5F5F4F2E153F0511F7FE01E356FF4F1182108295
:20B26000C456DF4F1882CC59D040C556DF4F1882CB59D040C656DF4F1882CA59D040C7566C
:20B28000DF4F1882C959D04010E050E040E0F301E80FF91FA080C155DF4FA882CF5AD040AA
:20B2A000E096AFAEE0977C012FEFE21AF20AB12CBA016F5F7F4FC955DF4F79836883C75A29
:20B2C000D04071E8A716B1040CF467C3F301EE0DFF1D2081E0962FAFE0970296CF55DF4F08
:20B2E0003881C15AD040311146C331E0C756DF4F3883C959D04031E0C556DF4F3883CB599D
:20B30000D040CE55DF4F3881C25AD04031113CC331E0C656DF4F3883CA59D04031E0C45632
:20B32000DF4F3883CC59D040DA011296C955DF4FB983A883C75AD040112309F46FC4C1550E
:20B34000DF4FA881CF5AD040A150BB0BA038B10508F40AC3C754DF4FA880B980C95BD04071
:20B360007C0124E0E20EF11C8A149B0408F4F5C4C554DF4FA880B980CB5BD0408A149B0442
:20B3800040F0CD54DF4FB880C35BD040BB2009F4F7C52E012FE6420E511C24E0F301E80F44
:20B3A000F91FD20101900D922A95E1F77C0134E0E30EF11CC554DF4FA880B980CB5BD0406E
:20B3C0008A149B0408F041C49E012F553F4FCF53DF4F39832883C15CD040AE014B565F4FA0
:20B3E000CB53DF4F59834883C55CD040BE0167567F4FCB55DF4F79836883C55AD040CE01AC
:20B400008D559F4FC755DF4F99838883C95AD040DE01A556BF4FC355DF4FB983A883CD5AFC
:20B42000D040FE01EF56FF4FC155DF4FF983E883CF5AD04021E030E0CF54DF4F398328833D
:20B44000C15BD040312C212C20E08CEFC955DF4F3881C75AD040831BC753DF4F8883C95C4F
:20B46000D040CF53DF4FA881B981C15CD0408D91CF53DF4FB983A883C15CD040811109C07F
:20B48000FD013197C753DF4F8881C95CD0408E0D8083CB53DF4FE881F981C55CD040819150
:20B4A0009191CB53DF4FF983E883C55CD040892B09F480C0EFE9F0E0EC0FFD1FE20DF31D57
:20B4C0008081882351F0C155DF4FA881B981CF5AD0404D915C91452BF9F0EDE9F0E0EC0FDA
:20B4E000FD1FE20DF31D9081992349F0C355DF4FE881F981CD5AD040908191110DC0CB552B
:20B50000DF4FA881B981C55AD0409C91992309F451C0882309F44EC0F201808181114AC02E
:20B52000818190E02114310411F40C94CF650C9709F040C0D20112968C9112978F77D1F5AD
:20B5400013968C9113978130A9F5C755DF4FE881F981C95AD0408083F301EE0DFF1D86E058
:20B5600001900D928A95E1F7D2011496CD90DC90DC24CD24DC2487010A5F1F4F21143104A4
:20B5800009F04EC3B4E0CB16D10481F484E0F301E00FF11FD20101900D928A95E1F7B201DE
:20B5A0008091F2109091F3100E9453787601E00EF11E21E0CF54DF4FE881F981C15BD04012
:20B5C000329711F00C94D3652111C7C3ECC30CE010E0512CC555DF4F19821882CB5AD04053
:20B5E0004C01C555DF4FA880B980CB5AD040C754DF4FE880F980C95BD040AE14BF0409F440
:20B600001FCDA091DC10B091DD10B8A3AF8F1FAEFD0101900020E9F73197EA1BFB0BFA83AE
:20B62000E98381E08BAB20E039E03AA329A321961FAE21972CE130E03C832B838CAB6EEDED
:20B6400070E11E013FE1230E311CDE01DF96CE01C3969E012F5F3F4FA101DD24D394FB019F
:20B66000E190F190BF01E114F10409F4A5C0F701E680F780E114F10409F49EC0FA01F58240
:20B68000E482F70101900020E9F731975F01AE18BF08F901B582A482FC01D28212961C9208
:20B6A00012974E5F5F4F2E5F3F4F01961196F0E16E3E7F07A1F6F301E00FF11F4080D4010B
:20B6C0004C92C8010196E42CF12CB1E8EB16F1040CF47BC0860D971DFC012081D4012C93BC
:20B6E0000E5F1F4FFE01FF9690E080E03191332349F0231739F0A3E3B0E0AC0FBD1FA80FF3
:20B70000B91F1C9201968A30910581F7242D2150330B2038310578F2F301E00FF11F84E0F5
:20B72000D40101900D928A95E1F70C5F1F4FD4014C9113965C91139712963C9112973F776E
:20B7400011962C91FE01E558FF4F90E080E061E071917111C2C0D101ED90FC90EF2809F4F5
:20B76000BCC0A3E3B0E0AC0FBD1FA80FB91F7C91772309F4B2C0DC01AA0FBB1FAA24A39486
:20B78000B12CAC0EBD1EAA0DBB1D0D90BC91A02DAB2B09F0A2C04111A0C0513009F09DC037
:20B7A00031119BC0009709F08FC0213009F0ABC0DF0111976C9391C0FA0115821482F9015E
:20B7C00015821482FC01128269CF8C01E114F10409F49CCF6701BDE0EB16F10418F0FCE0B5
:20B7E000CF2ED12CB301600F711FA601C4010E94F3CC0C0D1D1DEC18FD08FE01E558FF4FE9
:20B80000C755DF4FF983E883C95AD0409E012D5C3F4FCB55DF4F39832883C55AD040B12C4D
:20B82000A12CC755DF4FA881B981C95AD0408D91C755DF4FB983A883C95AD04081112AC0DD
:20B84000CB55DF4FE881F981C55AD040F081C955DF4FF883C75AD040FF23E1F0C501880FCF
:20B86000991F61E070E06C0F7D1F680F791F9601A401820D931D0E947878C955DF4F288157
:20B88000C75AD0408223CB55DF4FA881B981C55AD0408C93BFEFAB1ABB0ACB55DF4FE881E4
:20B8A000F981C55AD0403196CB55DF4FF983E883C55AD040FAE0AF16B10409F0B2CF1E14B4
:20B8C0001F040CF487CF22CF2C3009F471CF203109F46ECF213209F46BCF019672E0270E32
:20B8E000311C8A30910509F033CFC555DF4F88819981CB5AD0400196C555DF4F998388830A
:20B90000CB5AD0406ECE2C3141F755245394E5CFCB56DF4FB983A883C559D040FD0101909A
:20B920000020E9F73197EA1BFB0BCF56DF4FF983E883C159D04021E0C156DF4F2883CF59B7
:20B94000D04025CCC956DF4F19821882C759D040C056DF4F1882C05AD040CD56DF4F198240
:20B960001882C359D04033CCC955DF4F48815981C75AD0408CCC231709F4B7CCC156DF4F8B
:20B980001882CF59D040B7CC231709F4C1CCC056DF4F1882C05AD040C1CCA114B10409F492
:20B9A0003BC1C754DF4FE881F981C95BD040C7018A0D9B1D8E169F0608F4C1CC111102C05E
:20B9C0001FEF1E0D25016201FDE04F16510418F03CE0C32ED12CB3016E0D7F1DA601CE01BB
:20B9E00081599F4F0E94F3CCEC0CFD1C4C185D08CD55DF4F8881C35AD040811121C0C15634
:20BA0000DF4F0881CF59D0400023D1F0CB56DF4F88819981C559D040892B91F09601AE0138
:20BA200041595F4FBE016F567F4FCE018B569F4F0E9478788023C156DF4F8883CF59D04011
:20BA4000C356DF4F8881CD59D04081110AC0C156DF4F8881CF59D040C356DF4F8883CD5906
:20BA6000D040C556DF4F1882CB59D040CC55DF4F8881C45AD040811127C0C056DF4F0881D3
:20BA8000C05AD040002301F1C956DF4F88819981C759D040892BC1F09601AE0141595F4FD4
:20BAA000C653DF4F68817981CA5CD040C453DF4F88819981CC5CD0400E9478788023C0563B
:20BAC000DF4F8883C05AD040C256DF4F8881CE59D04081110AC0C056DF4F8881C05AD040AA
:20BAE000C256DF4F8883CE59D040C456DF4F1882CC59D040C755DF4F39822882C95AD040C5
:20BB0000C555DF4F28813981CB5AD040CF54DF4F39832883C15BD040C355DF4F19821882E6
:20BB2000CD5AD040CF54DF4FA881B981C15BD0408D919D91CF54DF4FB983A883C15BD040BE
:20BB4000892BC1F1C755DF4FE881F981C95AD0400081002379F1C355DF4F88819981CD5A81
:20BB6000D040880F991FEFE1F0E0EC0FFD1FE80FF91F208131812C153D05E4F0CB55DF4FA8
:20BB800068817981C55AD040680F791F9601AE0141595F4FA3E3B0E0AC0FBD1F8A0F9B1FF6
:20BBA0000E9478788023C755DF4FE881F981C95AD0408083C355DF4F28813981CD5AD0400D
:20BBC0002F5F3F4FC355DF4F39832883CD5AD040C755DF4F48815981C95AD0404F5F5F4FE9
:20BBE000C755DF4F59834883C95AD0402630310509F098CF141415040CF4E5CEC955DF4FF5
:20BC000068817981C75AD0406A0D7B1DC955DF4F79836883C75AD040C70191CB122F8FCBDE
:20BC2000C555DF4FE881F981CB5AD040F12CE12C81919191892B09F451C72FEFE21AF20A67
:20BC400036E0E316F104A1F7B1CCCD53DF4FA880B980C35CD0408A149B0408F4A4C0D2017D
:20BC600011962C91213209F0B2C0FE01E95AFF4F30E020E0412F50E0C555DF4FA881B981B7
:20BC8000CB5AD0406D917D91C555DF4FB983A883CB5AD040672B09F46EC0112329F0608194
:20BCA00071814617570781F0CB55DF4FA881B981C55AD0406D917C91672B09F05CC0D10102
:20BCC0006C91662309F457C0F301EE0DFF1D46E0DE01A159BF4F01900D924A95E1F78C013E
:20BCE000065F1F4FE596EEACFFACE597FE24EF24FE24B8E0EB16F10470F188E0F301E00FA4
:20BD0000F11FDE01A159BF4F01900D928A95E1F7F901EE0FFF1FBBE4AB2EB12CAC0EBD1E06
:20BD2000EA0DFB1DE5968EAD9FADE59798278927982791838083E6968FADE697813890F0C3
:20BD40004BE850E04C0F5D1F240F351FE7968FADE797D9018C93E00EF11E2FEF821A920A9F
:20BD6000C701F3C9EBE8F0E0EC0FFD1F2E0F3F1F86E0800FEECF2F5F3F4FCB55DF4F6881E5
:20BD80007981C55AD0406E5F7F4FCB55DF4F79836883C55AD0407FEF271A370A329626306D
:20BDA000310509F069CFF4E0EF0EF11CF301EE0DFF1D20813181E1963FAF2EAFE1973227CD
:20BDC000232732272E5F3F4FE20EF31EC6CF203109F089C0FE01E95AFF4FB12CA12C212FF2
:20BDE00030E0C555DF4FA881B981CB5AD0404D915D91C555DF4FB983A883CB5AD040452B33
:20BE000009F456C0112329F0408151812417350781F0CB55DF4FA881B981C55AD0404D9189
:20BE20005C91452B09F044C0D1014C91442309F43FC0F301EE0DFF1D26E0DE01A159BF4F9E
:20BE400001900D922A95E1F7E596EEACFFACE597FE24EF24FE248C01065F1F4FB2E0EB1695
:20BE6000F10408F478CFAA0CBB1CE1E0F0E0EC0FFD1FAE0EBF1ED501DE968D919C91892B73
:20BE800009F069CFC70101960E9424C46C01F50197AF86AF009709F45ECFA701B301600F1E
:20BEA000711F0E94F3CCF601EE0DFF1D108253CF4FEFA41AB40ACB55DF4F68817981C55AC5
:20BEC000D0406E5F7F4FCB55DF4F79836883C55AD0407FEF271A370A3296A6E0AA16B104A0
:20BEE00009F07FCF60CF213009F05DCFFE01319650E040E0208121113BC0111101C01FEF81
:20BF000065E0649F9001659F300D1124E1E0F0E0EC0FFD1FE20FF31F1083F301EE0DFF1D89
:20BF200046E0DE01A159BF4F01900D924A95E1F7E596EEACFFACE597FE24EF24FE248C01ED
:20BF4000065F1F4FB4E0EB16F10409F004CFD9011196E1E0F0E0EC0FFD1FAE0FBF1F84E090
:20BF6000F301E00FF11F01900D928A95E1F7F3CE4F5F5F4F35964630510509F0BBCF13CF8E
:20BF8000A090F410B090F510A114B10409F460C0F5011F018191882311F08E32D1F7D10173
:20BFA0001C924E01B3E68B0E911CD12CC12C75E0572EF401419151914F0141155105E9F162
:20BFC000EBE8F0E0EC0FFD1FEC0DFD1D7081FE01319630E020E090E080E0DF0160816717BE
:20BFE00019F06F3F09F056C0589E9001599E300D11242F5F3F4F2A0F3B1FE0910A11F091CF
:20C000000B113097D1F0C601880F991FAFE3B0E0AC0FBD1FA80FB91FED90FC906BE470E076
:20C020006C0F7D1F860F971FDC010D911C916091061170910711C5011995BFEFCB1ADB0A69
:20C04000E6E0CE16D10409F0B4CF8EE2D1018C938E010D591F4F7E01BFE3EB0EF11C680191
:20C06000ECE0CE0ED11CD8018D919D918D01009749F00E94C0C4F70180819181009711F0DF
:20C080000E94C0C4F2E0EF0EF11CC016D10659F70C941F582115310529F4662319F09F01CF
:20C0A0002F5F3F4F019635968630910509F096CF2115310511F2A1CFB1E0EB16F10409F0F9
:20C0C000F4C2F80172827382748275827682778270867186BFEFEB1AFB0AE2E0AE0EB11CFA
:20C0E000FAE0EF16F10411F00C94C857552071F030E020E041E050E0C354DF4F688179814D
:20C100008A819B81CD5BD0400E94837C96EFA92E90E1B92E912CD601DB968D919C91892B67
:20C1200009F449C0F50180819181A281B381CB54DF4F288139814A815B81C55BD040281BCF
:20C14000390B4A0B5B0BDA01C901992009F417C545E050E081319742A105B10508F017C599
:20C16000F50180859185A285B3850097A105B10511F1CB54DF4F288139814A815B81C55BE3
:20C18000D04082179307A407B507A8F491109EC270E060E08091F2109091F3100E94537824
:20C1A000D601DB968D919C91009729F00E94C0C4F60114AE13AEF2E0CF0ED11C24E0A20E4C
:20C1C000B11C31E093127FC28091EE109091EF10A091F010B091F110CB54DF4F4881598109
:20C1E0006A817B81C55BD040481B590B6A0B7B0BDB01CA0181399F45A140B10548F18EEDD6
:20C20000E82E80E1F82E10E000E0D7018D919D917D01892B41F0980142E050E060E070E0AF
:20C22000CB010E94837C0F5F1F4F0830110569F7CB54DF4F288139814A815B81C55BD04080
:20C240002093EE103093EF104093F0105093F1108091FC0D82FD2FC081FF1AC08D7F8160E5
:20C260008093FC0D0E94BE976093F20D7093F30D8093F40D9093F50D6093F60D7093F70D80
:20C280008093F80D9093F90D1092FB0D1092FA0DE091F00DF091F10D19958091FC0D8E7F48
:20C2A0008093FC0D8091FA0D9091FB0D01969093FB0D8093FA0D8091321281117AC20E9480
:20C2C000BE970091090A10910A0A20910B0A30910C0A601B710B820B930B6133754781051B
:20C2E000910508F466C20E94BE976093090A70930A0A80930B0A90930C0A83E09EE00E948C
:20C3000043AE80910A03811106C285E090E10E94AB6B6DEF7DE08DEB9CE00E94A1940E9400
:20C32000D57F892B09F026C283E290E10E94AB6B6DEF7DE08DEB9CE00E94A1940E94594DBA
:20C340008EE29FE00E947E2085E09FE00E947E208CED9EE00E947E2083EB9EE00E947E2027
:20C360008091301090913110892BB1F000912810109129100115110509F078C26AE175E013
:20C38000CE014F960E94BC93CE014F960E94A73FCE014F960E946C930E94D7A0892B09F0A1
:20C3A000A5C20E94CFA0892B09F0A0C2C090DC02D090DD02E090DE02F090DF028CED9EE0E1
:20C3C0000E9437119B01AC01C701B6010E9472CA6093DC027093DD028093DE029093DF0223
:20C3E000C090E002D090E102E090E202F090E30283EB9EE00E9437119B01AC01C701B60171
:20C400000E9472CA6093E0027093E1028093E2029093E3020E94A8238EE29FE00E94B711BE
:20C4200085E09FE00E94B7118CED9EE00E94B71183EB9EE00E94B7111092100A0E942A3D32
:20C440000E94D7A02091530230E02F5F3F4F8217930709F04CC00E94CFA0892B09F047C094
:20C4600020E030E040E05FE36091C4027091C5028091C6029091C7020E9421C96B017C0193
:20C4800020E030E0A9010E9487CB20E030E040E05FE387FD2EC2C701B6010E9473CA0E9408
:20C4A00051CB633008F42AC2609354028091530290915402890F8093560288E490E10E943D
:20C4C000AB6B4AE050E0609154028DEB9CE00E944F946DEF7DE08DEB9CE00E94A194809197
:20C4E000550290915602891710F4809356028091100A811117C080915102882399F0809120
:20C500008E0A81110FC00E94D7A0209153022817190641F40E94CFA0892B21F485E09FE0B2
:20C520000E94D72085E09FE00E948C158823D1F1809151028823B1F18091B10E811132C0C9
:20C540000E94BE970091160F1091170F2091180F3091190F601B710B820B930B20E63AEE56
:20C5600040E050E00E9441CA8091570290E0B0E0A0E082179307A407B507A0F40E94D7A08D
:20C58000209153022817190609F064F40E94D7A0209156022817190629F024F00E94FD1585
:20C5A0000E94D91580915202882331F085E09FE00E948C158111A6C18EE29FE00E94502099
:20C5C00080915102882361F00E94D7A00C9741F40E94CFA0892B21F48EE29FE00E94D720A8
:20C5E00080915102882369F10E94D7A00C9741F40E94CFA0029721F48EE29FE00E94502021
:20C60000809151028823E9F085E09FE00E948C158823B9F080910D0A811113C00E94D7A011
:20C62000209156022817190661F40E94CFA0892B41F40E9422720E94327285E09FE00E9442
:20C6400050208091100A8111AAC180915102882309F4BCC180918E0A8111A5C185E09FE034
:20C660000E948C1581119BC10E94D7A0209153022817190609F00CF48AC120E030E040E098
:20C6800050EC609188027091890280918A0290918B020E94BBC887FF82C185E09FE00E9498
:20C6A000D72081E080930D0A7AC1D50193968D919C91892B09F40ECD97012250310942E081
:20C6C00050E00C94D8579924939425CD80910A1190910B11892B09F463CD8091F410909105
:20C6E000F510FC01DF012191222311F02E32D1F71C926091061170910711E0910A11F0915C
:20C700000B11F12CE12C10E000E030E020E050E040E0199545CD80EE9FE00E94AB6B6DEFE2
:20C720007DE08DEB9CE00E94A19468EF72E0CE0101960E94AF946CEF72E0CE014F960E94DA
:20C74000AF9460E073E0CE01C3960E94AF9464EF72E0CE01CF960E94AF949E012F5F3F4F7D
:20C76000AE01415E5F4FBE016D5C7F4FCE01CF960E9422718EEC9FE00E94AB6BCE010196E7
:20C780000E942A196DEB7CE0CE0101960E945D946DEF7DE08DEB9CE00E94A19481E080930F
:20C7A000321282E19EE00E94D3AF0E94837F0E94C77E0E9483710E9403708111BFCD10923A
:20C7C0008F0A0E94BE970091050A1091060A2091070A3091080A601B710B820B930B61312F
:20C7E00077428105910508F4A9CD0E94BE976093050A7093060A8093070A9093080A0E94EB
:20C800000370882361F140914110509142106091431070914410E0918C10F0918D1080917E
:20C820008A1090918B10199560917610709177102EE030E0AE014F5F5F4F80917A10909110
:20C840007B100E94A61A009721F489819A810E94EA6C90939710809396100E94F66F83E035
:20C860009EE00E9443AE0E94F22668CDD80116968D919C919093291080932810B801CE01B9
:20C8800001960E94B393F80117821682C8010E946C93C8010E94C0C48091281090912910F3
:20C8A000892B21F410922B1010922A108091301090913110019790933110809330108981EA
:20C8C0009A8198A38F8F8B819C819AA389A38D819E819CA38BA31A8219821C821B821E82A6
:20C8E0001D82CE0101960E946C934ECD1092C00AA7CDC701B6010E9472CAD1CD83E0809326
:20C900005402D4CD8091050F9091060FA091070FB091080F80349E47A540B10508F450CED8
:20C92000C090C402D090C502E090C602F090C7028090840290908502A0908602B09087027B
:20C940002DEC3CEC4CE45EE3C501B4010E9472CA9B01AC01C701B6010E94BBC887FF05C094
:20C960008EE29FE00E94D7202BCE2DEC3CEC4CE45EE3C501B4010E9473CA9B01AC01C70119
:20C98000B6010E9487CB18160CF01ACE15CE0E94D7A020915602281719060CF46ECE80912A
:20C9A0005102882399F085E09FE00E948C15882369F00E94D7A0209153022817190609F04F
:20C9C0000CF46BC080910D0A811170C085E09FE00E948C15882309F446C00E94BE970091E5
:20C9E000160F1091170F2091180F3091190F601B710B820B930B69357B418105910598F169
:20CA000020917C0230917D0240917E0250917F026091D0027091D1028091D2029091D30282
:20CA20000E94BBC887FF1FC085E09FE00E94502081E080938E0A6EE370E1CE0101960E94C0
:20CA4000AA9369817A81FB0101900020E9F73197AF01461B570B8AED98E00E941770CE0105
:20CA600001960E946C93C353DF4F0FB6F894DEBF0FBECDBFDF91CF911F910F91FF90EF90C5
:20CA8000DF90CF90BF90AF909F908F907F906F905F904F903F902F9008950E94D7A020911B
:20CAA0005602281719060CF48DCF90CF20E030E040E050E4609188027091890280918A02FD
:20CAC00090918B020E9487CB18160CF07FCF85E09FE00E94502010920D0A78CFC6010297E6
:20CAE0000E9424C45C01892B11F40C94D65AB301600F711FDB01ED91BD01C955DF4FE88344
:20CB0000C75AD040D201EC93960123503109CD54DF4F39832883C35BD040A901C5010E9458
:20CB2000F3CCC955DF4F6881C75AD040CD54DF4F48815981C35BD040641715062CF0F50108
:20CB4000EC0DFD1D33971082EE0CFF1CE3E6F0E0EC0FFD1FEE0DFF1DB182A08287E590E059
:20CB60008C0F9D1FE80EF91ED7010D931C93B1E0CD54DF4FB883C35BD0400C94D65A44E0ED
:20CB800050E0893E9340A105B10508F4E9CA30E020E060E070E0CB010E94837CE1CA019770
:20CBA00011F40C949A5A4FEF241A340ACF54DF4F68817981C15BD0406F5F7F4FCF54DF4FD5
:20CBC00079836883C15BD040CB55DF4F88819981C55AD0400196CB55DF4F99838883C55A77
:20CBE000D040C755DF4FA881B981C95AD0401196C755DF4FB983A883C95AD040C355DF4F74
:20CC0000E881F981CD5AD0403196C355DF4FF983E883CD5AD040C155DF4F48815981CF5ABF
:20CC2000D0404E5F5F4FC155DF4F59834883CF5AD0400C94315A8F929F92AF92BF92CF92F5
:20CC4000DF92EF92FF920F931F93CF93DF931F921F92CDB7DEB79C01260F371F409178102D
:20CC6000509179104217530708F44CC05B014C01D12CC12CCA14DB0418F090E080E033C074
:20CC8000E0918E10F0918F1080918A1090918B1019957B018C011E141F04100611060CF5C4
:20CCA0001A82198260917C1070917D10C4018C0D9D1D680F791FE0918410F09185109E0151
:20CCC0002F5F3F4FA5014C195D0980918210909183101995009739F489819A81C80ED91E0C
:20CCE000C9CF8CEF9FEF0F900F90DF91CF911F910F91FF90EF90DF90CF90BF90AF909F909C
:20CD00008F9008958FEF9FEFEECF4F925F926F927F928F929F92AF92BF92CF92DF92EF9273
:20CD2000FF920F931F93CF93DF93EC014B017A012901DB010D911C918881882309F44BC079
:20CD40005E01FE0181E090E02191222321F02E3211F00196F9CF3C01B1E06B1A7108F70118
:20CD60003196D7016C926E01C80ED91E8BE090E0D5012D915D01AC15BD05D1F46C0E7D1EB0
:20CD8000E301BFEF6B1A7B0A28812E32C9F38C30910591F22CE030E06901C81AD90AA6016B
:20CDA000B70187EB90E10E9490AA0C0D1D1DC4CF20830197319618161906D4F24CE050E0A5
:20CDC000B70187EB90E10E9490AA045F1F4FF7018CE090E0CDCF452859F0F701108241E03A
:20CDE00050E0B70187EB90E10E9490AA0F5F1F4FD4010D931C93DF91CF911F910F91FF90DD
:20CE0000EF90DF90CF90BF90AF909F908F907F906F905F904F900895AF92BF92CF92DF920C
:20CE2000EF92FF920F931F93CF93DF931F921F92CDB7DEB76B015A017901FB0120813181AD
:20CE40003A8329838C01000F111FF801E954FF4E07A0F0A5E02DE114F10449F1868197818E
:20CE60009701A501BE016F5F7F4F0E948566EF2861F4F801E954FF4E07A0F0A5E02D828151
:20CE800093810097B9F0019709F189819A81F601918380830F900F90DF91CF911F910F911B
:20CEA000FF90EF90DF90CF90BF90AF90089584819581D6CF8DE199E021E030E0A501BE014E
:20CEC0006F5F7F4F01960E948566DFCF81E199E0F3CF8F929F92AF92BF92CF92DF92EF9210
:20CEE000FF920F931F93CF93DF93D0911F0CD13208F0D7C0182FC09174110E9466976B0133
:20CF00007C018091F70B81116BC082E08093F70B1093F60B8FEF8093F50B1092F40BD09314
:20CF2000F30BAFEFBBE0E3EDFBE080E0D81391C01092D20B8091D20BCC0FC82BC093D20B08
:20CF40008091D10B813009F088C01092D10B0E9466976B017C018091D20B8093BB0080911F
:20CF6000F90B9091FA0BA091FB0BB091FC0B892B8A2B8B2BA1F00E9466970091F90B109183
:20CF8000FA0B2091FB0B3091FC0B6C197D098E099F09061717072807390708F442C080910A
:20CFA000BC0083FDD8CF85EC8093BC000E9466976B017C018091F70B823009F450C08091E3
:20CFC000F50B8F3F09F46FC08091F50B803209F46CC08091F50B803309F469C084E026C037
:20CFE0008091F90B9091FA0BA091FB0BB091FC0B892B8A2B8B2B09F484CF0E946697809059
:20D00000F90B9090FA0BA090FB0BB090FC0B6C197D098E099F0986169706A806B90608F082
:20D0200070CF8091F80B0E947A9985E01092FE0B10921F0C1092FD0BDF91CF911F910F9141
:20D04000FF90EF90DF90CF90BF90AF909F908F9008959D9191938F5F69CF85EEA5CF80910B
:20D06000F90B9091FA0BA091FB0BB091FC0B892B8A2B8B2B09F49ECF0E9466970091F90B4A
:20D080001091FA0B2091FB0B3091FC0B6C197D098E099F09061717072807390708F08ACF26
:20D0A000C0CF81E0C3CF80E0C1CF82E0BFCF83E0BDCFCF92DF92EF92FF920F931F93CF9385
:20D0C0009091380E21E02093FD0B909374111092FE0B10921F0C682F8CE59DE00E94E28F75
:20D0E00081E00E946967C091380E0E9466976B017C018091F70B811165C081E08093F70BFE
:20D100008093F60B9FEF9093F50B1092F40B8093F30B8093D20B8091D20BCC0FC82BC09399
:20D12000D20B8091D10B813009F08CC01092D10B0E9466976B017C018091D20B8093BB006D
:20D140008091F90B9091FA0BA091FB0BB091FC0B892B8A2B8B2BA1F00E9466970091F90B31
:20D160001091FA0B2091FB0B3091FC0B6C197D098E099F09061717072807390708F443C097
:20D180008091BC0083FDD8CF85EC8093BC000E9466976B017C018091F70B813009F454C0FE
:20D1A0008091F40B823008F071C08091F40BE3EDFBE0A1EBBBE090E0981751F121912D93CF
:20D1C0009F5FFACF8091F90B9091FA0BA091FB0BB091FC0B892B8A2B8B2B09F48ACF0E94B7
:20D1E00066970091F90B1091FA0B2091FB0B3091FC0B6C197D098E099F09061717072807C4
:20D20000390708F076CF8091F80B0E947A9980E01092B00B8093AF0B8CE59DE00E949B8F84
:20D22000C82F8CE59DE00E949B8F20E03C2FA901482BCA01CF911F910F91FF90EF90DF90BD
:20D24000CF90089585EEA1CF8091F90B9091FA0BA091FB0BB091FC0B892B8A2B8B2B09F419
:20D260009ACF0E9466970091F90B1091FA0B2091FB0B3091FC0B6C197D098E099F09061785
:20D2800017072807390708F086CFBDCF82E08FCFAF92BF92CF92DF92EF92FF920F931F939E
:20D2A000CF93DF931F921F92CDB7DEB77C01E60EF71EE1E0F0E02630310511F0F0E0E0E0EB
:20D2C000EE0FFF1F74E0220F331F7A95E1F7E22BE816F90669F16A015C01DC01ED93BA83AF
:20D2E000A98322E030E040E050E0B701CE0101960E94661A009779F4A801B701CE01019695
:20D300000E94891B009739F429813A812A193B09F601318320830F900F90DF91CF911F910B
:20D320000F91FF90EF90DF90CF90BF90AF9008958FEF9FEFF0CFEF92FF920F931F93CF93B3
:20D34000DF9300D000D01F921F92CDB7DEB77C018B01FC018081918198878F8321E030E0E5
:20D36000AB01BE01695F7F4F8091DC109091DD100E948566F801108281E0818390E8928397
:20D38000838344E050E0B80187EB90E10E9490AA8F819885049698878F8380E090E0A0E073
:20D3A000B8E7F80180839183A283B38380E094E095838483CE0101960E942A193B812C81BC
:20D3C0009D818E81F80136832783908781874AE050E0B80187EB90E10E9490AA8F819885A6
:20D3E0000A96F7019183808328960FB6F894DEBF0FBECDBFDF91CF911F910F91FF90EF904B
:20D4000008954F925F926F927F92AF92BF92CF92DF92EF92FF920F931F93CF93DF931F923C
:20D420001F92CDB7DEB76C015B017A0128013901DB018D919C919A83898321E030E0BE015B
:20D440006F5F7F4FC6010E940C67F70110828CE08183128281E08383742C66245524442454
:20D460004482558266827782F601EE0FFF1FE954FF4E07A0F0A5E02D0480F581E02DDF0162
:20D480000D900020E9F7CD018E1B9F0B0C96982789279827F701918780874AE050E0B701D5
:20D4A00087EB90E10E9490AA89819A810A969A83898330E020E0A701BE016F5F7F4FC601E5
:20D4C0000E940C6789819A81D5018D939C930F900F90DF91CF911F910F91FF90EF90DF9012
:20D4E000CF90BF90AF907F906F905F904F9008959C018091FC0D82FD07C08091F00D90919A
:20D50000F10D8217930751F09091FC0D92609B7F9093FC0D3093F10D2093F00D0895BF92D8
:20D52000CF92DF92EF92FF920F931F93CF93DF93EC01B62EC72E8D85811105C0CE010E943F
:20D540002F1E81110EC01B861D861C8680E0DF91CF911F910F91FF90EF90DF90CF90BF908D
:20D56000089540E060EFCE010E94DC1D01E0E12CD12C11E0CE010E94891DF82ECE010E94AB
:20D58000891D91E0F91218C0813099F51134D8F2DB86D11002C081E08D878B81882399F288
:20D5A0002396EB2DFC2DCF01089629912193E817F907D9F781E0CBCFEE2DF0E0F8120FC007
:20D5C0008B851817A0F4DE01AE0FBF1F13968C91802379F4F12C193008F41C87D12EEC0F29
:20D5E000FD1F8381902F9095892383830AC08113F1CFFE01EE0DF11D8381802B8383FF2477
:20D60000F3946F2DCE010E94AD1D1F5F000F11F4E39401E087E08E1508F0ACCFB7CF6F92BE
:20D620007F928F929F92AF92BF92CF92DF92EF92FF920F931F93CF93DF938C01EB0180915F
:20D64000A9109091AA100E942F1E882309F43FC0B8018091A9109091AA100E94101E40E052
:20D660006EEB8091A9109091AA100E94DC1D7E016E0189E0C80ED11C8E01A090A910B0903F
:20D68000AA1088E0882E912C712C66246394C5010E94891D81117628660CE1E08E1A910825
:20D6A000B1F7F80171928F01CE16DF0631F78091A9109091AA100E942F1E813041F4F701D3
:20D6C00081917F01811105C0E017F107C1F790E008C068E0CE010E94721D91E028852813E1
:20D6E000F6CF892FDF91CF911F910F91FF90EF90DF90CF90BF90AF909F908F907F906F90C7
:20D700000895CF93DF9300D000D000D0CDB7DEB7BE016F5F7F4F0E940F6B882331F08D81BE
:20D720008F33A9F020F48F31A1F080E007C08F3521F08F37D1F78CE001C08BE029960FB683
:20D74000F894DEBF0FBECDBFDF91CF9108958AE0F5CF89E0F3CF0F931F93CF93DF938C01CC
:20D76000D0E0C0E0F801EC0FFD1F6491662341F08DEB9CE00E94678E892B11F02196F2CFE2
:20D78000CE01DF91CF911F910F910895CF93DF930E94AB6BEC018DEB9CE00E942C948C0F93
:20D7A0009D1FDF91CF9108954F925F926F927F928F929F92AF92BF92CF92DF92EF92FF9294
:20D7C0006B017C01AC019B010E948CCB6FE279E0811126C046015701E894B7F82FEF3FEFE6
:20D7E0004FE75FE7C501B4010E948CCB81110CC02FEF3FEF4FE75FE7C501B4010E94BBC873
:20D8000063E379E0181664F02FEF3FEF4FE75FE4C701B6010E9487CB181694F467E379E056
:20D820008DEB9CE0FF90EF90DF90CF90BF90AF909F908F907F906F905F904F900C94D1935C
:20D840002FEF3FEF4FE75FECC701B6010E94BBC887FDE4CF20E030E0A901C701B6010E9445
:20D86000BBC8B12CA12C87FF0AC06DE28DEB9CE00E9456945C01F7FAF094F7F8F0942AE00D
:20D8800037ED43EA5BE3C701B6010E9473CA2B013C010E9458CB6B017C010E94C0C89B01BE
:20D8A000AC01C301B2010E9472CA2B013C012AE0B701A6018DEB9CE00E94E0937C01EA0C18
:20D8C000FB1C6EE28DEB9CE00E945694E80EF91E20E030E040E251E4C301B2010E9421C9EA
:20D8E0002B013C010E9458CB4B01B12CA12C2AE0B501A4018DEB9CE00E94E093E80EF91E89
:20D90000C501B4010E94C0C89B01AC01C301B2010E9472CA20E030E040E251E40E9421C9D1
:20D920000E9458CBAB0170E060E02AE08DEB9CE00E94E0938E0D9F1DFF90EF90DF90CF90A0
:20D94000BF90AF909F908F907F906F905F904F900895CF93DF9380933A0EC091390E90E239
:20D96000C99FE0011124C360D16890E0982F88279295907FC82BD92B8091380E91E09093CF
:20D98000FD0B809374111092FE0B10921F0C61E08CE59DE00E94E28F6D2F8CE59DE00E9401
:20D9A000E28F6C2F8CE59DE00E94E28F81E00E94696781E00E94596897FD07C061E070E0D7
:20D9C00080E090E00E948B97F4CF80E0DF91CF910C945968AF92BF92CF92DF92EF92FF92E9
:20D9E0000F931F93CF93DF931F921F92CDB7DEB75C01D12CC12CCA14DB04A0F0409171109E
:20DA0000509172106091731070917410E0918C10F0918D108091881090918910199590E0FE
:20DA200080E030C0E0918E10F0918F1080918A1090918B1019957B018C011E141F041006DE
:20DA40001106F4F41A82198260917A1070917B106C0D7D1DE0918610F09187109E012F5F2A
:20DA60003F4FA5014C195D0980918210909183101995009739F489819A81C80ED91EBBCF62
:20DA80008CEF9FEF0F900F90DF91CF911F910F91FF90EF90DF90CF90BF90AF9008952F9257
:20DAA0003F924F925F926F927F928F929F92AF92BF92CF92DF92EF92FF920F931F93CF9333
:20DAC000DF93CDB7DEB766970FB6F894DEBF0FBECDBF3C017E8B6D8B1A01F12CE12CF30100
:20DAE0001182108261E070E090E080E00E941B668C3FFFEF9F0709F420C1009709F05AC096
:20DB000060917C1070917D10F301118210827A8369836F5F7F4FAE01485F5F4FCE010196F2
:20DB20000E94731B009709F045C08885807F90E034E0959587953A95E1F7F3019183808398
:20DB40008930910579F04CF40297069758F0F3011182108287EF9FEF2DC08B30910511F0F3
:20DB60000D97A9F719821A821B821C8210E000E02801FFEF4F1A5F0A61E070E0C2010E9440
:20DB80001B660097B9F460917C1070917D106F5F7F4F79876887640D751DAE014F5F5F4F1C
:20DBA000CE0108960E94DC1A8E3F2FEF9207D9F489EF9FEF66960FB6F894DEBF0FBECDBFC6
:20DBC000DF91CF911F910F91FF90EF90DF90CF90BF90AF909F908F907F906F905F904F9091
:20DBE0003F902F9008950097C9F469817A818B819C814B012091901021111AC06115710503
:20DC00008105910509F091C089809A80FFEF8F1A9F0A8E0C9F1C840C951C35C019821A8279
:20DC20001B821C8282018F3F980709F4A1CFC2CF98012E5F3F4F5B016C01A20EB31EC11CE0
:20DC4000D11C209178103091791050E040E02A153B054C055D0590F68114910489F5F301B0
:20DC600011821082E0919110F0919210309759F080819181A281B3810196A11DB11D8083AA
:20DC80009183A283B383F30180819181009709F491C18530910509F43AC108F050C0039743
:20DCA00009F457C02114310409F47BC1F301808191812816390609F080C190E080E07ACFD6
:20DCC000E0918E10F0918F1080918A1090918B1019957B018C011E141F041006110614F56C
:20DCE00040917810509179108416950608F4A4011986188660917C1070917D10E09184103E
:20DD0000F09185109E01285F3F4F80918210909183101995009709F04DCF88859985881ABB
:20DD2000990A9ACF8CEF9FEF45CFC80102960E941B66009709F468CF3DCF4701A4CF8630EE
:20DD4000910509F410C10D9709F0ACCF10927510A9CF8091781090917910E0907C10F090E9
:20DD60007D10FF86EE86E80EF91EAE01405F5F4FB701CE010E960E94731B009709F01ACF40
:20DD80008889982F907F903309F0E4CE982F91709B83867090E095958795813009F49AC094
:20DDA000512C412C823019F492E0492E512CAE01485F5F4FB701CE010E960E94DC1A0097F6
:20DDC00009F0F8CE488559856A857B85423051056105710508F498C00E851F85E01AF10AC6
:20DDE000C701FF0CAA0BBB0B84179507A607B70708F4DDC0040F151FAE01445F5F4FB8019A
:20DE0000CE010E960E94A11B009709F0D3CE2C853D852115310509F061C01C8A1B8A3A8BF7
:20DE2000298B4114510409F469C0AE01445F5F4FB801CE010E960E94A11B009709F0BACEBC
:20DE40008E859F85081B190B1F830E83012B09F058C01D821C82E0917E10F0917F103097C1
:20DE6000A1F06091801070918110A42C5A824982BA80CB80DC80ED80FE800F8129893A89B6
:20DE80004B895C898FE690E119954114510409F409CF24E030E04A94452811F025E030E041
:20DEA0000C851D856091761070917710AE01485F5F4F80917A1090917B100E9448690097FB
:20DEC00009F078CE888599850E94EA6C009709F4E9CE70CE44244394512C69CF8E859F852C
:20DEE000A801481B590B4217530708F460C09C8B8B8B820F931F9F878E8791CF1D861C8683
:20DF00009FCF9D838C83A7CF88EF9FEF53CE60917810709179108E01085F1F4F9E01245F3F
:20DF20003F4F45E050E080917C1090917D100E94C41B009709F03ECE0885198560917610F4
:20DF40007091771026E030E0AE014F5F5F4F80917A1090917B100E944869009709F02ACEF6
:20DF600089819A81B1CF60917810709179108E01085F1F4F9E01245F3F4F46E050E080917E
:20DF80007C1090917D100E94C41B009709F012CE08851985609176107091771027E030E015
:20DFA000D3CF8D899E89892B09F080CE86CE8FEF9FEF00CE21143104A1F3E0918E10F091CB
:20DFC0008F1080918A1090918B10199516161706180619060CF071CEED89FE89309721F0F7
:20DFE0008E169F0608F069CE740179CD109293108091451090914610DC01ED91FC91048858
:20E00000F589E02D19948091451090914610009711F480E00895DC01ED91FC910688F7895C
:20E02000E02D19958130A9F78091931008952F923F924F925F926F927F928F929F92AF927A
:20E04000BF92CF92DF92EF92FF920F931F93CF93DF9300D000D000D0CDB7DEB78C0179874D
:20E0600068874A010E9403708F83882309F4CDC0C0904110D0904210E0904310F090441020
:20E08000C8010E94541A2B013C01E0918C10F0918D10B701A60180918A1090918B1019959F
:20E0A000A0906F10B09070102FEFA216B20609F076C081E090E09093701080936F10AA2460
:20E0C000A394B12CBE82AD82009176101091771020907A1030907B103C822B82020D131D4F
:20E0E000620122E0C20ED11CF12CE12C82E0C80ED11CE11CF11CC401092C000CAA0BBB0B24
:20E10000C80ED91EEA1EFB1EAE014F5F5F4FC701B6010E94461B029609F449C0EB81FC81FD
:20E12000E017F10709F48BC083E380838B819C8101969C838B83A7019601B801CE010396F2
:20E140000E94661A009719F5A3019201B801CE0103960E94491C0097D1F4A501B801CE010F
:20E1600003960E94891B009791F4940148855985B801CE0103960E94251C009741F48B8188
:20E180009C81821993090E94EA6C009799F090939710809396100E94F66F1F8236C08FEF74
:20E1A000A81AB80AB0927010A0926F108BCF89EF9FEFEDCF1A82198244E050E070E060E031
:20E1C000CE0101960E944F6D009709F789819A81049719F087EF9FEFDACF609178107091F4
:20E1E00079108E010B5F1F4F9E012D5F3F4F44E050E080917C1090917D100E94C41B0097BF
:20E2000031F610929710109296108F8129960FB6F894DEBF0FBECDBFDF91CF911F910F9110
:20E22000FF90EF90DF90CF90BF90AF909F908F907F906F905F904F903F902F9008958FEFA1
:20E240009FEFA5CFCF92DF92EF92FF920F931F93CF93DF937C016B01EA0189018091AE0B88
:20E260008823D1F180E591E00E94AB1846E050E064E073E089E090E00E94A8A8C7010296DE
:20E280000E94A318BE016E5F7F4F44E050E081E090E00E94A8A8B8016E5F7F4F44E050E008
:20E2A00085E090E00E94A8A80E94AA18F60182819381A481B58180936C0D90936D0DA0936E
:20E2C0006E0DB0936F0DDF91CF911F910F91FF90EF90DF90CF9008950E944EAB882399F399
:20E2E000C1CF20E3FC0120833296862F82958F706F706A3030F4605D6293682F8111F5CF1C
:20E300000895695CF9CFEF92FF921F93CF93DF931F921F92CDB7DEB70E940370182F8823B9
:20E3200009F450C08091451090914610DC01ED91FC910084F185E02D19957C01892B09F12B
:20E3400040914110509142106091431070914410E0918C10F0918D1080918A1090918B103D
:20E3600019951A82198250E040E0B701CE0101960E944F6D009709F042C01092971010926F
:20E38000961040914110509142106091431070914410E0918C10F0918D1080918A109091F2
:20E3A0008B1019958091711090917210A0917310B0917410892B8A2B8B2B69F410929710A1
:20E3C00010929610812F0F900F90DF91CF911F91FF90EF900895E0918E10F0918F1080919C
:20E3E000881090918910199516161706180619062CF380917510882351F083EF9FEF9093D3
:20E400009710809396100E94F66F10E0DBCF60917610709177102CE030E0AE014F5F5F4FD5
:20E4200080917A1090917B100E94A61A009739F789819A810E94EA6C009709F781E0809344
:20E440007510BCCF1092B10E10924F021092BC021092BD021092BE021092BF028CED9EE0DB
:20E460000C9450201092750E109250021092C0021092C1021092C2021092C30283EB9EE0F1
:20E480000C945020CF93DF93EB01BC018CEF9FE00E945593BE0186E090E10E94559380913A
:20E4A0000A1090910B10C091FA0FD091FB0F892BC9F06AEF78E080910610909107100E9422
:20E4C0000ECD892B79F46CEF7FE0CE010E94A1946BE379E08091FA0F9091FB0FDF91CF9124
:20E4E0000C949F946CEF7FE0CE010E94A1946FE379E08091FA0F9091FB0F0E949F9466E0DE
:20E5000070E18091FA0F9091FB0F0E94A19460E479E08091FA0F9091FB0F0E949F94D8CF30
:20E52000CF92DF92EF92FF92CF93DF936A017B01BC018CEF9FE00E945593C4EFDFE0CE8635
:20E54000DF86E88AF98A6CEF7FE08E819F810E94A19462E876E08E819F810E949F944E852A
:20E560005F85688979892AE030E08E819F810E9442946BE379E08E819F81DF91CF91FF90CE
:20E58000EF90DF90CF900C949F940F931F93CF93DF9300D000D000D0CDB7DEB78C01862F68
:20E5A000F8011182108213821282158214824AE0BE016F5F7F4F90E00E9440C6BE016F5FBD
:20E5C0007F4FC8010E944B9329960FB6F894DEBF0FBECDBFDF91CF911F910F910895CF93FF
:20E5E000DF93EC0141E050E062E479E00E946792811103C0CE010E949392CE01DF91CF91A7
:20E600000895CF93DF93BC018DEB9CE00E94A194EC018DEB9CE00E942C948C0F9D1FDF91F7
:20E62000CF910895CF92DF92EF92FF92CF93DF936C01990FEE08FF08F7FE1BC06DE28DEB7C
:20E640009CE00E945694EC0144275527BA014C195D096E097F092AE08DEB9CE00E94E09346
:20E660008C0F9D1FDF91CF91FF90EF90DF90CF9008952AE0B701A6018DEB9CE0DF91CF91CD
:20E68000FF90EF90DF90CF900C94E093CF92DF92EF92FF92CF93DF9300D01F921F92CDB71D
:20E6A000DEB7DC011496EC911497E250ED3008F041C0F0E08827E05AFC488F4F0C94D5CBB3
:20E6C0009D739A73AF73B2736D739A739A739A737C739A7389739A73B6736C9170E0CB0188
:20E6E0000F900F900F900F900F90DF91CF91FF90EF90DF90CF9008958D919D910D90BC9180
:20E70000A02D811520E89207A105B10598F4BC01E6CF8D919D910D90BC91A02D6C017D01AD
:20E7200020E8D20EE11CF11CC114D10421E0E206F10468F370E060E0D2CFCD010E94CE2A6B
:20E740003A834B835C836D83CA80DB80EC80FD80223049F1233099F1213061F70BC08D91D6
:20E760009C91ECCF8D919C910496E8CFCD90DD90ED90FC9020E030E040E057ECC701B60150
:20E780000E9487CB87FDD6CF20E03EEF4FEF56E4C701B6010E94BBC8181664F2C701B60110
:20E7A0000E9451CB9CCFD701C6019058AF4FBF4F0097A140B10508F0BDCFB60190CFC11400
:20E7C00080E8D806E104F104C0F3B4CF2F923F924F925F926F927F928F929F92AF92BF9289
:20E7E000CF92DF92EF92FF920F931F93CF93DF9300D01F921F92CDB7DEB78C017B01342E57
:20E800000E9489226C01892B09F053C0C8010E943B22863609F4ECC17CF5873229F08B354D
:20E82000B9F1823209F0EBC1D80115961C921E92149712968D919C911397892B91F4CD9015
:20E84000DC90F601608171818FE190E00E94D930009721F421E0D60112962C93F8019383FD
:20E860008283C8010E94272D6C01892B11F5B701C8010E94062E1DC0843709F4ABC18B3793
:20E8800009F47EC08E3609F0BAC16FE479E0ABC180E4D70114968C931497E114F10421F042
:20E8A0008FEF8C9311968C9331101CC025E0C22ED12CC6010F900F900F900F900F90DF9194
:20E8C000CF911F910F91FF90EF90DF90CF90BF90AF909F908F907F906F905F904F903F9025
:20E8E0002F900895F8011486C8010E948922009709F07CC16DE5C8010E9455228111D9CFD8
:20E900003A94D8011D968D909C90C4010E948E2E782E5B01672B21F494E0C92ED12CC9CF88
:20E92000F70161816F3F39F1C40145960E94FE21DC0115967C92F7017182432DB501C80154
:20E940000E94E673009709F051C1C8010E948922009709F04BC16DE5C8010E9455228111A2
:20E96000A8CF6CE2C8010E9455228111CACF83E0C82ED12C9ECFD7018C9311968C93DDCF99
:20E9800080E2F7018483E114F10419F08FEF80838183332009F48ACFD8011C961C92C801F3
:20E9A0000E948922009709F021C16DE7C8010E94552281117ECF552453943A94F8011582C5
:20E9C000148282819381892B91F4C080D180D6016D917C918FE190E00E94D930009711F4B7
:20E9E000F6015282D80113969C938E931297C8010E943B22873201F18232F1F0C8010E945E
:20EA00003B22D82E0E942922882309F4B0CFF80114866D2DC8010E94F92CC8010E943B22FA
:20EA2000D82E0E9429228111F2CFD80112968D919C91892B41F470CFC8010E94272D6C0170
:20EA4000892B09F036CFC8010E9489226C01892B09F02FCF6AE3C8010E945522482E882386
:20EA600009F485CFD8011296ED91FC91139714968D919C911597E80FF91F14821496AD90E2
:20EA8000BC9015971296CD90DC90B4E0CB0ED11CF801858496842FEF90E080E0C114D104FF
:20EAA00071F1B401D7018C910E94182269837A838B839C83E894B7F835016C0C7D1C8981DC
:20EAC0009A810097D9F0442091F00E94D12F9C013F77A216B30659F4D601E62FF72F6A1691
:20EAE0007B0609F4DCC09D9181919817C1F34524B401CE0101960E942B2FE1CF2FEF8983FF
:20EB00009A832B832C8289819A81892B51F0B401CE0101960E942B2FC980DA80C114D104FE
:20EB200071F5F80185849684C4010E948E2E682E5B01672B09F4F0CEC4010E948E2E782E28
:20EB4000962FC92ED72EC114D10409F4E5CED50115967C92F70161816F3F71F0C401459682
:20EB60000E94FE21DC0115966C92F7017182B501C8010E94062E09C060827182F8CFF801B0
:20EB800065857685C6010E94912C432DB601C8010E94E6736C01892B09F08BCEC8010E94A1
:20EBA00089226C01892B09F084CE6DE7C8010E94552281117ECE6CE2C8010E94552288234F
:20EBC00009F4D5CEC8010E9489226C01892B09F4F5CE6FCE86E0D70114968C93149781E04E
:20EBE0008C9364E479E0C8010E9466226C0161CE86E0F7018483108269E479E0F4CFC8019D
:20EC00000E943B224801FFE08F0E911CB12C782CA92C803384F08A3384F49FE3B916A9F0E7
:20EC2000D8011C961C92B394F40181934F01C8010E943B22EECF8B3281F393ED980F92305C
:20EC400060F3982F9F7D953441F30B0D111DD8011F961C92872D9A2D0E94CE2A3A834B835F
:20EC60005C836D838A819B81AC81BD812230A9F0233059F0213009F07ACE2EE0F70124836D
:20EC800080839183A283B38314CE2AE0F701248380839183A283B3830CCE2CE0F7CF2C80AD
:20ECA00089819A812B812BCF0F931F93CF93DF93EC018A89811107C0E881F9810190F08123
:20ECC000E02DCE011995E0910E0BF0910F0B309749F0CE17DF0731F58889998990930F0B24
:20ECE00080930E0BE0910E0BF0910F0B309739F5D0930F0BC0930E0B0E9466970A811B811F
:20ED00002C813D81601B710B820B930B6E837F8388879987198A188ADF91CF911F910F91DF
:20ED20000895FC01808991890097E1F2C817D907C1F788899989918B808BD4CFFC01808932
:20ED400091890097D9F7D18BC08BD6CF8F929F92AF92BF92CF92DF92EF92FF920F931F93CA
:20ED6000CF93DF93EC016A017B0120E030E0A901CB01B6010E94BBC818160CF050C01AAA8B
:20ED80001BAA1CAA1DAACEAADFAAE8AEF9AE8AAD882309F444C00E8D1F8DF80180809180AF
:20EDA000A280B380A5019401C701B6010E94BBC887FF1AC0F801C082D182E282F3828EA02A
:20EDC0009FA0A8A4B9A4CEA8DFA8E8ACF9ACA7019601C501B4010E9487CB1816A4F4CEA231
:20EDE000DFA2E8A6F9A61BC020E030E0A901C501B4010E94BBC887FFE2CFF80110821182DB
:20EE000012821382DCCFCAA8DBA8ECA8FDA8A7019601C501B4010E94BBC887FDE0CFDF916E
:20EE2000CF911F910F91FF90EF90DF90CF90BF90AF909F908F900895E0915110F091521018
:20EE40003097F1F087819085892B21F0818592850E94C0C4E0915110F0915210808191811D
:20EE6000892B21F0828193810E94C0C480915110909152100E94C0C410925210109251106E
:20EE800008952F923F924F925F926F927F928F929F92AF92BF92CF92DF92EF92FF920F93F5
:20EEA0001F93CF93DF93CDB7DEB762970FB6F894DEBF0FBECDBFE0910D0BEE2309F4F1C02B
:20EEC00028013901598B488B6B015C012CB52A8B0E94711C8CB58F7D8CBD8CB5837F8CBD68
:20EEE000CE0101964C01212CBAE03B2E61E088E40E941D9682E9820D0E94A71C80E00E94AC
:20EF0000A71C8F87082F10E060E088E40E941D968F858F7092E0291262C09801F4E03695D6
:20EF20002795FA95E1F7217090E0239D800D911D1124A5E016950795AA95E1F70170E4E164
:20EF40000E9F800D911D11249E838D832394F2E08F0E911C27E02212C9CFA114B10419F04A
:20EF60008F81F5018083C114D10419F08B85F6018083288939892115310519F08D85F901D7
:20EF800080836114710419F08D81F30180834114510419F08B81F2018083E114F10419F0CE
:20EFA0008981F7018083FA89FCBD80E062960FB6F894DEBF0FBECDBFDF91CF911F910F9151
:20EFC000FF90EF90DF90CF90BF90AF909F908F907F906F905F904F903F902F900895F3E09F
:20EFE0002F121AC0980174E0369527957A95E1F7217090E0239D800D911D1124E5E01695FA
:20F000000795EA95E1F7017024E1029F800D911D112498878F839ACF34E0231609F496CF2D
:20F02000980164E0369527956A95E1F7217090E0239D800D911D112445E0241203C09C8723
:20F040008B8784CF980145E0369527954A95E1F72170E4E12E9F800D911D1124980156E0ED
:20F06000369527955A95E1F72170F8E22F9F800D911D112426E0221210C0000F012F001F31
:20F08000110B119540E5409F9001419F300D1124820F931F9E878D8759CFF4019183808317
:20F0A00055CF8FEF83CF2091081130910911232BA1F0009769F0FC0101900020E9F7319792
:20F0C0008E179F0720F4319721812E32C9F71182E0910811F091091119958091F2109091AD
:20F0E000F3100E94C0C41092F3101092F2100895AF92BF92CF92DF92EF92FF920F931F9337
:20F10000CF93DF936C017B01BA015901D7010D911C91FC01C081D18180E090E00217130767
:20F120005CF0A901CE010E94E6CC31E020E0892B09F030E0832F922FFE01EA0DFB1DD60190
:20F14000ED93FC930A191B09D7010D931C9320812E3249F43196D601ED93FC9301501109DC
:20F16000F70111830083DF91CF911F910F91FF90EF90DF90CF90BF90AF9008954F925F9287
:20F180006F927F928F929F92AF92BF92CF92DF92EF92FF920F931F93CF93DF93CDB7DEB754
:20F1A00063970FB6F894DEBF0FBECDBF7C016B013A01FB0120E090E080E06AE031913323BC
:20F1C00009F461C040ED430F4A3008F04DC0689FA001699F500D1124CA01C097830F911D6F
:20F1E00037FD9A958F3F910549F340F3F70142815381648175818091EA119091EB11A09115
:20F20000EC11B091ED11481759076A077B0709F40DC28701085F1F4F0E94BE976F70772763
:20F220007C5FC8010E94B5AF813009F004C281EC94E09A838983F70182819381A481B58140
:20F240008B839C83AD83BE8345E350E0BE016F5F7F4FC8010E94F8AA892BA9F5D12CC12C14
:20F26000C8010E9436AE17C03E3209F0BFCF233009F4BCCFD301A20FB11D12968C932F5FEE
:20F2800090E080E09BCF233009F0B0CFF3018583CC24C394D12CC60163960FB6F894DEBF7B
:20F2A0000FBECDBFDF91CF911F910F91FF90EF90DF90CF90BF90AF909F908F907F906F900F
:20F2C0005F904F9008950E94BE97F7017783668342E050E0B7016A5F7F4FC8010E9490AAAB
:20F2E00081E090E09A83898342E050E0BE016F5F7F4FC8010E9490AA80E091E09A838983C8
:20F3000042E050E0BE016F5F7F4FC8010E9490AA1A82198242E050E0BE016F5F7F4FC801EE
:20F320000E9490AA42E050E0BE016F5F7F4FC8010E9490AA42E050E0BE016F5F7F4FC80129
:20F340000E9490AA5601F6018081882301F16501F60181912F01882311F08E32B1F44601EE
:20F360008A189B081814190474F48D8641E050E0BE01635F7F4FC8010E9490AAA401B501E4
:20F38000C8010E9490AA5201DECF6201E1CF1D8641E050E0BE01635F7F4FC8010E9490AACD
:20F3A000C12CDD24D394DA82C98242E050E0BE016F5F7F4FC8010E9490AADA82C98242E036
:20F3C00050E0BE016F5F7F4FC8010E9490AAC8010E9407B0892B09F441CFF3E0AF2EB12C8D
:20F3E000230122E0420E511CD4C0F7014281538164817581808D918DA28DB38D48175907D3
:20F400006A077B0709F008C1848D958DC59709F003C181A192A15DEFC52EDD24DA940C9745
:20F420000CF4ADC04CE050E0BE016F5F7F4FC8010E9411AD8B819C819827892798279A8B03
:20F44000898BF7014681578129813A814217530709F0E7C097FFE5C08F7092703BEFC32EF2
:20F46000DD24DA94892B09F08AC06F8078847624672476242AEFC22EDD24DA94611471041A
:20F4800009F47DC0D12CC12C8D819E81982789279827C816D906F8F441E050E0BE01635F72
:20F4A0007F4FC8010E9411AD4D85442331F050E070E060E0C8010E9411AD8D858111ECCFB3
:20F4C00044E050E070E060E0C8010E9411ADFFEFCF1ADF0AD9CF912C812C41E050E0BE013D
:20F4E0006D5E7F4FC8010E9411AD4B89842F807C09F06CC0442331F050E070E060E0C80191
:20F500000E9411AD8B898111E8CF42E050E0BE01615F7F4FC8010E9411AD42E050E0BE0155
:20F52000635F7F4FC8010E9411AD44E050E070E060E0C8010E9411AD42E050E0BE016F5E27
:20F540007F4FC8010E9411AD8F85988949895A898115914009F043C0CD84DE84DC24CD24C3
:20F56000DC2481E0C816D104D1F54115544009F04AC044E050E0B201C8010E9411AD21E093
:20F58000A21AB10809F46CCEFFEFCF16DF0609F067CE0E94BE973B014C01C8010E945AADE7
:20F5A000181619060CF421CF0E94BE976619770988099909693873418105910548F562E3F2
:20F5C00070E080E090E00E948B97E7CF41E050E070E060E0C8010E9411AD1B8A93CF542705
:20F5E0004527542770E060E0C8010E9411ADFFEF8F1A9F0A6814790409F06FCF96EFC92E7F
:20F60000DD24DA94BCCFE7EFCE2EDD24DA94B7CFCC24CA94DC2CB3CF6EEFC62EDD24DA9491
:20F62000AECF4CEFC42EDD24DA94A9CF8EEFC82EDD24DA9430CED12CC12C2DCE8F929F9222
:20F64000AF92BF92CF92DF92EF92FF920F931F93CF93DF93CDB7DEB760970FB6F894DEBF0E
:20F660000FBECDBF7C0190910C0B992351F108E0933309F404E06B0180E591E00E94AB1848
:20F680009E012F5F3F4F5901490110E0812F0E9469A9F40181934F018823D9F01F5F011358
:20F6A000F5CF00E0F50181915F018D3161F0883151F08A51823038F00F5F1013F3CF0E948B
:20F6C000AA1818E08AC060E170E0802F0E9430AC102FA12EB12CF501EE0FFF1FE450F54FF4
:20F6E0001182108283EE93E00197F1F742E870E060E0812F0E9431AB4FEF62E070E0812F19
:20F700000E9431ABB601C114D10491F480910A0290910B0201968115F0EC9F0708F471C05E
:20F7200090930B0280930A0260910A0270910B02812F0E94E2AA86E0E6E6F3E0DE011996FE
:20F7400001900D928A95E1F7F70183818F778C8784818D8785818E87A7014E5F5F4F24E032
:20F7600030E06CE070E0812F0E94FCA9B601812F0E94CCAA26E030E0AE01475F5F4F66E008
:20F7800070E0812F0E94FCA961E070E0812F0E9430AC27E02A9DC0012B9D900D11249C019D
:20F7A0002C53354F7901F9011182108222E030E0AE01415F5F4F68E270E0812F0E94921808
:20F7C0008F859889982789279827F701938382831682158214820E94AA18812F60960FB61F
:20F7E000F894DEBF0FBECDBFDF91CF911F910F91FF90EF90DF90CF90BF90AF909F908F90AF
:20F80000089580E090EC8CCF0F931F93CF93DF93EC010E94BE978B010E94DFA08F3F69F034
:20F820000E94BE97601B710B6C177D07A8F380E0DF91CF911F910F91089581E0F9CF1F9340
:20F84000CF93DF93182FC091C20AD091C30A209779F08B81811308C0E881F9810190F081D5
:20F86000E02D612FCE0119950C80DD81C02DEFCFDF91CF911F9108950F931F93CF93DF9394
:20F88000409130105091311020912C1030912D104217530731F480E0DF91CF911F910F91F2
:20F8A00008958C0188E090E00E9424C4EC016AE175E00E94BC931F821E82209761F3B80139
:20F8C000CE010E94559320912810309129108091301090913110232B79F4D0932910C0938F
:20F8E0002810D0932B10C0932A100196909331108093301081E0D0CFE0912A10F0912B10F0
:20F90000D783C683EECF4F925F926F927F92AF92BF92CF92DF92EF92FF920F931F93CF9377
:20F92000DF93CDB7DEB764970FB6F894DEBF0FBECDBF8A0179011C8A1B8AFE0133962AE0D8
:20F94000DF011D922A95E9F77627672776277A8369834230510509F448C06CF441305105D4
:20F9600009F44CC080E091E098878F838B81806884608B8308C0CA010497029798F780E0E0
:20F9800091E09E838D836CE072E0CE010D960E94AF9449EE54E1BE01635F7F4F87EB90E132
:20F9A0000E94F8AA4CE050E0BE016F5F7F4F87EB90E10E9490AA8B899C890C969C8B8B8B75
:20F9C0000330110509F499C13CF50130110509F4BBC10230110509F464C0BE016F5F7F4FD2
:20F9E000CE0143960E949B6994C180E094E098878F8380E091E09C878B87B8CF80E091E001
:20FA00009E838D839C878B878C81807F83608C838B8184608068ADCF06301105F4F68091E7
:20FA2000F4109091F5100530110521F08091F2109091F31021E030E0AE014F5F5F4FBE012E
:20FA40006D5E7F4F0E9485661B82198281E00530110509F48CE08A8381E08C834CE050E05A
:20FA6000BE016F5F7F4F87EB90E10E9490AA8B899C890C969C8B8B8B0E94BE9721E030E04C
:20FA80000530110511F030E020E0220F331F220F331FF901EA50FF4E608371838283938391
:20FAA00038C130E020E0AE014F5F5F4FBE016D5E7F4FC7010E940C67198281E28A8300E80A
:20FAC0000B8311E01C83412C512C612C58E7752E4D825E826F827886E091DC10F091DD1046
:20FAE000DF010D900020E9F7CD018E1B9F0B07969827892798279A8789874AE050E0BE0153
:20FB00006F5F7F4F87EB90E10E9490AA8B899C890A969C8B8B8B1C821B821A82198267019A
:20FB2000CC0CDD1CC60189549F4E5C01DC019796ED91FC91808191819827892798279E838F
:20FB40008D8346E050E0BE016F5F7F4F87EB90E10E9490AA8B899C8906969C8B8B8B21E012
:20FB600030E0AE014F5F5F4FBE016D5E7F4F8091DC109091DD100E94856630E020E0AE01BB
:20FB80004F5F5F4FBE016D5E7F4FC7010E940C67198280E18A830B831C834D825E826F82FE
:20FBA000788648E050E0BE016F5F7F4F87EB90E10E9490AA8B899C8908969C8B8B8BD501EB
:20FBC0009796ED91FC910084F185E02D309709F068C019821A831B8243E050E0BE016F5F49
:20FBE0007F4F87EB90E10E9490AA8B899C8903969C8B8B8B21E030E0AE014F5F5F4FBE018E
:20FC00006D5E7F4F80E099E00E94856619828CE08A831B8281E08C8380E090E0A0E0B8E7D5
:20FC20008D839E83AF83B887F601E954FF4E07A0F0A5E02D0680F781E02DDF010D900020B0
:20FC4000E9F7CD018E1B9F0B01969827892798279A8789874AE050E0BE016F5F7F4F87EB86
:20FC600090E10E9490AA8B899C890A969C8B8B8B21E030E0AE014F5F5F4FBE016D5E7F4FAD
:20FC8000C7010E940C6708E710E020E030E0AE014F5F5F4FBE016D5E7F4FC7010E94016A60
:20FCA0009CCEDF010D900020E9F711978D010E1B1F0B902F812F9A83898342E050E0BE012B
:20FCC0006F5F7F4F87EB90E10E9490AA8B899C8902969C8B8B8BD5019796ED91FC916085C8
:20FCE0007185A80187EB90E10E9490AA8B899C89080F191F1C8B0B8B7DCF00E010E098012C
:20FD0000AE014F5F5F4FBE016D5E7F4FC7010E94016A87EB90E10E9407B081E090E06496A4
:20FD20000FB6F894DEBF0FBECDBFDF91CF911F910F91FF90EF90DF90CF90BF90AF907F90E3
:20FD40006F905F904F90089521E030E0AE014F5F5F4FBE016D5E7F4F8091DC109091DD10BA
:20FD60000E9485661B8219828CE18A8381E08C8344E050E0BE016F5F7F4F87EB90E10E94A0
:20FD800090AA8B899C8904969C8B8B8B26CECF92DF92EF92FF920F931F93CF93DF93CEED5E
:20FDA000D0E1F12CE12C89919991892B09F08BC08AE090E00E9424C48C01009709F483C064
:20FDC000FC011186108683E290E00E9424C4EC01F8019583848383E2FE0111928A95E9F78F
:20FDE000209709F47EC081E090E00E9424C4F80191878087FC011082009709F46FC06AE101
:20FE000075E00E9417CD80E590E0F801918380831382128264E579E0CE010E9417CDFE0103
:20FE200001900020E9F73197CE17DF0720F4319781818E32C9F7EF012296FE0101900020E8
:20FE4000E9F7CF018C1B9D0B0C960E9424C46C01F80197838683FE0101900020E9F7AF01AE
:20FE60004C1B5D0B445F5F4F70E060E00E94FCCCC114D10449F0BE01C6010E9417CD6DE12B
:20FE800079E0C6010E9403CDF701EE0FFF1FE954FF4E10A707A3970142E050E060E070E058
:20FEA000CB010E94837C31E020E0019709F030E0832F922FDF91CF911F910F91FF90EF9082
:20FEC000DF90CF900895FFEFEF1AFF0A88E0E816F10409F068CF80E090E0ECCFCE010E9430
:20FEE000C0C4F80186819781009711F00E94C0C4F80180859185009711F00E94C0C4C8010D
:20FF00000E94C0C4E8CF0F931F93CF93DF9300D000D0CDB7DEB70E94BE97683B7B40810548
:20FF2000910538F464E670E080E090E00E948B97F2CF8091DC109091DD10009711F00E94CB
:20FF4000C0C481E190E00E9424C48C019093DD108093DC1090E080E001151105D9F061EA15
:20FF600076E0C8010E9417CD62E279E0C8010A960E9417CD6CE072E0CE0101960E94AF9467
:20FF800049EE54E1BE016F5F7F4F87EB90E10E94F5AD90E026960FB6F894DEBF0FBECDBF00
:20FFA000DF91CF911F910F9108952F923F924F925F926F927F928F929F92AF92BF92CF92C9
:20FFC000DF92EF92FF920F931F93CF93DF9300D000D01F921F92CDB7DEB780916C1181113B
:20FFE0002AC0109254111092531188EE93E0A0E0B0E08093551190935611A0935711B09330
:020000040001F9
:20000000581183E694E0909352118093511181EC94E09093601180935F11109261111092F1
:200020006211109263111092641188E08093691181E080936C118EE091E190930D11809306
:200040000C118091AE0B882309F443C180E591E00E94AB1846E050E064E073E089E090E00C
:200060000E94A8A881EC94E09A8389831B821C821D821E82CE0103960E94A3180E94AA18E1
:2000800000910C1110910D11D80192961D921D921D921C929597F80116A217A210A611A634
:2000A0009A961D921D921D921C929D9780E69AEEA0E0B0E086AB97ABA0AFB1AF80EA9FE018
:2000C000A0E0B0E082AF93AFA4AFB5AFD801189686E0FD01982F11929A95E9F79801225F68
:2000E0003F4F94E1F90111929A95E9F7E4E0F3E001900D928A95E1F74801F2E48F0E911C2A
:20010000D4011C920E9495C52FEC37E040E050E00E940FCADC01CB010196A11DB11DF8019E
:2001200084839583A683B78380839183A283B3835801F3E4AF0EB11CC5010E9436AE64E47D
:2001400070E0C5010E94B5AF882309F4C6C00E94BE972B013C0148EEC42E43E0D42EE12C9B
:20016000F12C52E0252E18861F82D4018C918330B1F18111CFC0F80184819581A681B781C3
:200180000196A11DB11D84839583A683B7830E94BE976419750986099709A70196010E94B8
:2001A00041CAA90161E0C8010E94461981E0D4018C938F8198850197C1F20E94BE9764193E
:2001C000750986099709D801D6962D913D914D915C91D997261737074807590720F6C50160
:2001E0000E9436AEF80184819581A681B7810196A11DB11D84839583A683B7830E94BE976A
:20020000F801FE9660837183828393838F819885019709F062C080E591E00E94AB18609153
:200220000C1170910D11625F7F4FCE0101960E94AF94CE0103960E94A31860910C117091D4
:200240000D116A5E7F4FCE0101960E94AF9444E050E0BE016D5F7F4F81E090E00E94A8A82F
:2002600060910C1170910D116E5E7F4FCE0101960E94AF9444E050E0BE016D5F7F4F85E05A
:2002800090E00E94A8A80E94AA1860910C1170910D11625E7F4FCE0101960E94AF948B8186
:2002A0009C81AD81BE8180936C0D90936D0DA0936E0DB0936F0D0E9466977F7380910A0270
:2002C00090910B026827792770930B0260930A0206C00E944EAB8111B9CE18861F828F81E9
:2002E000988528960FB6F894DEBF0FBECDBFDF91CF911F910F91FF90EF90DF90CF90BF9091
:20030000AF909F908F907F906F905F904F903F902F9008958430F1F4F80184819581A68175
:20032000B7810196A11DB11D84839583A683B7830E94BE976419750986099709A701960180
:200340000E9441CAA90163E0C8010E944619D4012C922FCF813051F5F80142AD53AD64ADB8
:2003600075AD9E012F5F3F4FC8010E948B3B382EF2E08F1390C089819A81AB81BC81F801BE
:2003800084839583A683B7830E94BE976419750986099709A70196010E9441CAA90163E0E1
:2003A000C8010E944619D4013C9203CF823009F000CFF80142AD53AD64AD75AD9E012F5F3C
:2003C0003F4FC8010E948B3B382EF5E08F135DC0E3E0D401EC93F80182A193A1A4A1B5A162
:2003E000892B8A2B8B2B41F484E893E0A0E0B0E082A393A3A4A3B5A3F80186A197A1A0A523
:20040000B1A5892B8A2B8B2B61F482A193A1A4A1B5A1B695A7959795879586A397A3A0A7A7
:20042000B1A7F80182A593A5A4A5B5A5892B8A2B8B2BA9F482A193A1A4A1B5A1AC01BD0150
:2004400023E076956795579547952A95D1F7841B950BA60BB70B82A793A7A4A7B5A7F8018E
:2004600086A197A1A0A5B1A586A797A7A0ABB1AB82A593A5A4A5B5A582AB93ABA4ABB5AB54
:2004800081E090E098878F8394CE96E0891303C0D4011C928ECEBFEF3B128BCEF401108269
:2004A00088CE0F931F93CF93DF93CDB7DEB72C970FB6F894DEBF0FBECDBF8091FA0F909160
:2004C000FB0FDC01ED91FC910084F185E02D199503970CF4B5C08091FA0F9091FB0FDC0144
:2004E000ED91FC910284F385E02D199580931A100E94BE9760931B1070931C1080931D1077
:2005000090931E1080911A10833201F18091FA0F9091FB0FDC01ED91FC910284F385E02D70
:20052000199580931A100E94BE9700911B1010911C1020911D1030911E10601B710B820BFF
:20054000930B6536710581059105E0F280911A10833209F075C08091FA0F9091FB0FDC01BE
:20056000ED91FC910284F385E02D1995809321100E94BE9760931B1070931C1080931D10EF
:2005800090931E1081E080931F108091FA0F9091FB0FDC01ED91FC910084F185E02D199585
:2005A0002091211028171906B1F0ACF00E94BE9700911B1010911C1020911D1030911E1071
:2005C000601B710B820B930B6536710581059105E0F210921F1080911F10882389F18091B3
:2005E000FA0F9091FB0FDC01ED91FC910284F385E02D199580932010803559F0843559F1E2
:200600008093F80F809121108093F90F0E94000017C08091F40F9091F50F9093F70F809375
:20062000F60F8091FA0F9091FB0FDC01ED91FC910284F385E02D19959093F50F8093F40F92
:200640002C960FB6F894DEBF0FBECDBFDF91CF911F910F9108958091FA0F9091FB0FDC01B2
:20066000ED91FC910284F385E02D1995FC01FF27E333F10528F78827EF5BFC478F4F0C94AE
:20068000D5CB74837783A083C983F2831B849C8407857285DD854886B3860C87468749870A
:2006A0004C874F875287558758875B875E876187648767876A876D877087738776877987A2
:2006C0007C877F878287858788878B878E879187948797879A879D87A087A387A687A98782
:2006E000AC87AF87B287B5870E940000A9CF1092AD0B1092AC0B0E94BE97AB01BC012AE0E5
:2007000030E08DEB9CE00E9442946DEC78E08DEB9CE00E949F946FE174E08DEB9CE00E94A9
:200720009F946AE38DEB9CE00E94569460E28DEB9CE00E94569486E59FE10E94C66B80CFEA
:2007400081E090E09093AD0B8093AC0B0E94BE97AB01BC012AE030E08DEB9CE00E9442943D
:200760006DEC78E08DEB9CE00E949F946FE074E08DEB9CE00E949F946AE38DEB9CE00E94B0
:20078000569460E28DEB9CE00E9456948BE49FE1D4CF82E090E09093AD0B8093AC0B0E9402
:2007A000BE97AB01BC012AE030E08DEB9CE00E9442946DEC78E08DEB9CE00E949F946FEF1D
:2007C00073E08DEB9CE00E949F946AE38DEB9CE00E94569460E28DEB9CE00E94569480E40A
:2007E0009FE1ABCF83E090E09093AD0B8093AC0B0E94BE97AB01BC012AE030E08DEB9CE019
:200800000E9442946DEC78E08DEB9CE00E949F946FEE73E08DEB9CE00E949F946AE38DEBA8
:200820009CE00E94569460E28DEB9CE00E94569485E39FE182CF69E27FE1CE0101960E9402
:20084000AA93CE0101960E94B88721E0672B682B692B09F420E020933402CE0101960E946C
:200860006C9381E08093AB0B0E94BE97AB01BC012AE030E08DEB9CE00E9442946DEC78E0B8
:200880008DEB9CE00E949F946FED73E08DEB9CE00E949F946AE38DEB9CE00E94569460E208
:2008A0008DEB9CE00E9456948DE19FE10E94C66B8091340262E17FE1811102C067E07FE112
:2008C000CE0107960E94AA93BE01695F7F4FCE0101960E94B393CE0101960E943C7CCE019B
:2008E00001960E946C930E94BE97AB01BC012AE030E08DEB9CE00E9442946DEC78E08DEBB1
:200900009CE00E949F946FED73E08DEB9CE00E949F946AE38DEB9CE00E94569460E28DEB87
:200920009CE00E945694CE0107960E940173CE0107960E946C9384CE6BEF7EE1CE010196AF
:200940000E94AA93CE0101960E94B88721E0672B682B692B09F420E020933602CE01019669
:200960000E946C9381E08093AA0B0E94BE97AB01BC012AE030E08DEB9CE00E9442946DEC6E
:2009800078E08DEB9CE00E949F946FEC73E08DEB9CE00E949F946AE38DEB9CE00E945694F2
:2009A00060E28DEB9CE00E9456948FEE9EE10E94C66B8091360260EE7EE1811102C061ED0E
:2009C0007EE1CE0107960E94AA93BE01695F7F4FCE0101960E94B393CE0101960E943C7C0A
:2009E000CE0101960E946C930E94BE97AB01BC012AE030E08DEB9CE00E9442946DEC78E059
:200A00008DEB9CE00E949F946FEC73E07ECF65EC7EE1CE0101960E94AA93CE0101960E9415
:200A2000B88721E0672B682B692B09F420E020933702CE0101960E946C9381E08093A90BA5
:200A40000E94BE97AB01BC012AE030E08DEB9CE00E9442946DEC78E08DEB9CE00E949F9436
:200A60006FEB73E08DEB9CE00E949F946AE38DEB9CE00E94569460E28DEB9CE00E94569471
:200A800089EB9EE10E94C66B809137026EEA7EE1811102C063EA7EE1CE0107960E94AA9344
:200AA000BE01695F7F4FCE0101960E94B393CE0101960E943C7CCE0101960E946C930E942A
:200AC000BE97AB01BC012AE030E08DEB9CE00E9442946DEC78E08DEB9CE00E949F946FEBFE
:200AE00073E013CF69E97EE1CE0101960E94AA93CE0101960E94B88721E0672B682B692BCA
:200B000009F420E020933802CE0101960E946C9381E08093A80B0E94BE97AB01BC012AE053
:200B200030E08DEB9CE00E9442946DEC78E08DEB9CE00E949F946FEA73E08DEB9CE00E947D
:200B40009F946AE38DEB9CE00E94569460E28DEB9CE00E9456948AE89EE10E94C66B8091FE
:200B600038026AE77EE1811102C06AE67EE1CE0107960E94AA93BE01695F7F4FCE01019682
:200B80000E94B393CE0101960E943C7CCE0101960E946C930E94BE97AB01BC012AE030E02C
:200BA0008DEB9CE00E9442946DEC78E08DEB9CE00E949F946FEA73E0A8CE60E67EE1CE01B9
:200BC00001960E94AA93CE0101960E94B88721E0672B682B692B09F420E020933902CE01E4
:200BE00001960E946C9381E08093A70B0E94BE97AB01BC012AE030E08DEB9CE00E944294B1
:200C00006DEC78E08DEB9CE00E949F946FE973E08DEB9CE00E949F946AE38DEB9CE00E9403
:200C2000569460E28DEB9CE00E94569481E59EE10E94C66B8091390261E47EE1811102C00C
:200C400061E37EE1CE0107960E94AA93BE01695F7F4FCE0101960E94B393CE0101960E94FB
:200C60003C7CCE0101960E946C930E94BE97AB01BC012AE030E08DEB9CE00E9442946DEC76
:200C800078E08DEB9CE00E949F946FE973E03DCE67E27EE1CE0101960E94AA93CE0101962A
:200CA0000E94B88721E0672B682B692B09F420E020933A02CE0101960E946C9381E0809332
:200CC000A60B0E94BE97AB01BC012AE030E08DEB9CE00E9442946DEC78E08DEB9CE00E9436
:200CE0009F946EE873E08DEB9CE00E949F946AE38DEB9CE00E94569460E28DEB9CE00E94AA
:200D0000569488E19EE10E94C66B80913A0268E07EE1811102C068EF7DE1CE0107960E9423
:200D2000AA93BE01695F7F4FCE0101960E94B393CE0101960E943C7CCE0101960E946C930C
:200D40000E94BE97AB01BC012AE030E08DEB9CE00E9442946DEC78E08DEB9CE00E949F9433
:200D60006EE873E0D2CD0E94BE97AB01BC012AE030E08DEB9CE00E9442946DEC78E08DEB1C
:200D80009CE00E949F946DE773E08DEB9CE00E949F946AE38DEB9CE00E94569460E28DEB0B
:200DA0009CE00E94569467E779E08DEB9CE00E9430946FED7DE1CE0101960E94AA93BE016C
:200DC0006F5F7F4FCE0107960E942E89CE0101960E946C93BE01695F7F4FCE0101960E944E
:200DE000B393CE0101960E943C7CCE0101960E946C930E94BE97AB01BC012AE030E08DEBF4
:200E00009CE00E9442946DEC78E08DEB9CE00E949F946DE773E079CD0E94BE97AB01BC0117
:200E20002AE030E08DEB9CE00E9442946DEC78E08DEB9CE00E949F946CE673E08DEB9CE019
:200E40000E949F946AE38DEB9CE00E94569460E28DEB9CE00E9456948CEC9DE10E94C66B65
:200E600060EC7DE1CE0107960E94AA93BE01695F7F4FCE0101960E94B393CE0101960E94D2
:200E80003C7CCE0101960E946C9351CD0E940000D7CB0E940000D4CB0E940000D1CB0E9410
:200EA0000000CECB0E940000CBCB0E940000C8CB0E940000C5CB0E940000C2CB0E94000029
:200EC000BFCB0E940000BCCB0E940000B9CB0E940000B6CB0E940000B3CB0E940000B0CBD9
:200EE0000E940000ADCB0E940000AACB0E940000A7CB0E940000A4CB0E940000A1CB0E94EC
:200F000000009ECB0E9400009BCB0E94000098CB0E94000095CB0E94000092CB0E940000B8
:200F20008FCB0E9400008CCB0E94000089CB0E94000086CB0E94000083CB0E94000080CB98
:200F40000E9400007DCB0E9400007ACB0E94000077CB0E94000074CB0E94000071CB0E947B
:200F600000006ECB0E9400006BCB0E94000068CB0F931F93CF93DF93BC018CE090E10E9427
:200F8000559381E39EEDABE0B0E08093161090931710A0931810B09319100E94BE9760932B
:200FA0001B1070931C1080931D1090931E108091FA0F9091FB0FDC01ED91FC910084F1851F
:200FC000E02D1995892B01F10E94BE9700911B1010911C1020911D1030911E10601B710B6C
:200FE000820B930B693E73408105910508F407C181E39EEDABE0B0E08093161090931710FF
:20100000A0931810B093191065EC79E08091FA0F9091FB0F0E949F946CE070E18091FA0F8E
:201020009091FB0F0E94A1946BE379E08091FA0F9091FB0F0E949F940E94BE9760931B10D8
:2010400070931C1080931D1090931E108091FA0F9091FB0FDC01ED91FC910084F185E02D9C
:2010600019950897FCF40E94BE9700911B1010911C1020911D1030911E10601B710B820B62
:20108000930B613971408105910500F381E39EEDABE0B0E08093161090931710A093181070
:2010A000B09319108091FA0F9091FB0FDC01ED91FC910084F185E02D199508970CF49AC0E9
:2010C0008091FA0F9091FB0FDC01ED91FC910284F385E02D199580931A100E94BE97609303
:2010E0001B1070931C1080931D1090931E1080911A108137C9F18091FA0F9091FB0FDC0136
:20110000ED91FC910084F185E02D1995892B69F08091FA0F9091FB0FDC01ED91FC9102844F
:20112000F385E02D199580931A100E94BE9700911B1010911C1020911D1030911E10601B77
:20114000710B820B930B653671058105910578F281E39EEDABE0B0E08093161090931710C4
:20116000A0931810B093191080911A10813709F041C0C2E1D0E18091FA0F9091FB0FDC0145
:20118000ED91FC910284F385E02D19958993B0E1C631DB0781F70E94BE9760931B10709375
:2011A0001C1080931D1090931E10D0E0C0E08091FA0F9091FB0FDC01ED91FC910284F385F7
:2011C000E02D19958F3FB1F421960E94BE9700911B1010911C1020911D1030911E10601B62
:2011E000710B820B930B693E73408105910550F0239759F081E39EEDABE0B0E01AC00E9409
:201200005182D5CEC330D10591F68091141090911510B0E0A0E0BA2FA92F982F8827209195
:201220001310822BBA2FA92F982F882720911210822B8093161090931710A0931810B09306
:20124000191060911610709117108091181090911910DF91CF911F910F9108958F929F9294
:20126000AF92BF92CF92DF92EF92FF921F93CF93DF9300D000D01F921F92CDB7DEB76C01EA
:20128000CE0101960E94B3930E94BE9760931B1070931C1080931D1090931E108091FA0F11
:2012A0009091FB0FDC01ED91FC910084F185E02D1995892BD1F00E94BE9780901B1090909F
:2012C0001C10A0901D10B0901E10681979098A099B09693E73408105910508F400C16AEC54
:2012E00079E082E290E10E944B9365EC79E08091FA0F9091FB0F0E949F94BE016F5F7F4F21
:201300008091FA0F9091FB0F0E94A1946BE379E08091FA0F9091FB0F0E949F940E94BE97F9
:2013200060931B1070931C1080931D1090931E108091FA0F9091FB0FDC01ED91FC9100841E
:20134000F185E02D19950497CCF40E94BE9780901B1090901C10A0901D10B0901E10681937
:2013600079098A099B09613971408105910500F36AEC79E082E290E10E944B938091FA0F3C
:201380009091FB0FDC01ED91FC910084F185E02D199504970CF4A9C08091FA0F9091FB0F3C
:2013A000DC01ED91FC910284F385E02D199580931A100E94BE9760931B1070931C108093F8
:2013C0001D1090931E1080911A10803799F18091FA0F9091FB0FDC01ED91FC910084F185EC
:2013E000E02D1995892B69F08091FA0F9091FB0FDC01ED91FC910284F385E02D199580932C
:201400001A100E94BE9780901B1090901C10A0901D10B0901E10681979098A099B09653684
:2014200071058105910578F26AEC79E082E290E10E944B9380911A10803709F056C06AE160
:2014400075E082E290E10E944B930E94BE9760931B1070931C1080931D1090931E10F12CF0
:20146000E12C8091FA0F9091FB0FDC01ED91FC910084F185E02D1995892BB1F08091FA0F0E
:201480009091FB0FDC01ED91FC910284F385E02D19958F3F09F045C0BFEFEB1AFB0A11E00B
:2014A00023E0E216F10409F010E00E94BE9780901B1090901C10A0901D10B0901E10681989
:2014C00079098A099B09693E73408105910550F06AEC79E082E290E10E944B9306C00E9431
:2014E0005182DCCE112309F4BCCF62E270E1C6010E94B393CE0101960E946C93C6012896E3
:201500000FB6F894DEBF0FBECDBFDF91CF911F91FF90EF90DF90CF90BF90AF909F908F904C
:2015200008958F83188641E050E0BE01695F7F4F82E290E10E946792B7CF2F923F924F924F
:201540005F926F927F928F929F92AF92BF92CF92DF92EF92FF920F931F93CF93DF93CDB714
:20156000DEB76B970FB6F894DEBF0FBECDBF7C018B01DC0114968C911497863009F4A3C21D
:20158000F8F4833009F492C258F440E0B701823009F47BC26FE479E0C8010E94342381C29A
:2015A000843009F46EC28530A9F7ED91FC91438150E0BF016C5F7F4FC8010E943E231CC2F3
:2015C0008E3009F443C0E0F48A3009F477C28C3009F7CD90DD90ED90FC90B701A601F7FEA6
:2015E0000BC06DE2C8010E94AB2244275527BA014C195D096E097F09C8010E94E822FCC1FB
:20160000803209F415C2803429F66BE5C8010E94AB22D701FC90BFEFFB1609F4E9C1F80126
:20162000868197816F2D45960E94FE217C01B8010E949D8AD7011596FC90BFEFFB1609F489
:20164000D7C16CE2C8010E94AB22E5CFF70180809180A280B380A5019401C501B4010E9402
:20166000BBC8882331F06FE479E0C8010E943423C3C120E030E0A901C501B4010E94BBC8CF
:20168000882371F0A5019401C501B4010E9473CA9B01AC01C501B4010E94BBC8882319F309
:2016A00020E030E0A901C501B4010E94BBC887FF08C06DE2C8010E94AB22B7FAB094B7F857
:2016C000B09420E836E948E15BE4C501B4010E9487CB87FD83C074E1C72ED12CE0E2EE2EDC
:2016E000F12C312C212CF601E855F24E6591759185919491A50194010E94BBC818167CF07E
:20170000F601E057F24E2591359145915491C501B4010E9421C94B015C012E0C3F1CF59456
:20172000E794F4E0CF1AD1082CEFC2162FEFD206D1F63FEF3F8B20E030E0A901C501B401BB
:201740000E9487CB18160CF051C02CEA35EC47E257E3C501B4010E94BBC818160CF446C0EC
:20176000AF89B4E0AB02C0011124D12CC12CFC01E057F24E2F019C012855324E39013F89D0
:201780003F3F09F433C0F201EC0DFD1D659175918591949120E030E040E251E40E9421C9AB
:2017A000A50194010E9487CB18167CF4F301EC0DFD1D2591359145915491C501B4010E9401
:2017C00021C94B015C012E183F08F594E7948F8981508F8B94E0C91AD108D1CF50E2E52ECD
:2017E000F12C85E08F8B312C212CA5CFC501B4010E9458CB6B017C012B013C0180E492E4C3
:20180000AFE0B0E0888F998FAA8FBB8F96E09F8BAAE04A16510461047104E0F0688D798D63
:201820008A8D9B8D2AE030E040E050E00E9441CA288F398F4A8F5B8FBF89B150BF8BC301B9
:20184000B2012AE030E040E050E00E9441CA29013A01DECFC701B6010E94C0C89B01AC01BA
:20186000C501B4010E9472CA4B015C01688D798D8A8D9B8D0E94C0C89B01AC01C501B4013E
:201880000E9421C92B013C010E9458CB4B015C010E94C0C89B01AC01C301B2010E9472CA1D
:2018A0009B01AC010E9473CA0E9458CB860E971EA81EB91E888D998DAA8DBB8D881699065E
:2018C000AA06BB06C0F09FEFC91AD90AE90AF90A2114310439F1AAE0CA16D104E104F104F0
:2018E00008F1BFEF2B1A3B0A812C912C5401C12CD12C7601C3942AE0422E512C612C712C1F
:20190000C501B401A30192010E9441CA672B682B692B61F4EF891E164CF449015A01E15098
:20192000EF8BEECF812C912C5401E5CFB701A601C8010E94E822FF89FF2391F16E0121E18C
:20194000C20ED11CF88F76019AE0492E512C612C712C388D3150388F3F3F69F0C501B401D5
:20196000A30192010E9441CA605DD6016E936D0149015A01EECFBF898B2F90E0BC016095FA
:201980007095F701E81BF90B31978EE2808344275527461B570B6E0D7F1DC8010E94C322F7
:2019A0002114310449F165E6C8010E94AB22710137FE07C06DE2C8010E94AB22F194E19411
:2019C000F108FE0177969F018AE0C82ED12CC701B6010E94ADCB805D82937B01672BB9F7BC
:2019E000A9014E1B5F0BBF01C8010E94C32204C06DE5C8010E94AB22F801848195816B96F7
:201A00000FB6F894DEBF0FBECDBFDF91CF911F910F91FF90EF90DF90CF90BF90AF909F90C6
:201A20008F907F906F905F904F903F902F9008956BE7C8010E94AB22D701FC90EE24E39409
:201A4000BB24B394BFEFFB16D1F0F801868197816F2D45960E94FE216C01B8010E949D8AA1
:201A6000D6011596FC90BFEFFB1639F06AE3E11001C06CE2C8010E94AB22EB24E3CF6DE7D6
:201A8000B8CFF7016081718141E0CE0101960E94B62F4B815C815F7769817A81C8010E9417
:201AA0003E23D80114968D919C91A9CFED91FC91438150E0BF016C5F7F4F96CF4D915D91F6
:201AC0006D917C9199CD8C9164E479E08111CDCD69E479E0CACDCF93DF9300D000D01F9249
:201AE0001F92CDB7DEB7DC01CB0126EA3BE03A83298320E13BE03C832B831E821D82B887D8
:201B0000AF830097A9F0BE016F5F7F4F0E949D8A8639910520F4FC01E05FF44F1082289607
:201B20000FB6F894DEBF0FBECDBFDF91CF9108956FE479E0CE0101960E9434238D819E81B9
:201B4000E7CF089508950895AF92BF92CF92DF92EF92FF920F931F93CF93DF936C017B0171
:201B60008B01040F151FEB015E01AE18BF08C017D10759F06991D601ED91FC910190F081E4
:201B8000E02DC6011995892B79F7C501DF91CF911F910F91FF90EF90DF90CF90BF90AF904F
:201BA0000895FC01A089B1898C91A689B78982FD0FC09C91818D8F5F8F73228D821749F0A2
:201BC000A18DAE0FBF2FB11D5D969C93818F08958C910895FC01538D448D252F30E0842F10
:201BE00090E0821B930B541710F0CF96089501970895FC01918D828D981761F0A28DAE0F82
:201C0000BF2FB11D5D968C91928D9F5F9F73928F90E008958FEF9FEF0895FC01918D828DC8
:201C2000981731F0828DE80FF11D858D90E008958FEF9FEF0895FC01918D228D892F90E006
:201C4000805C9F4F821B91098F739927089580E29CE00E941B8E21E0892B09F420E0822F98
:201C6000089587E59FE00E941B8E21E0892B09F420E0822F08958DEB9CE00E941B8E21E051
:201C8000892B09F420E0822F0895FC01A48DA80FB92FB11DA35ABF4F2C91848D90E00196CA
:201CA0008F739927848FA689B7892C93A089B1898C91837080648C93938D848D981306C009
:201CC0000288F389E02D80818F7D80830895EF92FF920F931F93CF93DF93EC0181E0888FA5
:201CE0009B8D8C8D98131AC0E889F989808185FF15C09FB7F894EE89FF896083E889F9891A
:201D000080818370806480839FBF81E090E0DF91CF911F910F91FF90EF900895F62E0B8D32
:201D200010E00F5F1F4F0F731127E02E8C8D8E110CC00FB607FCFACFE889F989808185FF82
:201D4000F5CFCE010E94458EF1CFEB8DEC0FFD2FF11DE35AFF4FF0829FB7F8940B8FEA8922
:201D6000FB8980818062CFCFCF93DF93EC01888D8823B9F0AA89BB89E889F9898C9185FD2B
:201D800003C0808186FD0DC00FB607FCF7CF8C9185FFF2CF808185FFEDCFCE010E94458EBA
:201DA000E9CFDF91CF91089580E090E0892B29F00E943B8E81110E94000080E090E0892B3E
:201DC00049F080E090E0892B29F00E94000081110E94000080E090E0892B29F00E94318E59
:201DE00081110E94000080E090E0892B29F00E94278E81110C94000008958150823108F070
:201E00005AC0E82FF0E08827E75FF0478F4F0C94D5CB298F2D8F1B8F218F258F5B8F308F4C
:201E2000368F3A8F408F448F488F4E8F528F5B8F568F5C8F608F809180008F77809380000A
:201E40000895809180008F7DF9CF80918000877FF5CF84B58F7784BD089584B58F7DFBCFF9
:201E60008091B0008F778093B00008958091B0008F7DF9CF809190008F77809390000895BF
:201E8000809190008F7DF9CF80919000877FF5CF8091A0008F778093A00008958091A000AA
:201EA0008F7DF9CF8091A000877FF5CF809120018F77809320010895809120018F7DF9CFC4
:201EC00080912001877FF5CF20917114260F3327331F21323105ECF42091F70BFC0190E066
:201EE00080E0243069F082E00895A09171142191AC014F5A5B4EA40FB52FB11D2C930196B4
:201F0000861798F380917114680F6093711480E0089581E008950895E091B00B8091AF0B85
:201F2000E81730F4F0E0EF54F44F808190E008958FEF9FEF08959091B00B8091AF0B2FEFAC
:201F40003FEF981748F4E92FF0E0EF54F44F208130E09F5F9093B00BC90108958091AF0B3B
:201F60009091B00B891B990B0895CF92DF92EF92FF920F931F93CF93DF937C01CB018A01C0
:201F80002091FD0B222389F0EB016B01C40ED51ECC15DD0569F06991D701ED91FC91019023
:201FA000F081E02DC7011995F3CF642F0E94648FC801DF91CF911F910F91FF90EF90DF90DD
:201FC000CF900895CF93DF931F92CDB7DEB769832091FD0B2223F9F020911F0C203258F01E
:201FE00021E030E0FC013383228390E080E00F90DF91CF9108958091FE0BE82FF0E0E1506A
:20200000F44F998190838F5F8093FE0B80931F0C81E090E0ECCF61E0CE0101960E94648F40
:20202000F7CF21E0FC01228B0895FC0120812EBD9B012150310941F051810DB407FEFDCF2D
:202040004EB55EBD4193F5CF61507109860F971F0DB407FEFDCF2EB5FC0120830895E09131
:202060003612F0913712808190913512892B80830895E0913612F0913712908180913512A5
:20208000809589238083089590E020910C0B233339F40C96982F990F990F990F80E00895C6
:2020A0004896F8CFCF93DF931F92CDB7DEB76983DC01ED91FC910280F381E02D41E050E0B5
:2020C000BE016F5F7F4F19950F90DF91CF910895FC01818D928D0895CF93DF931F92CDB71B
:2020E000DEB76983DC01ED91FC910280F381E02D41E050E0BE016F5F7F4F19950F90DF910B
:20210000CF910895FC019485FB018485981303C081E0983008F080E00895CF93DF931F9296
:20212000CDB7DEB76983DC01ED91FC910280F381E02D41E050E0BE016F5F7F4F19950F90B6
:20214000DF91CF9108950F931F93CF93DF93EC0188819981009759F02A813B812617370718
:2021600030F081E0DF91CF911F910F9108958B016F5F7F4F0E94EBCB009759F0998388839A
:202180001B830A832C813D81232B59F7FC011082E8CF80E0E7CFEF92FF921F93CF93DF9317
:2021A0001F921F92CDB7DEB7182F22E030E0AE014F5F5F4F60E270E00E949218E980FA807F
:2021C000FE24EF24FE2422E030E0AE014F5F5F4F60E270E0812F0E94921889819A81982719
:2021E00089279827E816F90689F487E0189FF0011124EC53F54FF582E482C7010F900F904C
:20220000DF91CF911F91FF90EF9008957C01DBCFFF920F931F93CF93DF931F921F92CDB7CD
:20222000DEB7F82E22E030E0AE014F5F5F4F66E270E00E94921809811A8110270127102727
:2022400022E030E0AE014F5F5F4F66E270E08F2D0E94921889819A8198278927982708174F
:20226000190749F4C8010F900F90DF91CF911F910F91FF9008958C01E3CF0F931F93CF93B9
:20228000DF93C82F27E0829F800111240C53154FF80180819181009791F480E591E00E9494
:2022A000AB188C2F0E940891EC010E94AA18F80186819E01281B3109C90131832083DF9167
:2022C000CF911F910F910895FC018485883010F40C943D9190E080E008950F931F93CF935E
:2022E000DF931F921F92CDB7DEB7FC01248510E000E02830B8F48C0180E591E00E94AB18AF
:2023000022E030E0AE014F5F5F4F60E170E0F80184850E94921809811A8110270127102706
:202320000E94AA18C8010F900F90DF91CF911F910F9108950F931F93CF93DF931F921F92EB
:20234000CDB7DEB7FC01248510E000E02830B8F48C0180E591E00E94AB1822E030E0AE0161
:202360004F5F5F4F64E070E0F80184850E94921809811A811027012710270E94AA18C80137
:202380000F900F90DF91CF911F910F910895CF92DF92EF92FF920F931F93CF93DF93CDB7B2
:2023A000DEB7AF970FB6F894DEBF0FBECDBF7C016A0101EC14E01A8309831C861B8688EE50
:2023C00093E0A0E0B0E08D879E87AF87B88B83E694E09A878987188F0F8B198E1A8E1B8E81
:2023E0001C8E88E089A31BA70AA71CA61DA61EA61FA680916C0D90916D0DA0916E0DB0910C
:202400006F0D8EA39FA3A8A7B9A78B839C83AD83BE8318861F82AE01465D5F4FCE010196DB
:202420000E94BE7881309105B1F4D701ED91FC910488F589E02D1DA30CA38CA59DA5AEA5A9
:20244000BFA58EA39FA3A8A7B9A7A601BE016C5D7F4FC7011995AF960FB6F894DEBF0FBE83
:20246000CDBFDF91CF911F910F91FF90EF90DF90CF900895CF93DF93EC01A881B981EB0127
:20248000E881F9811097F1F03097B1F4EC018C819D81892BC9F08C9190E00BC0DB01149602
:2024A0008D919C91892B81F0808190E0919581959109DF91CF910895BF01CD01DF91CF919A
:2024C0000C940ECD309751F790E080E0F2CFEF92FF920F931F93CF93DF936115710541F486
:2024E00080E0DF91CF911F910F91FF90EF90089541155105B1F07B01EC010C811D81040FBD
:20250000151FB8010E94A390882351F3288139818C819D81B701820F931F0E9417CD1D835B
:202520000C8381E0DECFCF93DF93EC0188819981009711F00E94C0C4198218821D821C82EA
:202540001B821A82DF91CF910895EF92FF920F931F93CF93DF93EC017B01CB010E940AC6F4
:202560000097A9F00C811D81080F191FB801CE010E94A390882399F0288139818C819D8192
:20258000B701820F931F0E9403C61D830C83CE01DF91CF911F910F91FF90EF900895CE013D
:2025A0000E949392F4CF0F931F93CF93DF931F921F92CDB7DEB78C0169831A8241E050E088
:2025C000BE016F5F7F4F0E946792811103C0C8010E949392C8010F900F90DF91CF911F9199
:2025E0000F910895CF93DF93EC01FB0144815581608171810E946792811103C0CE010E9412
:202600009392CE01DF91CF910895EF92FF920F931F93CF93DF93EC018B01CB010E940AC668
:202620007C01BC01CE010E94A39081110BC0CE010E949392CE01DF91CF911F910F91FF904B
:20264000EF900895FD82EC82B801888199810E9403C6F0CFEF92FF920F931F93CF93DF9331
:20266000EC017B018A01BA010E94A39081110BC0CE010E949392CE01DF91CF911F910F91F4
:20268000FF90EF9008951D830C83B701888199810E9417CDF0CFFB0101900020E9F73197EB
:2026A000AF01461B570B0C942A93CF93DF93EC01FB018617970749F060817181611571055A
:2026C00041F0448155810E942A93CE01DF91CF9108950E949392F9CFFC018081918100975D
:2026E00011F00C94C0C40895EF92FF920F931F93CF93DF93CDB7DEB7A1970FB6F894DEBF9F
:202700000FBECDBF7C01CB01BA01F70111821082138212821582148242E0420F8E010F5F79
:202720001F4F0E9406C4009789F0BC01C7010E944B93A1960FB6F894DEBF0FBECDBFDF91BC
:20274000CF911F910F91FF90EF900895C7010E949392EFCFFC0111821082138212821582EF
:2027600014820C940593FC011182108213821282158214820C945593FC01118210821382D4
:202780001282158214826115710551F0FB0101900020E9F73197AF01461B570B0C942A9326
:2027A0000895FB0101900020E9F73197AF01461B570BDC01ED91FC910280F381E02D19941C
:2027C0008F929F92AF92BF92EF92FF920F931F93CF93DF93CDB7DEB7A1970FB6F894DEBF9C
:2027E0000FBECDBF7C01FA01CB0119A2223008F42AE08E010F5D1F4F822E912CB12CA12CA9
:20280000BF01A50194010E9441CAF901CA016A300CF5605DD8016E938D01232B242B252B9E
:2028200079F790E080E0109721F0BD01C7010E94D193A1960FB6F894DEBF0FBECDBFDF9126
:20284000CF911F910F91FF90EF90BF90AF909F908F900895695CDECF60ED79E00C94D19325
:202860000F931F93CF93DF93EC010E94D1938C01CE010E942C94800F911FDF91CF911F91C0
:202880000F9108952115310541F4DC01ED91FC910190F081E02D642F19940C94E0939A0175
:2028A000462F50E070E060E00C944294DC01ED91FC910190F081E02D19948F929F92AF9236
:2028C000BF92CF92DF92EF92FF920F931F93CF93DF937C018B014C0182E0880E911C570148
:2028E000E5E0AE0EB11CD0E0C0E0F40161914F014AE050E0C8010E944F946C016EE2C801D5
:202900000E9456948C0D9D1DC80FD91F8A149B0461F74AE050E0F7016581C8010E944F94EE
:202920008C0F9D1FDF91CF911F910F91FF90EF90DF90CF90BF90AF909F908F9008950C942B
:20294000D193DB0114964D915C9115976D917C91DC01ED91FC910280F381E02D1994DC0196
:2029600081EC94E08D939D9384E0FB0101900D928A95E1F70895EF92FF920F931F93CF933A
:20298000DF9300D01F92CDB7DEB78C017B01FB0184858830A8F081EC94E0F80191838083DC
:2029A0001282138214821582C8010F900F900F900F90DF91CF911F910F91FF90EF900895B1
:2029C00080E591E00E94AB1824E030E0AE014F5F5F4F6CE070E0F70184850E9492180E9412
:2029E000AA18BE016F5F7F4FC8010E94AF94DCCF1F920F920FB60F9211240BB60F922F9350
:202A00003F934F935F936F937F938F939F93AF93BF93EF93FF9380E29CE00E94458EFF911D
:202A2000EF91BF91AF919F918F917F916F915F914F913F912F910F900BBE0F900FBE0F9053
:202A40001F9018951F920F920FB60F9211240BB60F922F933F934F935F936F937F938F932D
:202A60009F93AF93BF93EF93FF9380E29CE00E94D18DFF91EF91BF91AF919F918F917F919E
:202A80006F915F914F913F912F910F900BBE0F900FBE0F901F9018951F920F920FB60F924F
:202AA00011240BB60F922F933F934F935F936F937F938F939F93AF93BF93EF93FF9387E59B
:202AC0009FE00E94458EFF91EF91BF91AF919F918F917F916F915F914F913F912F910F9003
:202AE0000BBE0F900FBE0F901F9018951F920F920FB60F9211240BB60F922F933F934F93E1
:202B00005F936F937F938F939F93AF93BF93EF93FF9387E59FE00E94D18DFF91EF91BF9168
:202B2000AF919F918F917F916F915F914F913F912F910F900BBE0F900FBE0F901F901895C6
:202B40001F920F920FB60F9211240BB60F922F933F934F935F936F937F938F939F93AF9314
:202B6000BF93EF93FF938DEB9CE00E94458EFF91EF91BF91AF919F918F917F916F915F9196
:202B80004F913F912F910F900BBE0F900FBE0F901F9018951F920F920FB60F9211240BB648
:202BA0000F922F933F934F935F936F937F938F939F93AF93BF93EF93FF938DEB9CE00E9466
:202BC000D18DFF91EF91BF91AF919F918F917F916F915F914F913F912F910F900BBE0F9030
:202BE0000FBE0F901F901895CF93DF93282F30E0F901EF5AFF4D8491F901E453F04ED4915A
:202C0000F901E558F04EC491CC23A1F081110E94FD8EEC2FF0E0EE0FFF1FEF59F04EA591E9
:202C2000B491EC91ED2381E090E009F480E0DF91CF91089580E090E0FACF1F93CF93DF9308
:202C4000282F30E0F901EF5AFF4D8491F901E453F04ED491F901E558F04EC491CC23A9F043
:202C6000162F81110E94FD8EEC2FF0E0EE0FFF1FE95CFF4DA591B4918FB7F894EC911111CD
:202C800008C0D095DE23DC938FBFDF91CF911F910895DE2BF8CF1F920F920FB60F9211246F
:202CA0000BB60F922F933F934F935F936F937F938F939F93AF93BF93EF93FF9380919E1477
:202CC00090919F14A091A014B091A114892B8A2B8B2BD1F190919D148091000089278093BE
:202CE000000080919E1490919F14A091A014B091A114181619061A061B069CF480919E1481
:202D000090919F14A091A014B091A1140197A109B10980939E1490939F14A093A014B09343
:202D2000A114FF91EF91BF91AF919F918F917F916F915F914F913F912F910F900BBE0F9077
:202D40000FBE0F901F90189580910F03E2EAF0E2E4919FEF90930F03E230E9F040F4EE2382
:202D600089F0E13091F060E00E941D96DACFE43049F110F1E530B9F7909173009D7F909323
:202D80007300F1CF10926E00EECF90916F009D7F90936F00E8CF909170009D7F90937000FE
:202DA00091E09093B0009091B100987F94609093B1001092B300D7CF909171009D7F909352
:202DC0007100D1CF909172009D7F90937200CBCF1092F70B81E08093F60B1092D10B61E02C
:202DE00084E10E941D9661E085E10E941D96E9EBF0E080818E7F808380818D7F808388E4EC
:202E00008093B80085E48093BC000895CF93DF93EC0180913812811109C081E080933812DD
:202E20008091680D9091690D0E94AB1860E08C81DF91CF910C941D9661E0FC0184810E94BB
:202E40001D9680913812882321F0109238120C94AA180895CF93DF9390E0FC01E453F04E07
:202E600024918558904EFC0184918823C9F090E0880F991FFC01E35EFF4DA591B491FC01AB
:202E8000E95CFF4DC591D49161110DC09FB7F8948C91209582238C938881282328839FBFD2
:202EA000DF91CF910895623051F49FB7F8943C91822F809583238C93E8812E2BEFCF8FB7CE
:202EC000F894EC912E2B2C938FBFEACF3FB7F8948091991490919A14A0919B14B0919C14EA
:202EE00026B5A89B05C02F3F19F00196A11DB11D3FBFBA2FA92F982F8827BC01CD01620F24
:202F0000711D811D911D42E0660F771F881F991F4A95D1F708958F929F92AF92BF92CF92C2
:202F2000DF92EF92FF926B017C010E9466974B015C01C114D104E104F104B9F00E94669711
:202F4000681979098A099B09683E73408105910580F321E0C21AD108E108F10888EE880EAB
:202F600083E0981EA11CB11CE4CFFF90EF90DF90CF90BF90AF909F908F9008952FB7F89434
:202F8000609195147091961480919714909198142FBF08950F931F93CF93DF93EC010E9421
:202FA000BE976E837F838887998788819981892B71F10E94BE97AB01BC018E819F81A885A5
:202FC000B9850A811B812C813D81800F911FA21FB31F481759076A077B07C8F488819981BE
:202FE000DC01ED91FC910084F185E02D199518161906FCF688819981DC01ED91FC91028464
:20300000F385E02DDF91CF911F910F91199490E080E0DF91CF911F910F9108951F920F927F
:203020000FB60F9211242F933F938F939F93AF93BF938091951490919614A0919714B091D7
:2030400098143091941423E0230F2D3758F50196A11DB11D2093941480939514909396146E
:20306000A0939714B09398148091991490919A14A0919B14B0919C140196A11DB11D8093EF
:20308000991490939A14A0939B14B0939C14BF91AF919F918F913F912F910F900FBE0F9062
:2030A0001F90189526E8230F0296A11DB11DD2CF1F920F920FB60F9211240BB60F922F939E
:2030C0003F934F935F936F937F938F939F93AF93BF93EF93FF9382E00E941F7CFF91EF918B
:2030E000BF91AF919F918F917F916F915F914F913F912F910F900BBE0F900FBE0F901F905E
:2031000018951F920F920FB60F9211240BB60F922F933F934F935F936F937F938F939F93E3
:20312000AF93BF93EF93FF9381E00E941F7CFF91EF91BF91AF919F918F917F916F915F9159
:203140004F913F912F910F900BBE0F900FBE0F901F9018951F920F920FB60F9211240BB682
:203160000F922F933F934F935F936F937F938F939F93AF93BF93EF93FF9380E00E941F7C99
:20318000FF91EF91BF91AF919F918F917F916F915F914F913F912F910F900BBE0F900FBEFB
:2031A0000F901F901895CF92DF92EF92FF921F93CF93DF93EC01CE010E94CA97E82F8D3215
:2031C000F1F5C12CD12C760110E0E130D1F0ED32E1F180ED8E0F8A30A0F4AAE0B0E0A701DB
:2031E00096010E942ECACE2EEE0FDD08EE08FF08C60ED71EE81EF91E80E3C81AD108E108D6
:20320000F108CE010E94CA97E82F90ED980F9A30E0F28130B1F3112341F0F094E094D094F6
:20322000C094C11CD11CE11CF11CC701B601DF91CF911F91FF90EF90DF90CF90089580ED81
:203240008E0F8A3008F0B7CFBCCF11E0DACF9F92AF92BF92CF92DF92EF92FF920F931F9379
:20326000CF93DF93FB0101900020E9F731977F01E61AF70A912C4115510539F0FA01019086
:203280000020E9F731979E2E941AFB012081211129C081E0DF91CF911F910F91FF90EF90A5
:2032A000DF90CF90BF90AF909F900895C0E0C5010E94CA978823A1F0F801ED0FF11D90812D
:2032C000981316C0DF5FDE1520F7992079F3F601EC0FF11D90819813E9CFCF5FC91538F355
:2032E00080E0D8CF6A018B015C01C0E0D0E0DFCFD0E0EBCFCF93DF9391E090935014882394
:20330000B9F0C091B800D091BA008091BC008A7B8093BC0060E084E10E941D9660E085E19F
:203320000E941D960E94E896D093BA00C093B800DF91CF91089585ED8093BC008091F90B2D
:203340009091FA0BA091FB0BB091FC0B0796A11DB11D23E0B695A795979587952A95D1F746
:203360002091BC0024FD03C01092F70B08954091F90B5091FA0B6091FB0B7091FC0B452B91
:20338000462B472B69F30097A105B10541F02AE22A95F1F700C00197A109B109E1CF80919A
:2033A000F80B0C947A991F920F920FB60F9211240BB60F922F933F934F935F936F937F938C
:2033C0008F939F93AF93BF93EF93FF938091B900887F803609F44DC008F040C0883209F4B1
:2033E000A9C028F5803109F49DC0C8F4882309F4FBC0883009F496C0FF91EF91BF91AF9172
:203400009F918F917F916F915F914F913F912F910F900BBE0F900FBE0F901F901895883164
:2034200009F488C0803241F78093F50B14C0803409F49DC040F48033B9F38833E9F6809328
:20344000F50B85ECB0C0803509F485C0883509F496C0883489F60E949B99CECF883909F418
:203460008CC038F5883729F050F4883611F0803719F683E08093F70B1092931457C088389A
:2034800009F47BC0803919F0803809F0B5CF80919314803208F071C0E091931481E08E0F54
:2034A000809393148091BB00F0E0ED58FB4E80833DC0803B39F0E0F4803A09F479C0883ABE
:2034C00009F09ACF84E08093F70B1092721410927114E091A814F091A91419958091711413
:2034E00081110FC081E0809371141092511409C0803C09F4A6CF883C09F4A3CF883B09F085
:203500007BCFE091721481E08E0F80937214F0E0EF5AFB4E80818093BB00909172148091EA
:20352000711429C08091D20B8093BB0085EC8093BC0062CF9091F40B8091F30B981758F5C5
:20354000E091F40B81E08E0F8093F40BF0E0ED52F44F8081E9CFE091F40B81E08E0F80935F
:20356000F40B8091BB00F0E0ED52F44F80839091F40B8091F30B9817C8F285E8D8CFE0910E
:20358000F40B81E08E0F8093F40B8091BB00F0E0ED52F44F80838091F60B81115CCF81E0CB
:2035A0008093D10B84EA8093BC001092F70B24CF85EC8093BC001092F70B809193148032FA
:2035C00030F4E0919314F0E0ED58FB4E10826091931470E0E091A614F091A71483E794E191
:2035E00019951092931408CF1092F50B34CF2F923F924F925F926F927F928F929F92AF924F
:20360000BF92CF92DF92EF92FF920F931F93CF93DF93CDB7DEB72F970FB6F894DEBF0FBEB3
:20362000CDBF9F878E870E94BE976D837E838F839887EE85FF8582A193A1A4A1B5A14D81F3
:203640005E816F817885481B590B6A0B7B0B86A597A5A0A9B1A9481759076A077B0708F424
:2036600026C1048CF58DE02D80819181A281B38189839A83AB83BC83AE85BF859096ED9129
:20368000FC9129813A814B815C8160817181828193810E9472CA4B015C01EE85FF8522A560
:2036A00033A544A555A569817A818B819C810E9472CA6B017C01AE85BF8550962D913D9191
:2036C0004D915C915397C501B4010E9421C9EE85FF8526A137A140A551A50E9473CA2B01B2
:2036E0003C01AE85BF8596964D925D926D927C929997DB96BC91B987B11118C0EE85FF8550
:203700002485358546855785C701B6010E9421C99B01AC01C301B2010E9472CAAE85BF857F
:2037200096966D937D938D939C939997EE85FF8546A057A060A471A416A907A930AC21ACC9
:20374000212F302F432D522DC301B2010E9487CB18160CF08FC0812F902FA32DB22DEE8556
:20376000FF8586A397A3A0A7B1A7F985FF2309F49AC0AE85BF851C962D913D914D915C914C
:203780001F97C501B4010E9421C94B015C01EE85FF852489358946895789C701B6010E9491
:2037A00021C99B01AC01AE85BF8596966D917D918D919C9199970E9472CAA50194010E94F1
:2037C00073CA6B017C019B01AC01612F702F832D922D0E94BBC887FD14C0EE85FF8512A9AD
:2037E00003A934A825A8212F302F432D522DB601C7010E94BBC887FD04C01C2D0D2D3E2CFD
:203800002F2CAE85BF855E96ED91FC91812F902FA32DB22D80839183A283B38389819A8122
:20382000AB81BC81EE85FF8582A793A7A4A7B5A78D819E81AF81B88582A393A3A4A3B5A38A
:2038400081E02F960FB6F894DEBF0FBECDBFDF91CF911F910F91FF90EF90DF90CF90BF90B0
:20386000AF909F908F907F906F905F904F903F902F900895AE85BF85D2968D919D910D90EC
:20388000BC91A02D8A879B87AC87BD879C01AD01C301B2010E94BBC887FF67CF8A859B8592
:2038A000AC85BD855CCF812C912C540170CF80E0C8CF8F929F92AF92BF92CF92DF92EF923E
:2038C000FF92CF93DF93EC01EE8DFF8DC080D180E280F380CEA2DFA2E8A6F9A6EC8DFD8D08
:2038E00080819181A281B3818AA79BA7ACA7BDA78EA89FA8A8ACB9ACA5019401C701B60144
:203900000E9487CB18162CF48EA29FA2A8A6B9A60CC08AA89BA8ACA8BDA8A5019401C7014A
:20392000B6010E94BBC887FDEFCFDF91CF91FF90EF90DF90CF90BF90AF909F908F90089544
:203940004F925F926F927F928F929F92AF92BF92CF92DF92EF92FF920F931F93CF93DF9393
:2039600000D000D0CDB7DEB79E838D832A013B014801590120E030E0A901CB01B2010E9478
:20398000BBC887FD89C020E030E0A901C501B8010E94BBC887FD80C020E030E0A901C70133
:2039A000B6010E94BBC887FD77C081E0ED81FE81228D338D2130310509F080E0ED81FE81E6
:2039C00083AF408251826282738284829582A682B782C086D186E286F38666A577A580A9FB
:2039E00091A90E94C0C820E030E04AE754E40E94DFCA69837A838B839C83ED81FE814486D2
:203A00005586668677869B01AC01C501B4010E9421C94B015C01ED81FE81808A918AA28AAB
:203A2000B38A29813A814B815C81C701B6010E94DFCA6B017C01ED81FE81C48AD58AE68A7E
:203A4000F78A808D918D019739F5A301920160E070E0CB010E9472CAED81FE8164877587AF
:203A600086879787A501940160E070E0CB010E9472CAED81FE81608B718B828B938BA701FF
:203A8000960160E070E0CB010E9472CAED81FE81648B758B868B978B26960FB6F894DEBF9C
:203AA0000FBECDBFDF91CF911F910F91FF90EF90DF90CF90BF90AF909F908F907F906F90C7
:203AC0005F904F9008952F923F924F925F926F927F928F929F92AF92BF92CF92DF92EF92CE
:203AE000FF920F931F93CF93DF9300D0CDB7DEB7FC0122812983222309F4C3C0922F6217D9
:203B000008F4962FA92EB12CB981AB2FB0E0AA19BB09BB83AA83B7FF03C01196BB83AA830F
:203B20008F01EA81FB81F595E795FB83EA83E90FE983D8018C91811153C0EE24E394F12C78
:203B4000F80182818E151F0409F008F447C00680F781E02DEE0DFF1D2080F4E02F9E300113
:203B600011246701D80114968D919C91159716964D905C904601B1E08B1A9108F201E80DBB
:203B8000F91D30804C0C5D1CFC01E60DF71D44E0349E90011124820F931FDC012D913D9122
:203BA0004D915C9160817181828193810E94BBC887FF12C0F201308264018114910491F618
:203BC000D80116968D919C91880E991EF4012082FFEFEF1AFF0AB4CF4601F2CF81E0808342
:203BE000EA81FB81FF27FB83EA83C12CD12C7601F9812A812F1718F5D8011696ED91FC9164
:203C000017972A813B81E20FF31FE08134E0E39FC00111241496ED91FC91E80FF91F20813A
:203C2000318142815381C701B6010E9473CA6B017C018A819B8101969B838A83D9CFB501AD
:203C4000BB0C880B990B0E94C2C89B01AC01C701B6010E94DFCA0F900F900F90DF91CF917A
:203C60001F910F91FF90EF90DF90CF90BF90AF909F908F907F906F905F904F903F902F90D2
:203C8000089560E070E080EC9FE7E5CFCF93DF93FC01248135819381A1E0A90FA383B4E01E
:203CA0009B9FC0011124820F931FEC01488359836A837B839181A91708F013828281891710
:203CC00010F48F5F82831082DF91CF91089560934C1470934D1480934E1490934F14645D7B
:203CE0007E4F8F4F9F4F609348147093491480934A1490934B1482E090E090934714809326
:203D000046140E94BE976093421470934314809344149093451408952F923F924F925F92C7
:203D20006F927F928F929F92AF92BF92CF92DF92EF92FF920F931F93CF93DF9300D000D0E1
:203D4000CDB7DEB789839B836A837C835E834D83F90124E6E216F1040CF466C032EBE31A52
:203D600037E0F30AE092311200933012E0932F12A981A0932D12BA81B0932C122D81209338
:203D80002B12AE2DB0E020E833E341EE51E00E942ECA2B013C0122EB37E0FF2444E6A42EB7
:203DA000B12C50E9C52EDD24D394C901825B97408E159F05ECF13EE4E31A38EFF30AC701E5
:203DC00064E670E00E94C1CB1C01C70160E971E00E94C1CB4C0183EDA82E84E0B82ECC24A1
:203DE000C394D12C83E0E822FF24C016D1060CF049C0B2E0CB16D104B1F5E114F10499F5C7
:203E00002114310419F48114910469F520E8420E2BE3521E26E2621E711CBFEFCB1ADB0A40
:203E20002FEFA21AB20AE1CF8EE1E80EF11C9ACFC90183709927892B99F4C901B5010E9481
:203E4000C1CB892B31F4C901B6010E94C1CB892B39F4A0E84A0EA1E55A1EA1E06A1E711CF9
:203E60002F5F3F4FA2CFD5018C91A82FB0E020E831E541E050E00E942ECA460E571E681E03
:203E8000791ECBCF2CE330E0AA81BC810E94E4CBAD81BE816D01BB0FEE08FF08C60ED71EAE
:203EA000E81EF91E20E13EE0A981BB810E94E4CBC60ED71EE81EF91EDF01119720E831E583
:203EC00041E050E00E9439CA6C0D7D1D8E1D9F1D640D751D861D971D26960FB6F894DEBF6E
:203EE0000FBECDBFDF91CF911F910F91FF90EF90DF90CF90BF90AF909F908F907F906F9083
:203F00005F904F903F902F900C94679ECF92DF92EF92FF920F931F930E94BE978B019C0148
:203F2000C0904214D0904314E0904414F090451460914C1470914D1480914E1490914F14D9
:203F40000C191D092E093F09083E134021053105E0F0DC01CB010196A11DB11D80934C1493
:203F600090934D14A0934E14B0934F14B701A60148515C4F6F4F7F4F4093421450934314F0
:203F80006093441470934514C7CF1F910F91FF90EF90DF90CF9008954F925F926F927F9237
:203FA0008F929F92AF92BF92CF92DF92EF92FF920F931F93CF93DF934B015C0180913E1405
:203FC00090913F14A0914014B091411488159905AA05BB0509F4C6C08CE3C82ED12CE12CB6
:203FE000F12CC501A70196010E9441CA60932B12CA01B901A70196010E9441CA60932C1220
:20400000C501B40120E13EE040E050E00E9441CACA01B90128E130E040E050E00E9441CA6E
:2040200060932D12C501B40120E831E541E050E00E9441CA69017A01CA01B9016C5F7F4FB4
:204040008F4F9F4F27E030E040E050E00E9441CA6F5F60932E12412C512C320140E004E658
:2040600010E0C0E9D1E0242F30E02E54384FF901E370FF273097F9F4C901B8010E94C1CBB2
:20408000892B31F4C901BE010E94C1CB892B99F48EE691E0A0E0B0E0480E591E6A1E7B1E6C
:2040A000D301C201AA27BB27C816D906EA06FB0638F04F5FD8CF8DE691E0A0E0B0E0ECCFDC
:2040C00040933112C90164E670E00E94C1CBEC01C90160E971E00E94C1CB309721F4209726
:2040E000D9F40097C9F04DE651E060E070E0441A550A660A770AC418D508E608F708A3EDCB
:20410000B4E020E0213069F43097E9F5209711F40097C9F54DE106C04EE651E060E070E0BE
:20412000E6CF4C9150E070E060E031E0320FC416D506E606F70640F0C41AD50AE60AF70A5F
:204140001196232F3C30F1F62F5F20933012C394C0922F1280923E1490923F14A092401447
:20416000B0924114DF91CF911F910F91FF90EF90DF90CF90BF90AF909F908F907F906F90C2
:204180005F904F9008954CE1CDCF0E94869F0E94CC9F8091311290E08E54984F08950E944B
:2041A000869F0E94CC9F80912C1290E008950E94869F0E94CC9F80912D1290E008958FEFC2
:2041C0000C94A71CCF92DF92EF92FF920F931F93CF93DF93EC01162F69017A018E8188239F
:2041E00089F08F8198859C012F5F3F4F38872F838230924018F40E94DFA0F3CFCE010E940B
:204200001C971E82CE010E9406978CE291E00E94047C812F80640E94A71C08E110E0D70192
:20422000C601002E04C0B695A795979587950A94D2F70E94A71C08501109083F8FEF1807D4
:2042400071F78FEF0E94A71C10E00E94DFA08A8787FF04C01F3F11F01F5FF7CFDF91CF9134
:204260001F910F91FF90EF90DF90CF900895CF92DF92EF92FF920F93CF93DF93EC016901C4
:2042800082E1411551056105710599F08B85833039F089E0440F551F661F771F8A95D1F78C
:2042A0009A01AB0168E1CE010E94E2A0882319F084E08D832DC08EEF0E94A71C76018EEF90
:2042C000D81AF70181917F010E94A71CEC14FD04C1F78FEF0E94A71C8FEF0E94A71C0E94DC
:2042E000DFA08A878F71853071F4011116C0CE010E941C9781E0DF91CF910F91FF90EF9029
:20430000DF90CF90089581E18D83CE010E941C97CE010E941C9780E0EECF88E592E00E94DA
:20432000047C811102C085E1C4CF20E030E0A9016DE0CE010E94E2A0882311F084E1B9CF1D
:204340000E94DFA08111FACFD2CF0F9340913A1250913B1260913C1270913D124115510518
:204360006105710589F0082F2EE332E190E080E00E9437A1882349F010923A1210923B1282
:2043800010923C1210923D1281E00F9108950F93CF93C82F80913912811105C0C1E08C2F94
:2043A000CF910F91089540910B0350910C0360910D0370910E030C2F2EE332E190E080E04F
:2043C0000E9437A1811102C0C0E0E9CFCC2331F381E00E94A5A18823B9F310923912DFCF69
:2043E000AF92BF92CF92DF92EF92FF921F93CF93DF936B017C01142F80910B0390910C0346
:20440000A0910D03B0910E038C159D05AE05BF0509F4ADC081E00E94C7A18823E1F18091EC
:2044200006008823A1F08091000090910100A0910200B0910300C816D906EA06FB0639F4B5
:204440008091070090910800892B09F44FC0C0920000D0920100E0920200F092030080919C
:204460000B00A7019601833039F099E0220F331F441F551F9A95D1F761E190E080E00E9498
:20448000E2A0882391F083E08093050090E080E00E941C9780E0DF91CF911F91FF90EF90E0
:2044A000DF90CF90BF90AF9008950E94BE97EB010E94DFA080930A008F3F79F40E94BE97B0
:2044C0006C1B7D0B6D32714098F38FE08093050090E080E00E941C97D9CF8E3FC1F5109279
:2044E00008001092070081E080930600CEE3D2E18EE3A82E84E1B82E0E94DFA08993AC169C
:20450000BD06D1F780910700909108009E5F909308008093070020910900222319F08115EF
:204520009240E8F0809106008823C9F080910700909108009C012F5F3F4F309308002093DE
:2045400007008230924028F40E94DFA0EFCF8DE0BDCF90E080E00E941C9710920600C092BD
:204560000B03D0920C03E0920D03F0920E0340913912412B4093391281E08DCF4F925F9272
:204580006F927F928F929F92AF92BF92CF92DF92EF92FF920F931F93CF93DF93EC014230BA
:2045A00051056105710590F480E0DF91CF911F910F91FF90EF90DF90CF90BF90AF909F902C
:2045C0008F907F906F905F904F90089589859A85AB85BC850196A11DB11D84179507A6079E
:2045E000B70710F3CB88DC88ED88FE888F89803109F042C0BB27A72F962F852F48015901B0
:204600002A013B01C80ED91EEA1EFB1E80910B0390910C03A0910D03B0910E03C816D906A6
:20462000EA06FB0699F58F898031C1F5B301A201552766277727440F551F425C5D4EFA0173
:2046400091828082809139128160809339128A89823080F08D819E81AF81B8858C0D9D1D88
:20466000AE1DBF1D80933A1290933B12A0933C12B0933D1281E099CFDB01CA01E7E0B6952F
:20468000A79597958795EA95D1F7B8CF40E0C701B6010E94F0A18111C6CF86CFB301A20123
:2046A0004F77552766277727440F551F440F551F425C5D4EFA0180829182A282B382C2CFBC
:2046C0008F929F92AF92BF92CF92DF92EF92FF920F931F93CF93DF93FC0181859285A385A8
:2046E000B4850196A11DB11D84179507A607B70770F480E0DF91CF911F910F91FF90EF90CA
:20470000DF90CF90BF90AF909F908F90089583889488A588B6888789803189F5BB27A72FC9
:20472000962F852FE9016A017B018F01BC01CD01680D791D8A1D9B1D80900B0390900C035D
:20474000A0900D03B0900E0386169706A806B90601F5F8018789803111F5DD24EE24FF2436
:20476000F601EE0FFF1FE25CFD4E80819181B0E0A0E088839983AA83BB8381E0BBCFDB0122
:20478000CA01C7E0B695A79597958795CA95D1F7C9CF40E00E94F0A18111DBCFAACFE89495
:2047A000C7F8DD24EE24FF24F601EE0FFF1FEE0FFF1FE25CFD4E80819181A281B381BF70B5
:2047C000D8CF8F929F92AF92BF92CF92DF92EF92FF920F931F93CF93DF93EC018D818111B5
:2047E0000EC080E0DF91CF911F910F91FF90EF90DF90CF90BF90AF909F908F9008950B8982
:204800001C892D893E89041715072607370748F34A015B01823031F48A869B86AC86BD8675
:2048200081E0E0CF81149104A104B10449F41E821F82188619861A861B861C861D86F0CFE4
:204840000A851B852C853D85EB8DFC8D858590E00996B901A8014150510961097109082E34
:2048600004C076956795579547950A94D2F775016401E1E0CE1AD108E108F10804C0F694B1
:20488000E794D794C7948A95D2F7C416D506E606F70620F0012B022B032B11F58F89988D77
:2048A000A98DBA8D8E839F83A887B9878E010A5F1F4FC114D104E104F10409F4ADCF4E81A7
:2048C0005F816885798598018B8D9C8D0E9460A391E0C91AD108E108F1088111EACF81CFE4
:2048E000C41AD50AE60AF70AE1CF3F924F925F926F927F928F929F92AF92BF92CF92DF92EF
:20490000EF92FF920F931F93CF93DF93CDB7DEB72C970FB6F894DEBF0FBECDBF5C01DC0100
:204920005B968D909C905C9716964D905D906D907C901997411451046104710409F468C072
:20494000BFEF4B1A5B0A6B0A7B0A312CF40181859285A385B4859C01AD012F5F3F4F4F4F10
:204960005F4F29873A874B875C87730162011D821E821F821886F40181859285A385B4859B
:204980002D813E814F815885281739074A075B0708F056C089859A85AB85BC858C159D05DC
:2049A000AE05BF0550F482E0C82ED12CE12CF12C92E0492E512C612C712C9E012F5F3F4F72
:2049C000B701A601C4010E9460A38823C9F189819A81AB81BC81892B8A2B8B2B09F12601DB
:2049E00037019FEF491A590A690A790A2D813E814F8158852F5F3F4F4F4F5F4F2D833E8342
:204A00004F8358873FEFC31AD30AE30AF30AB3CFF40140805180628073803324339496CFB3
:204A2000C414D504E604F70409F70FEF1FEF2FEF3FE0B701A601C4010E94BEA2811119C006
:204A400080E02C960FB6F894DEBF0FBECDBFDF91CF911F910F91FF90EF90DF90CF90BF90A2
:204A6000AF909F908F907F906F905F904F903F900895D50116964D915D916D917C91199758
:204A8000411551056105710539F097018601C4010E94BEA28823A1F2D5011696CD92DD92F1
:204AA000ED92FC921997332051F0D701C6010196A11DB11DF40180839183A283B383F50186
:204AC0008789908DA18DB28D892B8A2B8B2B39F48481C78AD08EE18EF28E80688483F50168
:204AE00084818062848381E0ACCF1F93CF93DF93EC01162F8C8187FF2AC06E857F858889AF
:204B0000998941E00E94F0A1882361F1EA8980E2E89FF0011124E25CFD4E309719F18D8138
:204B2000823040F48B899C89AD89BE89848F958FA68FB78F8F89988D938F828F8F89988D7A
:204B4000A98DBA8DB58BA48B8C818F778C83111103C08C818F7E8C83812FDF91CF911F9109
:204B60000C94C7A180E0DF91CF911F9108951F93CF93DF93EC018D81813031F090E080E08D
:204B8000DF91CF911F9108958C8181FFF7CF82FD1BC090E080E00E9406970E94DFA0182FD4
:204BA00090E080E00E941C971F3F41F78C8185FF1EC08D81882321F060E0CE010E9475A536
:204BC0008C818F7D8C83DACF4B895C896D897E898A859B85AC85BD8584179507A607B7070A
:204BE000C1F2CE010E94E1A38111D3CFC7CF40913A1250913B1260913C1270913D12452BF9
:204C0000462B472B21F080E00E94A5A1B7CF80618C832A853B85317080E092E0821B930BC5
:204C2000AFCF9F92AF92BF92CF92DF92EF92FF920F931F93CF93DF9300D01F921F92CDB771
:204C4000DEB78C016D83DC0115968C911597813009F0B9C014968C9181FFB5C082FD9FC034
:204C6000D8015B96ED91FC915C971A96AD90BD90CD90DC901D9794809A94B601A50189E0AD
:204C800076956795579547958A95D1F79422B1E0BB22992009F49FC0D8015B96ED91FC9150
:204CA0005C971696CD90DD90ED90FC901997B2E0CB1AD108E108F108858504C0CC0CDD1C01
:204CC000EE1CFF1C8A95D2F74685578560897189C40ED51EE61EF71EC90CD11CE11CF11C93
:204CE000A114B10409F00AC1F801428553856485758583899489A589B689481759076A0745
:204D00007B0708F4FBC081E00E94C7A1882309F45AC0C0920B03D0920C03E0920D03F09258
:204D20000E0380913912816080933912F501E25CFD4E8D818083F80182859385A485B585BC
:204D40000196A11DB11D82879387A487B5874389548965897689481759076A077B0738F432
:204D60002481838B948BA58BB68B20682483D80114968C9183FD9FC081E090E00F900F9033
:204D80000F900F900F90DF91CF911F910F91FF90EF90DF90CF90BF90AF909F900895F801E7
:204DA000438954896589768982859385A485B585481759076A077B0709F452CFC8010E94A0
:204DC000E1A381114DCF81E090E0D80113969C938E93129749C0D80116964D915D916D91FD
:204DE0007C911997A114B10409F071C0411551056105710589F557968D919D910D90BC9139
:204E0000A02D0097A105B10509F04FC0C8010E9475A48823C1F2D8015B96ED91FC915C9720
:204E20001696CD90DD90ED90FC901997B2E0CB1AD108E108F108858504C0CC0CDD1CEE1C68
:204E4000FF1C8A95D2F74685578560897189C40ED51EE61EF71E48CF9E012F5F3F4FCF0145
:204E60000E9460A3811103C090E080E087CF89819A81AB81BC81F801238D348DF901278970
:204E800048EF5FEF60E070E0203121F048EF5FEF6FEF7FE084179507A607B70730F0C801CE
:204EA0000E9475A48111F8CE8ECFF80186839783A087B187F1CEF8018581882309F483CF4F
:204EC00061E0C8010E9475A5811156CF7CCF6A017B01B2E0CB1AD108E108F108858504C023
:204EE000CC0CDD1CEE1CFF1C8A95D2F74685578560897189C40ED51EE61EF71E41E0C70183
:204F0000B6010E94F0A1811111CF5DCFAF92BF92CF92DF92EF92FF920F931F93CF93DF936B
:204F200000D01F92CDB7DEB78C016B017A0180910C0B8333E9F45B016801C40ED51EC01648
:204F4000D106A9F10E9439908FE00E94A71C812F0E94A71C802F0E94A71C0F5F1F4F80E03C
:204F60000E94A71CF50181935F010E942F90E7CF843369F50E94399019830A838F2D8F77E0
:204F80008B83EC8264E070E0CE0101960E941590A70170E060E0C6010E94FCCCE114F10401
:204FA00021F0B701C6010E9415900E942F90C7010F900F900F900F90DF91CF911F910F9155
:204FC000FF90EF90DF90CF90BF90AF9008950E9439900F3F110509F030F419820A831B8219
:204FE00063E070E0D1CF17FD0BC019820A8333E0169507953A95E1F7007E08600B83F0CF43
:20500000C80126E0969587952A95E1F7807E19830A830115104C18F480618B83E1CF8861B6
:20502000FCCFCF93DF931F92CDB7DEB720912A1230E0322F2227260F371F90E0982F8827EF
:2050400041E050E0BE016F5F7F4F820F931F0E9486A789810F90DF91CF910895CF93DF93A8
:205060001F92CDB7DEB741E050E0BE016F5F7F4F90E080E00E9486A789810F90DF91CF91A2
:205080000895CF93DF93C4E1D0E00E942EA8882361F061E070E080E090E00E948B972197F9
:2050A000A1F780E0DF91CF91089581E0FBCF1F93CF93DF931F92CDB7DEB7182F80E591E0F3
:2050C0000E94AB18812F0E94449027E0129FF0011124EC53F54F22813381377041E050E095
:2050E000BE016F5F7F4F820F931F0E9486A70E94AA1889810F90DF91CF911F910895FC011C
:20510000808D883040F4218D328D232B21F00E9457A890E008958FEF9FEF0895CF93DF939F
:20512000FC012485283028F08FEF9FEFDF91CF910895EC010190F081E02D0084F185E02DDD
:205140001995892B89F38C850E9457A890E0EECFAF92BF92CF92DF92EF92FF920F931F93C8
:20516000CF93DF9300D000D01F921F92CDB7DEB78C017B016A0180910C0B8333E1F45801C0
:20518000A40EB51EA016B10609F46FC00E94399080EF0E94A71C812F0E94A71C802F0E944C
:2051A000A71C0F5F1F4FF70181917F010E94A71C0E942F90E7CF5B01A40EB51E8433C1F4FD
:2051C0000E94399019830A838D2D80688B83CC8264E070E0CE0101960E941590AE14BF0477
:2051E00009F441C0F70181917F010E94A71CF6CF0E9439900F3F110509F028F419820A83F1
:2052000084E08B830CC017FD17C019820A8333E0169507953A95E1F7007E0C600B8386E05E
:20522000C816D104A0F5F701DE011496EA15FB0599F081918D93FACFC80126E0969587950C
:205240002A95E1F7807E19830A830115104C10F48461D7CF8C61D5CFB6016D5F7F4FCE01DE
:2052600001960E9415900E942F90C60128960FB6F894DEBF0FBECDBFDF91CF911F910F9103
:20528000FF90EF90DF90CF90BF90AF90089563E070E0CE0101960E941590F70181917F013D
:2052A0000E94A71CAE14BF04C1F7DDCFCF93DF931F92CDB7DEB7898341E050E0BE016F5F18
:2052C0007F4F90E080E00E94A8A80F90DF91CF91089563E070E00C9411A81F93CF93DF93C0
:2052E000182F80E591E00E94AB18812F0E94CB90EC01812F0E9469A9182F0E94AA1817313B
:2053000021F01C3111F0D0E0C0E0CE01DF91CF911F910895CF93C82F80E591E00E94AB185E
:205320008C2F0E9469A9C82F0E94AA188C2FCF910895EF92FF920F931F93CF93DF937C0134
:2053400080910C0BD4E0833309F0D8E00CEF1AE0C0E0F801219131918F01F7018481958165
:205360002817390729F0CF5FDC13F3CF80E006C08C2F0E948AA98431B1F781E0DF91CF9172
:205380001F910F91FF90EF900895CF93DF93EC018C858830D0F40E948AA9843189F0882316
:2053A00079F0883169F021E08C3159F4E881F9810084F185E02DCE01199521E0892B09F44E
:2053C00020E0822FDF91CF91089580E0FBCFCF93DF93EC018C85883060F40E948AA987311A
:2053E00011F08C3131F48C850E946DA98115984088F3DF91CF910895DA01E0912A12F0E053
:20540000FE2FEE27E60FF71F90E0982F8827A901BD018E0F9F1F0C94A8A86F927F929F9263
:20542000AF92BF92CF92DF92EF92FF920F931F93CF93DF931F921F92CDB7DEB7982E8B0101
:205440003A01690122E030E0AE014F5F5F4F64E270E00E949218E980FA80FE24EF24FE246E
:20546000E00EF11E9701377040910C0B092D10E0C801433309F04CC00896982F8827990FE2
:20548000990F990F820F931F473309F446C0A9014C0D5D1D4130584008F43FC060E078E0E3
:2054A0005B01A21AB30AA501B3010E94A8A8A6014A195B09B3016A0D7B1D80910C0B8333BC
:2054C00049F5085F1F4F000F000F000F80E0902F0E94A8A8EC0CFD1CF982EA8222E030E071
:2054E000AE014F5F5F4F64E270E0892D0E94FCA90F900F90DF91CF911F910F91FF90EF90A2
:20550000DF90CF90BF90AF909F907F906F9008954096B3CF005F1F4FD6CFA601B301D8CF89
:205520009F92AF92BF92CF92DF92EF92FF920F931F93CF93DF938C015B01942EE52EFC01E1
:20554000C688D788F08C80E591E00E94AB188F2D0E94CB90C92DDE2D8C179D0708F4EC01FD
:205560009E01A501B6018F2D0E940DAA0E94AA18F801868997898C0F9D1F978B868BCE0135
:20558000DF91CF911F910F91FF90EF90DF90CF90BF90AF909F900895CF93DF931F921F927F
:2055A000CDB7DEB779836A8322E030E0AE014F5F5F4F60E170E00E94FCA90F900F90DF9146
:2055C000CF910895CF93DF931F921F92CDB7DEB779836A8322E030E0AE014F5F5F4F64E035
:2055E00070E00E94FCA90F900F90DF91CF910895FF920F931F93CF93DF93EB01FC01178A26
:20560000168A2A81211109C02B81211106C02C81211103C02D81222311F141155105F9F074
:205620008A01FC01F08C80E591E00E94AB18AE014E5F5F4F24E030E06CE070E08F2D0E9413
:20564000FCA9B8018F2D0E94CCAA0E94AA1881E090E0DF91CF911F910F91FF90089580E037
:20566000F7CFCF93DF931F92CDB7DEB720912A1230E0322F2227260F371F90E0982F8827AE
:20568000498341E050E0BE016F5F7F4F820F931F0E94A8A80F90DF91CF9108951F93CF933D
:2056A000DF931F921F92CDB7DEB760E372E080E090E00E948B970E94711CE1ECFFE1E49183
:2056C000F0E0EE0FFF1FE95CFF4D859194919093371280933612E2E1F0E2E491E093351288
:2056E00061E086E40E942A970E942F9080E591E00E94AB1884E380930C0B80E80E9456A966
:205700000E9441A88823D1F188E00E9456A90E942EA8883099F580E10E9456A90E942EA850
:20572000803161F580E00E9456A90E942EA8182F811124C041E050E0BE016F5F7F4F8FE110
:2057400090E00E9486A789818330C1F480E480932A1242E06EE170E0812F0E9431AB42E0D4
:205760006FE170E0812F0E9431AB1F5F183089F70E94AA1881E08093AE0B6CC087E38093DB
:205780000C0B80E80E9456A90E9441A8882329F188E00E9456A90E942EA88830F1F480E11A
:2057A0000E9456A90E942EA8182F8031B1F480E00E9456A90E942EA881110FC041E050E008
:2057C000BE016F5F7F4F89E390E00E9486A78981843019F410932A12CBCF83E380930C0BEF
:2057E00080E80E9456A90E9441A8882371F180E10E9456A90E942EA8803139F582E10E94AA
:2058000056A90E942EA8823101F580E00E9456A90E942EA8811119C084E080932A1215E5D7
:205820001A8341E050E0BE016E5F7F4F8BE190E00E94A8A8198341E050E0BE016F5F7F4F0A
:205840008AE190E00E94A8A893CF10920C0B0E94AA1880E00F900F90DF91CF911F91089541
:20586000CF93C82F462F61E070E00E9431AB61E070E08C2F0E9411A88111F9CFCF9108954D
:205880004F925F927F928F929F92AF92BF92CF92DF92EF92FF920F931F93CF93DF931F9284
:2058A0001F92CDB7DEB7782E6B014A01A82EB12C27E0829FC0011124FC01EC53F54F7F01F0
:2058C0000081118180E591E00E94AB180815190554F4872D0E940891F70126818C01021BBF
:2058E0001109118300830115110529F5872D0E9469A9843159F0882349F001E010E08C3155
:2059000011F410E000E01195019511090E94AA18C8010F900F90DF91CF911F910F91FF9042
:20592000EF90DF90CF90BF90AF909F908F907F905F904F900895801691060CF4840187E0AB
:205940008A9DF0018B9DF00D1124EC53F54FE280F380C114D10451F12701F7E05F22872D5D
:205960000E944490840D951D20910C0B273309F453C09801240D351D2130384008F44CC04F
:2059800020E038E0490184189508A401B6010E9486A72601480C591C6801C818D908872D73
:2059A0000E944490A601B2010E9486A7E00EF11E87E08A9DF0018B9DF00D1124EC53F54FEF
:2059C000F382E28220813181201B310B318320838681800F912F911D8A3F910510F4232B18
:2059E000F1F487E08A9DF0018B9DF00D1124EC53F54F1682F982EA8222E030E0AE014F5F78
:205A00005F4F68E270E0872D0E94FCA960E470E0872D0E9430AC7ACFA801B601C5CF868337
:205A200075CFCF93DF93FC01218D328D2115310529F48FEF9FEFDF91CF910895EC01808DE8
:205A40004217530708F0A9010E9440AC1816190684F7298D3A8D281B390B3A8F298FEBCF5C
:205A60000F931F93CF93DF931F92CDB7DEB7FC01218D328D232B41F48FEF9FEF0F90DF912C
:205A8000CF911F910F9108958C0141E050E0BE016F5F7F4FFC01808D0E9440AC181619069B
:205AA0005CF7F801818D928D0197928F818F898190E0E4CF0F931F93CF93DF9300D000D0AF
:205AC0001F921F92CDB7DEB78C01D80159964D915C915A974115510551F0ED91FC91048CB2
:205AE000F58DE02D70E060E0C8011995EECFF801808D0E943D91892BB1F148E050E0BE0170
:205B00006F5F7F4FD80158968C910E9440AC18161906F4F4D801509684E0FE0131960190C8
:205B20000D928A95E1F78D8190E0982F88272E81820F911DF801958B848B8F81282F30E04E
:205B4000322F22278885820F932F911D928F818F28960FB6F894DEBF0FBECDBFDF91CF9187
:205B60001F910F91089590E080E0F2CFCF93DF931F92CDB7DEB741E050E0BE016F5F7F4F5D
:205B8000FC0184850E9440AC1816190634F4898190E00F90DF91CF9108958FEF9FEFF9CFA2
:205BA000FC018485883010F40C9440AC90E080E00895CF93C82F80E591E00E94AB1868E04E
:205BC00070E08C2F0E9430ACCF910C94AA18CF93C82F80E591E00E94AB1860E170E08C2F9A
:205BE0000E9430ACCF910C94AA18CF92DF92EF92FF920F931F93CF93DF9300D000D0CDB735
:205C0000DEB78C016B017A01FC01808D883010F40E94E7AD81EC94E09A838983F60182817B
:205C20009381A481B5818B839C83AD83BE83B701CE0101960E941E7BF801808F8830A0F4AA
:205C4000F586E486128E118E81E026960FB6F894DEBF0FBECDBFDF91CF911F910F91FF900D
:205C6000EF90DF90CF90089580E0EFCFCF93DF93EC01888D883020F40E94E7AD88E0888FC5
:205C8000DF91CF910895CF92DF92EF92FF92CF93DF93EC018C85883068F40E94D9AD0E9403
:205CA000BE976B017C018C850E948AA9811109C088E08C87DF91CF91FF90EF90DF90CF903E
:205CC000089561E070E080E090E00E948B970E94BE97AB01BC014C195D096E097F098D85C6
:205CE0009E85B0E0A0E0481759076A077B07D8F28C850E94E7ADDCCFCF92DF92EF92FF921F
:205D00000F931F93CF93DF93182F7B01EA014130584010F0C0E0D8E080E591E00E94AB1811
:205D2000812F0E94CB906C01812F0E9469A9082F0E94AA18073111F00C3169F5CC16DD06B1
:205D400058F380E591E00E94AB189E01A70170E060E0812F0E940DAA60E270E0812F0E94F9
:205D600030AC62E070E0812F0E9411A884FD1DC0812F0E9469A9811111C00E94AA18D0E071
:205D8000C0E0CE01DF91CF911F910F91FF90EF90DF90CF900895D0E0C0E0D3CF0E94AA18A5
:205DA00080E591E00E94AB18DCCF40E162E070E0812F0E9431AB0E94AA18E3CF0F931F93B2
:205DC000CF93DF938C01EA01FC018485883048F40E947CAE892B39F481E090E0F8019383F0
:205DE0008283D0E0C0E0CE01DF91CF911F910F9108958F929F92AF92BF92CF92DF92EF928B
:205E0000FF920F931F93CF93DF9300D000D000D01F92CDB7DEB790910C0B992369F128E039
:205E2000F22E933311F494E0F92E6B01082F80E591E00E94AB189E012F5F3F4F590149019F
:205E400010E0812F0E9469A9F40181934F018823D9F01F5FF112F5CFF12CF50191915F0147
:205E60009D3161F0983151F09A51923038F0F3941F11F3CF0E94AA1818E060C060E170E09E
:205E80008F2D0E9430AC1F2DE12EF12CF701EE0FFF1FE450F54F1182108283EE93E0019724
:205EA000F1F7402F70E060E0812F0E9431AB4FEF62E070E0812F0E9431ABB601CD2891F49E
:205EC00080910A0290910B0201968115F0EC9F0708F448C090930B0280930A0260910A0278
:205EE00070910B02812F0E94E2AA61E070E0812F0E9430AC27E02E9DC0012F9D900D1124C6
:205F00009C012C53354F7901F9011182108222E030E0AE01475F5F4F68E270E0812F0E9447
:205F2000921889859A85982789279827F701938382831682158214820E94AA18812F2A96B0
:205F40000FB6F894DEBF0FBECDBFDF91CF911F910F91FF90EF90DF90CF90BF90AF909F9041
:205F60008F90089580E090ECB5CF0F931F93CF93DF93EC018B01888D883010F40E94E7AD5D
:205F8000B80182E00E94F9AE888F883050F41D870C871A8E198E81E0DF91CF911F910F9183
:205FA000089580E0F9CF0F931F93CF938C01FC016481758181E20E94F9AEC82F883018F599
:205FC00080E591E00E94AB188C2F0E9469A9833141F00E94AA188C2FCF911F910F910C94C3
:205FE000D9AD62E070E08C2F0E9430AC0E94AA18F80184819581EC2FF0E0EE0FFF1FE4509E
:20600000F54F91838083CF911F910F910895CF93FC01C08D80E591E00E94AB1860E270E05F
:206020008C2F0E9430AC62E070E08C2F0E9411A884FD1AC062E070E08C2F0E9411A883FFFA
:206040000CC048E162E070E08C2F0E9431AB0E94AA1880E090E0CF9108950E94AA1880E586
:2060600091E00E94AB18DFCF40E162E070E08C2F0E9431AB0E94AA1881E0ECCF9F92AF92BE
:20608000BF92CF92DF92EF92FF920F931F93CF93DF93EC017B0180910C0B811121C01B8202
:2060A0001A8288EE93E0A0E0B0E08C839D83AE83BF838DE894E09983888388E08C8788EEA8
:2060C00093E09E878D87CE01DF91CF911F910F91FF90EF90DF90CF90BF90AF909F900895EF
:2060E00034E0932E833311F028E0922E8CEFC82E8AE0D82E10E098E0B92EA12CD6012D91BA
:206100003D916D01F701848195812817390791F4812F0E948AA9082F873111F08C3139F5CC
:20612000812F0E943D91892B59F50C3119F4812F0E94D9AD1F5F9112E1CFA11008C0D701F9
:20614000ED91FC910084F185E02DC70119951B821A8288EE93E0A0E0B0E08C839D83AE8325
:20616000BF838DE894E099838883BC86A8CF843149F08111DFCFF601329711821082DACF58
:20618000B12ED8CFAA24A394D5CF8F929F92AF92BF92CF92DF92EF92FF920F931F93CF9352
:2061A000DF93CDB7DEB72F970FB6F894DEBF0FBECDBF5C014B017A0180910C0B8823C9F196
:2061C00004E0833309F008E0B501CE0101960E943EB08CEFC82E8AE0D82E10E0F60121911E
:2061E00031916F01F501848195812817390751F4812F0E948AA9873129F4A701B401812F31
:206200000E947CAE1F5F0113E9CFC7012F960FB6F894DEBF0FBECDBFDF91CF911F910F9174
:20622000FF90EF90DF90CF90BF90AF909F908F900895F12CE12CE9CF0F931F93CF93DF93FF
:2062400000D000D0CDB7DEB7DB01ED91FC91119712960D911D912D913C911597DC01129646
:20626000FC93EE931197FC0103831483258336835087478326960FB6F894DEBF0FBECDBF47
:20628000DF91CF911F910F910895EF92FF920F931F93CF93DF9300D01F92CDB7DEB7FC0170
:2062A000E180F2800781108501960E9495300097D9F0FC0124812034B9F4B70180810E9492
:2062C000182269837A838B839C8389819A81009769F00115110551F0B701CE0101960E942C
:2062E0002B2F01501109F1CF90E080E00F900F900F900F90DF91CF911F910F91FF90EF909F
:206300000895CF930E9445B1FC01892B41F194819A30E1F040F4992311F19630A9F0C1E061
:206320008C2FCF9108959C3089F09E30C1F7C1E020E030E0A90160817181828193810E94F3
:20634000BBC88111EDCF0BC0C081EACFC1E080819181A281B381892B8A2B8B2B09F7C0E0DD
:20636000DFCFCF92DF92EF92FF92CF93DF9300D01F921F92CDB7DEB70E9445B1DC01892B43
:2063800009F446C01496EC911497E250ED3008F03FC0F0E08827E053FE448F4F0C94D5CBD0
:2063A000F7B108B20AB20DB2DDB108B208B208B2EBB108B2EBB108B211B2CC908C2D0F9021
:2063C0000F900F900F900F90DF91CF91FF90EF90DF90CF900895CD90DD90ED90FC908FEFA7
:2063E000C816D104E104F10449F340F311C0CD010E94CE2A3A834B835C836D83CA80DB8069
:20640000EC80FD80223059F3233049F3213069F0C12CD4CF8D919C91EBCF8D919C91049642
:20642000E7CFCD90DD90ED90FC9020E030E0A901C701B6010E9487CB87FDEACF20E030E059
:206440004FE753E4C701B6010E94BBC8181604F3C701B6010E9458CBC62EB0CF0E9445B1B7
:20646000009711F00C94332C60E070E0CB010895CF92DF92EF92FF92CF93DF9300D01F9253
:206480001F92CDB7DEB70E949530DC01892B09F44BC01496EC911497E250ED3008F044C015
:2064A000F0E08827E95AFD448F4F0C94D5CB83B294B298B29BB264B294B294B294B274B29B
:2064C00094B279B294B29FB26C9170E090E080E00F900F900F900F900F90DF91CF91FF901D
:2064E000EF90DF90CF9008956D917D918D919C91EFCF8D919D910D90BC91A02DB7FD14C012
:20650000BC01CD01E5CFCD010E94CE2A3A834B835C836D83CA80DB80EC80FD80223059F150
:20652000233059F1213079F060E070E0CB01D0CF8D919C91E9CF8D919C910496E5CFCD9010
:20654000DD90ED90FC9020E030E0A901C701B6010E9487CB87FDE8CF2FEF3FEF4FE75FE498
:20656000C701B6010E94BBC81816F4F2C701B6010E9458CBADCFF7FCD7CFC701B601A8CF14
:20658000CF92DF92EF92FF92CF93DF9300D01F921F92CDB7DEB70E949530DC01892B09F403
:2065A00033C01496EC911497E250ED3068F5F0E08827E252FD448F4F0C94D5CB07B304B3E7
:2065C00019B31CB3EBB204B304B304B3FAB204B3FAB204B320B36C9170E0CB010F900F906E
:2065E0000F900F900F90DF91CF91FF90EF90DF90CF9008958D919D910D90BC91A02DBC01B5
:206600000097A140B10548F370E060E0E6CFCD010E94CE2A3A834B835C836D83CA80DB8065
:20662000EC80FD80223041F1233071F1213061F70BC08D919C91ECCF8D919C910496E8CF22
:20664000CD90DD90ED90FC9020E030E0A901C701B6010E9487CB87FDD7CF20E03FEF4FE7AC
:2066600057E4C701B6010E94BBC818166CF2C701B6010E9458CBB1CFC114D10481E0E806F2
:20668000F10410F6B601A9CFC114D10421E0E206F104C0F3B9CFCF93DF9388E492E00E94B9
:2066A0006C938DEF9DE00E946C938AEF91E10E94F9C382E092E10E94F9C388E19EE00E943C
:2066C000F9C380E29EE00E94F9C388E29EE00E94F9C380E39EE00E94F9C38AE092E10E94BC
:2066E0006C9382E290E10E946C938CE090E10E946C9386E090E10E946C938CEF9FE00E9493
:206700006C93C0912810D0912910209779F08E819F8190932910809328101F821E82CE0151
:206720000E946C93CE010E94C0C4EBCF82E390E10E946C930E941C7780914710909148107C
:20674000009711F00E94C0C480913A1090913B100E94C0C480913C1090913D100E94C0C49D
:2067600080E192E10E946C938AE990E10E946C9383E694E09093B8108093B71087EB90E19A
:20678000DF91CF910C9436AE2F923F924F925F926F927F928F929F92AF92BF92CF92DF9279
:2067A000EF92FF920F931F93CF93DF9300D01F92CDB7DEB7E0E2FCE01382128288EE482E52
:2067C00083E0582E612C712C448255826682778283E394E09183808325E331E035872487B7
:2067E00024E331E03787268720E331E0318B208B21E331E0338B228B22E331E0358B248B96
:2068000026E331E0378B268B118E128E138E148E07E51FE0D80113961C921E921297F801FC
:2068200044825582668277829183808325ED30E03587248724ED30E03787268720ED30E091
:20684000318B208B21ED30E0338B228B22ED30E0358B248B26ED30E0378B268B118E128EE5
:20686000138E148EEDEBFCE01382128244825582668277829183808385EC90E0958784875B
:2068800084EC90E09787868780EC90E0918B808B81EC90E0938B828B82EC90E0958B848BD5
:2068A00086EC90E0978B868B118E128E138E148E84E690E090935B0D80935A0DECE5FDE0B4
:2068C00013821282448255826682778285E494E091838083E8E6FDE080E580831182E5E7AB
:2068E000F1E1158216821186138682E090E0A0E0B0E084879587A687B78713A215A614A6C9
:2069000087E594E093A782A717A6EEEBF1E191EC892E94E0992E9182808212821382148289
:206920001582E7EBF0E113821282448255826682778297868686108A118A128A138A28E0D7
:20694000322E308E83E694E09183808322ED30E1D901832D1D928A95E9F72EED30E180E140
:20696000D9011D928A95E9F714A213A216A215A214AE13AE16AE15AE17AA10AE11AE12AEAD
:20698000E4ECF1E1918280821282138214821582EAECF1E1918280821282138214821582D7
:2069A000E0EDF1E1918280821282138214821582E6EDF1E1918280821282138214821582BD
:2069C000ECEDF1E1918280821282138214821582E2EEF1E191828082128213821482158294
:2069E000EAE6FDE0918280821282138214821582E8EEF1E19182808212821382148215826C
:206A0000EEEEF1E1918280821282138214821582E4EFF1E19182808212821382148215824D
:206A200060E086E00E942A97E2EDFFE1E491ACE1B2E1EC93E1E8FFE1E491F0E0EE0FFF1F81
:206A4000EF59F04E8591949112969C938E9311971B961C921B971D961C921D971C961C924F
:206A60001C971A961C921A9719961C92199718961C92189717961C92179716961C9216972C
:206A800015961C92159714961C92149713961C921397E6E1F2E1918280821282138214827F
:206AA0001582E0EAF0E1168A158A1182B287A18717821086108289E083832224239424829E
:206AC000258226826AE175E08AE990E10E94BC936AE175E080E192E10E94BC934AE0E42E51
:206AE000F12CF0923F10E0923E102092401040924110509242106092431070924410109252
:206B0000461010924510109248101092471090924A108092491010924B1010924C101092B1
:206B20004D1010924E101092501010924F1010925210109251101092541010925310109241
:206B4000561010925510109258101092571010925A101092591010925B1010925C101092E1
:206B60005D1010925E1010925F101092601010926110109262101092641010926310109281
:206B800065101092661010926710109268101092691010926A1010926B1010926C10109221
:206BA0006E1010926D10EFE6F0E184E2DF011D928A95E9F7109293101092951010929410CC
:206BC0001092971010929610109299101092981080E890E0E8E3F0E19183808381E890E02B
:206BE0000E9424C490933B1080933A1080E890E00E9424C490933D1080933C1069E279E06B
:206C000082E390E10E94BC93E8E2F0E111821082138212821186108628EE33E0378326830B
:206C2000F582E4826AE175E08CEF9FE00E94BC936AE175E086E090E10E94BC936AE175E0E4
:206C40008CE090E10E94BC936AE175E082E290E10E94BC931093FB0F0093FA0F6AE175E017
:206C60008AE092E10E94BC93EEE2FFE086E185A386A33FEF37A35AE1B52EB0A6118E128E24
:206C8000138E148E158E168E178E10A240E050E068EC72E441A352A363A374A315861686EC
:206CA0001786108A118A128A138A148A158A168A178A108E1082118212821382148680E461
:206CC00097E7A0E0B0E084839583A683B78380879187A287B387E5E0FFE0B5A2B6A237A3F5
:206CE00030A7118E128E138E148E158E168E178E10A241A352A363A374A3158616861786D3
:206D0000108A118A128A138A148A158A168A178A108E1082118212821382148684839583E2
:206D2000A683B78380879187A287B387C090E402D090E502E090E602F090E7020091EC02B1
:206D40001091ED022091EE023091EF0209831A832B833C83ECEDFEE039E135A336A335E023
:206D600037A3B0A609811A812B813C81018F128F238F348FC58ED68EE78EF0A241A352A318
:206D800063A374A3158616861786108A118A128A138A148A158A168A178A108E1082118253
:206DA00012821382148684839583A683B78380879187A287B387C090E802D090E902E09017
:206DC000EA02F090EB020091F0021091F1022091F2023091F30209831A832B833C83E3EB84
:206DE000FEE03BE135A336A313E017A3B0A609811A812B813C81018F128F238F348FC58E5E
:206E0000D68EE78EF0A241A352A363A374A3158616861786108A118A128A138A148A158A92
:206E2000168A178A108E1082118212821382148684839583A683B78380879187A287B38787
:206E4000A090A802B090A902C090AA02D090AB02E090A402F090A5020091A6021091A702A4
:206E60001F922F92ECEAF2E023812F9322812F9321812F9320812F9320E732E04CEB52E0E4
:206E800068EC72E087E79EE00E9471B8A090B402B090B502C090B602D090B702E090B00275
:206EA000F090B1020091B2021091B3021F921F92E8EBF2E083818F9382818F9381818F938E
:206EC00080818F9324E732E040EC52E06CEC72E08BE39EE00E9471B8E8E3FEE089E480839A
:206EE00013E011836AE080E39EE00E9464B96AE088E29EE00E9464B96AE080E29EE00E9464
:206F000064B963E088E19EE00E9464B96AE082E092E10E9464B96AE08AEF91E10E9464B999
:206F2000E2E1FEE01382128287EC94E09183808380E590E095838483E3E0FEE013821282CB
:206F400044825582668277828DE894E091838083348628EE33E03687258761ED79E08DEF44
:206F60009DE00E94BC93ECEFFDE08081846080831092F10D1092F00DEDEDFDE08BEB94E023
:206F800091838083128A40E251EA67E070E0428353836483758322EB33E2378726871682AB
:206FA000178210861186118A108AEAECFDE091838083128A40E452E46FE070E042835383DC
:206FC0006483758326E031E2378726871682178210861186118A108AE7EBFDE091838083F5
:206FE000128A40EE58EC60E170E0428353836483758322E831E23787268716821782108629
:207000001186118A108AE4EAFDE091838083128A40E853EC69EC71E04283538364837583BF
:2070200025E832E3378726871682178210861186118A108AE1E9FDE091838083128A80EC6A
:2070400097E2A9E0B0E082839383A483B5838EE797E5978786871682178210861186118A0F
:20706000108A6AE175E088E492E00E94BC93EBE8FDE09182808284ED828382E183831483CC
:2070800083E18583E0E7FDE013821282448255826682778283E694E091838083978686861C
:2070A000108A118A128A138A308E0FB6F894DEBF0FBECDBF0F900F900F900F90DF91CF9111
:2070C0001F910F91FF90EF90DF90CF90BF90AF909F908F907F906F905F904F903F902F903E
:2070E00008954F925F926F927F928F929F92AF92BF92CF92DF92EF92FF920F931F93CF9391
:20710000DF9300D01F92CDB7DEB74C01270138010C8D1D8DDC015F965C934E935E975D96E8
:207120007C936E935C9791963C932E939097DA961C92FC0112AA13AA14AA15AA80E090E08D
:20714000AFE7B3E486AB97ABA0AFB1AF84E690E0A0E0B0E086A797A7A0ABB1AB118F008FB5
:2071600020E030E0A901C301B7010E94BBC887FD84C020E030E0A901C601B5010E94BBC890
:2071800087FD7BC020E030E0A901688D798D8A8D9B8D0E94BBC887FD70C081E090E0D401BD
:2071A0005B969C938E935A97DB968C93DB97F40140825182628273821496AD92BD92CD92A1
:2071C000DC921797888D998DAA8DBB8D80879187A287B38744865586668677862DEC3CEC88
:2071E0004CEC5DE3C601B5010E9421C969837A838B839C83F401608B718B828B938B2DECD8
:207200003CEC4CEC5DE3688D798D8A8D9B8D0E94DFCA6B017C01D4015496CD92DD92ED9254
:20722000FC9257970130110541F5A301920160E070E0CB010E9472CAF401648775878687FB
:20724000978729813A814B815C8160E070E0CB010E9472CAD40150966D937D938D939C93AE
:207260005397A701960160E070E0CB010E9472CAF401648B758B868B978B0E94BE97D401C8
:207280009E960D911D912D913C91D197601B710B820B930BF40162A373A384A395A30F904B
:2072A0000F900F900F90DF91CF911F910F91FF90EF90DF90CF90BF90AF909F908F907F900A
:2072C0006F905F904F9008950F931F93CF93DF93EC016983062F10E0C801880F991F880F6F
:2072E000991F0E9424C49D838C83C8010E9424C49F838E831A821B82188280E099818917AA
:2073000038F4EE81FF81E80FF11D80838F5FF6CFDF91CF911F910F910895CF93DF93CDB782
:20732000DEB768970FB6F894DEBF0FBECDBF789484B5826084BD84B5816084BD85B5826093
:2073400085BD85B5816085BD80916E00816080936E00109281008091810082608093810082
:2073600080918100816080938100809180008160809380008091B10084608093B100809186
:20738000B00081608093B000809191008260809391008091910081608093910080919000A9
:2073A0008160809390008091A10082608093A1008091A10081608093A1008091A000816028
:2073C0008093A0008091210182608093210180912101816080932101809120018160809341
:2073E000200180917A00846080937A0080917A00826080937A0080917A00816080937A007D
:2074000080917A00806880937A001092C100E091CD0CF091CE0C02E00083E091CD0CF09134
:20742000CE0C1082E091C90CF091CA0C1082E091CB0CF091CC0C80E180831092D50CE091B8
:20744000D10CF091D20C16E01083E091CF0CF091D00C808180618083E091CF0CF091D00C30
:20746000808188608083E091CF0CF091D00C808180688083E091CF0CF091D00C80818F7DD5
:20748000808368EC70E080E090E00E948B97E091FA0FF091FB0FA089B1890C93A485B58547
:2074A0001C92A685B7858FEC8C93108EA489B5891C93A289B3898C9180618C93A289B3897A
:2074C0008C9188608C93A289B3898C9180688C930288F389E02D80818F7D808364E670E040
:2074E00080E090E00E948B970E94BE9760931B1070931C1080931D1090931E108091FA0F09
:207500009091FB0FDC01ED91FC910084F185E02D199518161906FCF40E94BE9700911B10B3
:2075200010911C1020911D1030911E10601B710B820B930B613971408105910560F48091C3
:20754000FA0F9091FB0FDC01ED91FC910284F385E02D1995D3CF6AEF78E0CE0101960E94FB
:20756000BC9363EA70E2CE0107960E94AA93BE016F5F7F4FCE0107960E944272CE01079649
:207580000E946C93CE0101960E946C932091A4143091A5148091A2149091A3142817390742
:2075A00031F480E290E09093A3148093A2148091A2149091A3149C0123543F4F3093A51474
:2075C0002093A41490933412809333120E94EFC9883709F068C48AEB91E20E94AB6B88E732
:2075E00090E00E9412738BE991E20E94AB6B6DEF7DE08DEB9CE00E94A1946091331270919A
:2076000034124DEB50E08EE492E00E94DFC94AE050E060914E028DEB9CE00E944F946AE030
:207620008DEB9CE00E94569480914F0290E00E94127363ED79E08DEB9CE00E949F9480914E
:20764000500290E00E94127363ED79E08DEB9CE00E949F948091510290E00E94127363ED84
:2076600079E08DEB9CE00E949F948091520290E00E9412736AE08DEB9CE00E9456944AE0F8
:2076800050E0609153028DEB9CE00E944F9463ED79E08DEB9CE00E949F944AE050E060913E
:2076A00054028DEB9CE00E944F9463ED79E08DEB9CE00E949F944AE050E0609155028DEB6F
:2076C0009CE00E944F9463ED79E08DEB9CE00E949F944AE050E0609156028DEB9CE00E94FE
:2076E0004F9463ED79E08DEB9CE00E949F944AE050E0609157028DEB9CE00E944F946AE0CE
:207700008DEB9CE00E945694409158025091590260915A0270915B022AE030E08DEB9CE0C9
:207720000E94429463ED79E08DEB9CE00E949F9440915C0250915D0260915E0270915F023D
:207740002AE030E08DEB9CE00E9442946AE08DEB9CE00E9456944091600250916102609171
:207760006202709163022AE030E08DEB9CE00E94429463ED79E08DEB9CE00E949F94409176
:2077800064025091650260916602709167022AE030E08DEB9CE00E94429463ED79E08DEBD1
:2077A0009CE00E949F94409168025091690260916A0270916B022AE030E08DEB9CE00E9476
:2077C000429463ED79E08DEB9CE00E949F9440916C0250916D0260916E0270916F022AE0F5
:2077E00030E08DEB9CE00E9442946AE08DEB9CE00E945694609170027091710280917202E7
:20780000909173020E94D46B63ED79E08DEB9CE00E949F9460917402709175028091760217
:20782000909177020E94D46B63ED79E08DEB9CE00E949F94609178027091790280917A02E7
:2078400090917B020E94D46B63ED79E08DEB9CE00E949F9460917C0270917D0280917E02B7
:2078600090917F020E94D46B63ED79E08DEB9CE00E949F9460918002709181028091820287
:20788000909183020E94D46B63ED79E08DEB9CE00E949F9460918402709185028091860257
:2078A000909187020E94D46B63ED79E08DEB9CE00E949F94609188027091890280918A0227
:2078C00090918B020E94D46B63ED79E08DEB9CE00E949F9460918C0270918D0280918E02F7
:2078E00090918F020E94D46B63ED79E08DEB9CE00E949F94609190027091910280919202C7
:20790000909193020E94D46B63ED79E08DEB9CE00E949F9460919402709195028091960296
:20792000909197020E94D46B63ED79E08DEB9CE00E949F94609198027091990280919A0266
:2079400090919B020E94D46B63ED79E08DEB9CE00E949F9460919C0270919D0280919E0236
:2079600090919F020E94D46B63ED79E08DEB9CE00E949F946091A0027091A1028091A20206
:207980009091A3020E94D46B6AE08DEB9CE00E9456946091A4027091A5028091A60290915D
:2079A000A7020E94D46B63ED79E08DEB9CE00E949F946091A8027091A9028091AA029091A6
:2079C000AB020E94D46B63ED79E08DEB9CE00E949F946091AC027091AD028091AE02909176
:2079E000AF020E94D46B63ED79E08DEB9CE00E949F946091B0027091B1028091B202909146
:207A0000B3020E94D46B63ED79E08DEB9CE00E949F946091B4027091B5028091B602909115
:207A2000B7020E94D46B63ED79E08DEB9CE00E949F946091B8027091B9028091BA029091E5
:207A4000BB020E94D46B63ED79E08DEB9CE00E949F946091BC027091BD028091BE029091B5
:207A6000BF020E94D46B63ED79E08DEB9CE00E949F946091C0027091C1028091C202909185
:207A8000C3020E94D46B63ED79E08DEB9CE00E949F946091C4027091C5028091C602909155
:207AA000C7020E94D46B63ED79E08DEB9CE00E949F946091C8027091C9028091CA02909125
:207AC000CB020E94D46B63ED79E08DEB9CE00E949F946091CC027091CD028091CE029091F5
:207AE000CF020E94D46B63ED79E08DEB9CE00E949F946091D0027091D1028091D2029091C5
:207B0000D3020E94D46B6AE08DEB9CE00E9456946091DC027091DD028091DE029091DF0243
:207B20000E94D46B63ED79E08DEB9CE00E949F946091E0027091E1028091E2029091E30240
:207B40000E94D46B63ED79E08DEB9CE00E949F946091E4027091E5028091E6029091E70210
:207B60000E94D46B63ED79E08DEB9CE00E949F946091E8027091E9028091EA029091EB02E0
:207B80000E94D46B63ED79E08DEB9CE00E949F946091EC027091ED028091EE029091EF02B0
:207BA0000E94D46B63ED79E08DEB9CE00E949F946091F0027091F1028091F2029091F30280
:207BC0000E94D46B6AE08DEB9CE00E9456944AE050E06091F4028DEB9CE00E944F9469EEE9
:207BE00076E08DEB9CE00E949F944AE050E06091F5028DEB9CE00E944F9469EE76E08DEB86
:207C00009CE00E949F944AE050E06091F6028DEB9CE00E944F9469EE76E08DEB9CE00E9414
:207C20009F944AE050E06091F7028DEB9CE00E944F9463ED79E08DEB9CE00E949F944AE0B8
:207C400050E06091F8028DEB9CE00E944F9469EE76E08DEB9CE00E949F944AE050E06091CF
:207C6000F9028DEB9CE00E944F9469EE76E08DEB9CE00E949F944AE050E06091FA028DEB5B
:207C80009CE00E944F9469EE76E08DEB9CE00E949F944AE050E06091FB028DEB9CE00E948F
:207CA0004F9463ED79E08DEB9CE00E949F944AE050E06091FC028DEB9CE00E944F9469EE56
:207CC00076E08DEB9CE00E949F944AE050E06091FD028DEB9CE00E944F9469EE76E08DEB9D
:207CE0009CE00E949F944AE050E06091FE028DEB9CE00E944F9469EE76E08DEB9CE00E942C
:207D00009F944AE050E06091FF028DEB9CE00E944F9463ED79E08DEB9CE00E949F944AE0CF
:207D200050E0609100038DEB9CE00E944F9469EE76E08DEB9CE00E949F944AE050E06091E5
:207D400001038DEB9CE00E944F9469EE76E08DEB9CE00E949F944AE050E0609102038DEB68
:207D60009CE00E944F9469EE76E08DEB9CE00E949F944AE050E0609103038DEB9CE00E94A5
:207D80004F9463ED79E08DEB9CE00E949F9440E150E0609104038DEB9CE00E944F9469EE75
:207DA00076E08DEB9CE00E949F9440E150E0609105038DEB9CE00E944F9469EE76E08DEBBC
:207DC0009CE00E949F9440E150E0609106038DEB9CE00E944F9469EE76E08DEB9CE00E944B
:207DE0009F9440E150E0609107038DEB9CE00E944F9469EE76E08DEB9CE00E949F9440E1F4
:207E000050E0609108038DEB9CE00E944F9469EE76E08DEB9CE00E949F9440E150E0609105
:207E200009038DEB9CE00E944F946AE08DEB9CE00E94569480910A0390E00E9412736AE0F4
:207E40008DEB9CE00E9456946AE08DEB9CE00E94569484EF92E00E947923282F882309F4B6
:207E60005BC06091F8027091F9028091FA029091FB020E94DDCB611571058105910589F00A
:207E800030E04FE150E06B017C01042E04C0F694E794D794C7940A94D2F7C0FE19C0332374
:207EA000C1F020E039C083E891E20E94AB6B88E790E00E94127387E591E20E94AB6B6DEF89
:207EC0007DE08DEB9CE00E94A1940E94A823C1CF322F41505109B8F68CEF92E00E94792358
:207EE000282F8823C9F080E093E00E947923282F882391F0E4E0F3E09191992309F421C4DC
:207F000020E09F3F09F01DC403E0EA30F007A1F72111C7CF21E0282720930A038091EC0246
:207F20009091ED02A091EE02B091EF028093F50E9093F60EA093F70EB093F80E8091E40229
:207F40009091E502A091E602B091E7028093F90E9093FA0EA093FB0EB093FC0E8091F00205
:207F60009091F102A091F202B091F3028093CC0E9093CD0EA093CE0EB093CF0E8091E8027D
:207F80009091E902A091EA02B091EB028093D00E9093D10EA093D20EB093D30E0E94711C31
:207FA0001CB561E088E40E942A9761E086E40E942A9760E088E40E941D9661E086E40E9484
:207FC0001D960E94711C8CB58F7D8CBD8CB5837F8CBD61E088E40E941D9680E10E94A71CD5
:207FE00088E50E94A71C60E088E40E941D961CBD81E080930D0BF12CE12C10E000E030E03F
:2080000020E0AE014F5F5F4F70E060E090E080E00E94417787FD97C38981C82ED12C10E3CD
:20802000C11A18EFD10AF12CE12C10E000E030E020E050E040E0BE016F5F7F4F90E080E0FE
:208040000E94417787FD81C38981682E712CF12CE12C10E000E030E020E050E040E070E017
:2080600060E0CE0101960E94417787FD70C38981882E912C9E012F5F3F4F790110E000E0C7
:2080800030E020E050E040E070E060E090E080E00E94417787FD5DC38981482E512CF12C08
:2080A000E12C8E010F5F1F4F30E020E050E040E070E060E090E080E00E94417787FD4BC39C
:2080C0008981A82EB12CF12CE12C10E000E09E012F5F3F4F50E040E070E060E090E080E07E
:2080E0000E94417787FD39C38981760183019401A201B50190E00E948C9E61E08AE10E9429
:208100002A9761E089E10E942A9761E08BE10E942A9761E086E10E942A9761E087E10E942A
:208120002A9761E088E10E942A9761E08CE10E942A9761E08DE10E942A9761E08EE10E94FC
:208140002A9761E08FE10E942A9762E083E00E942A9762E085E00E942A9760E088E30E94EB
:208160002A9760E08AE30E942A9760E08FE30E942A971092321280910A03811108C38DE348
:2081800091E20E94AB6B6DEF7DE08DEB9CE00E94A1940E94D57F892B09F0E1C283E191E213
:2081A0000E94AB6B6DEF7DE08DEB9CE00E94A194109232126CED75E080E090E00E948B975B
:2081C00088E199E20FB6F894A895809360000FBE9093600080913212882341F082E19EE058
:2081E0000E94D3AF0E94837F0E94C77E86ED9EE10E94786A1092B00B1092AF0B1092FE0BF6
:2082000010921F0C0E94E89681EA9DE89093A9148093A81482EA9DE89093A7148093A61436
:208220001092390E809151028823A1F00E94D7A0209153022817190609F064F40E94D7A0CE
:20824000209156022817190629F024F085E09FE00E94D72083E09EE090934610809345104B
:20826000809138109091391020913A1030913B1040913C1050913D1061E070E070937010D5
:2082800060936F10109271101092721010927310109274101092751050937B1040937A10E8
:2082A000909377108093761030937D1020937C10909379108093781010927F1010927E1044
:2082C0001092811010928010109283101092821010928510109284101092871010928610F2
:2082E0001092901010929210109291108BE590E1909389108093881085E690E190938B10D3
:2083000080938A108CE594E190938D1080938C1080E294E190938F1080938E1040E050E0C1
:20832000BA018BE590E10E945C14E0918C10F0918D1040E050E0BA0180918A1090918B10F2
:20834000199589E590E1909383108093821082E794E190938510809384108EE191E19093F4
:2083600087108093861083E590E1909381108093801080E49AE390937F1080937E10809148
:20838000471090914810009711F00E94C0C486ED99E00E94CCCC90934810809347108BE5D4
:2083A00097E09093501080934F1088E390E1909354108093531082E19BE3909356108093FB
:2083C000551010925810109257100E941C778BE090E00E9424C46C01909352108093511025
:2083E0008BE0D6011D928A95E9F780E397E00E94CCCC0E94541AF601608371838283938380
:2084000083EE99E00E94CCCC0E94541AD60117966D937D938D939C931A9781E016968C9368
:20842000169781E090E015969C938E93149784E690E090933F1080933E101092401080E712
:2084400097E1A0E0B0E08093411090934210A0934310B093441080913212882329F00E94E3
:20846000F22681110E9438350E94BE97609368027093690280936A0290936B020E94BE977B
:2084800060936C0270936D0280936E0290936F026091A50E7091A60E8091A70E9091A80EFC
:2084A0000E94C0C89B01AC0160E070E08FE196E40E94DFCA4B015C01AC019B016091870E0C
:2084C0007091880E8091890E90918A0E0E9421C96093870E7093880E8093890E90938A0E92
:2084E000A501940160918B0E70918C0E80918D0E90918E0E0E94DFCA60938B0E70938C0E3F
:2085000080938D0E90938E0E80EC97E2A0E0B0E08093A50E9093A60EA093A70EB093A80E7B
:20852000C090AC02D090AD02E090AE02F090AF020091A8021091A9022091AA023091AB028B
:208540004091A4025091A5026091A6027091A70287E79EE00E94A09C40E05CE762E179E40C
:2085600087E79EE00E94A676C090B802D090B902E090BA02F090BB020091B4021091B50224
:208580002091B6023091B7024091B0025091B1026091B2027091B3028BE39EE00E94A09CBC
:2085A00040E05CE762E179E48BE39EE00E94A6760E9422720E9432721092090F10920A0F1D
:2085C00010920B0F10920C0F10920D0F10920E0F10920F0F1092100F1092320F1092330F5D
:2085E0001092340F1092350F1092360F1092370F1092380F1092390F2091580230915902E7
:2086000040915A0250915B02A8EEB3E00E942ECA6093E00E7093E10E8093E20E9093E30E42
:208620006093E40E7093E50E8093E60E9093E70E20915C0230915D0240915E0250915F029E
:208640000E942ECA6093B70E7093B80E8093B90E9093BA0E6093BB0E7093BC0E8093BD0ED3
:208660009093BE0E8CE08093540280915302845F809356028DED9DE00E94547611E010938B
:20868000EF0D8AEC9DE00E9454761093DC0D87EB9DE00E9454761093C90D84EA9DE00E9492
:2086A00054761093B60D81E99DE00E9454761093A30D0E942A3D8AEA90E20E94AB6B0E949B
:2086C00090230E94127388EA90E20E94AB6B6DEF7DE08DEB9CE00E94A194C0900E0BD090D7
:2086E0000F0BC114D104C9F30E9466974B015C01F601428153816481758186819781A08505
:20870000B18595018401081B190B2A0B3B0BD901C80184179507A607B70770F08286938680
:20872000A486B5860684F785E02DC6011995F60186829782A086B186D6015096CD90DC9051
:20874000D0CF80E0E1CB8FEF68CC8FEF7ECC8FEF8FCC8FEFA2CC8FEFB4CC8FEFC6CC8CEFA6
:2087600090E20E94AB6BCE0101960E942A196DEB7CE0CE0101960E945D946DEF7DE08DEBA6
:208780009CE00E94A19481E08093321213CD88ED90E20E94AB6B6DEF7DE08DEB9CE00E9400
:2087A000A19468EF72E0CE0101960E94AF946CEF72E0CE0107960E94AF9460E073E0CE0130
:2087C0000D960E94AF9464EF72E0CE0143960E94AF949E012F5F3F4FAE01495F5F4FBE0160
:2087E000635F7F4FCE0143960E94227187EB90E2B8CFCF93DF93EC018C819D810E94C0C48F
:208800008E819F81DF91CF910C94C0C4EF920F931F93CF93DF93E80134E047FD34E1042E04
:20882000000C550B57FF03C0519541955109E32E022F242FAE010E945AC6CE01DF91CF91F8
:208840001F910F91EF9008950F931F93CF93DF938230910510F482E090E0E091AC14F091B4
:20886000AD1430E020E0B0E0A0E0309799F42115310509F44AC0281B390B24303105D8F572
:208880008A819B816115710589F1FB0193838283FE0111C0408151810281138148175907FB
:2088A000E0F04817590799F4109761F012960C93129713961C933296CF01DF91CF911F9144
:2088C0000F9108950093AC141093AD14F4CF2115310551F04217530738F0A901DB019A0138
:2088E000BD01DF01F801C1CFEF01F9CF9093AD148093AC14CDCFFE01E20FF31F819391930C
:208900002250310939832883D7CF2091AA143091AB14232B41F420911203309113033093CC
:20892000AB142093AA1420911003309111032115310541F42DB73EB7409114035091150313
:20894000241B350BE091AA14F091AB14E217F307A0F42E1B3F0B2817390778F0AC014E5FCE
:208960005F4F2417350748F04E0F5F1F5093AB144093AA14819391939FCFF0E0E0E09CCFEB
:20898000CF93DF930097E9F0FC01329713821282A091AC14B091AD14ED0130E020E010970C
:2089A000A1F420813181820F931F2091AA143091AB142817390709F061C0F093AB14E0934F
:2089C000AA14DF91CF910895EA01CE17DF07E8F54A815B819E0141155105B1F7E901FB83D7
:2089E000EA8349915991C40FD51FEC17FD0761F4808191810296840F951FE9019983888320
:208A0000828193819B838A83F0E0E0E012968D919C9113970097B9F52D913C911197CD01A1
:208A20000296820F931F2091AA143091AB142817390739F6309751F51092AD141092AC14EC
:208A4000B093AB14A093AA14BCCFD383C28340815181840F951FC817D90761F44E5F5F4FB4
:208A600088819981480F591F518340838A819B81938382832115310509F0B0CFF093AD1403
:208A8000E093AC149ECFFD01DC01C0CF13821282D7CF8F929F92AF92BF92CF92DF92EF92C6
:208AA000FF92CF93DF93EC01688179818A819B81611571058105910521F464E279ED8BE521
:208AC00097E02DE133EF41E050E00E940FCA49015A019B01AC01A7EAB1E40E942ECA6B0109
:208AE0007C01ACEEB4EFA50194010E943CCAC60ED71EE81EF91EF7FE06C081E0C81AD1081C
:208B0000E10880E8F80AC882D982EA82FB82C701B6019F77DF91CF91FF90EF90DF90CF9033
:208B2000BF90AF909F908F9008958F929F92AF92BF92CF92DF92EF92FF92609116037091E9
:208B400017038091180390911903611571058105910521F464E279ED8BE597E02DE133EFB2
:208B600041E050E00E940FCA49015A019B01AC01A7EAB1E40E942ECA6B017C01ACEEB4EF55
:208B8000A50194010E943CCAC60ED71EE81EF91EF7FE06C081E0C81AD108E10880E8F80AE2
:208BA000C0921603D0921703E0921803F0921903C701B6019F77FF90EF90DF90CF90BF90E3
:208BC000AF909F908F900895609316037093170380931803909319030895FB01DC0104C09B
:208BE0008D910590801921F441505040C8F7881B990B0895FB01DC0102C005900D924150F0
:208C00005040D8F70895FB01DC0105900D920020E1F70895FC0105900020E9F780959095EA
:208C20008E0F9F1F0895BB274A3031F4992322F4BDE2909581959F4F0C9441C6BB27FA019D
:208C4000A62F6217710581059105330B30FB66F0AA27660F771F881F991FAA1FA21710F0B8
:208C6000A21B63953850A9F7A05DAA3308F0A95DA19336F7B111B1931082CA010C94ABC868
:208C8000BB27FB015527AA27880F991FAA1FA41710F0A41B83955051B9F7A05DAA3308F0DC
:208CA000A95DA193009779F7B111B1931192CB010C94ABC88F929F92AF92BF92CF92DF9235
:208CC000EF92FF920F931F93CF93DF9300D000D000D0CDB7DEB76A01F22EB02E102FFBE34B
:208CE000AF2EA01608F41BE31F5F012F27E0AE014F5F5F4F0E94D3C7BC018981982F997054
:208D0000913009F44EC09BE2E1FC04C09E2D9170E0FC49C05E2D5071E82FE87083FF55C066
:208D200084E0911101C083E0EF2DE81B8F1508F0E0E0D6018E2F20E25523C9F1992329F0F1
:208D4000D6019C93C60101966C0196012D5F3F4FE2FE33C08EE4D6018C9391E411969C930B
:208D6000119712968C93D9018E2F90E281112AC0E20FF32FF11D10828EEF9FEF29960FB6BD
:208D8000F894DEBF0FBECDBFDF91CF911F910F91FF90EF90DF90CF90BF90AF909F908F9079
:208DA00008959DE2B7CF90E2B5CF2D9381508111FCCFCE0ED11CE0E0C1CF8EE6D6018C93AA
:208DC00091E6CCCF9D938150D1CF482F447082FF3DC084E0911101C083E08F1510F4EF2D49
:208DE000E81BD6018E2F20E2552309F1992329F0D6019C93C60101966C0196012D5F3F4F11
:208E0000E2FE1BC089E4D6018C938EE411968C93119786E412968C93D9018E2F90E288236F
:208E200009F4A6CF9D938150FACF2D9381508111FCCFCE0ED11CE0E0D9CF89E6D6018C9372
:208E40008EE611968C93119786E6E4CF9B0177FF02C030E020E0A1E0B0E0911102C0B0E028
:208E6000A0E0F9013196AE0FBF1F8B2C912CBB2009F461C05401EFEFAE1ABE0AAA0DBB1D57
:208E8000FA161B0619F014F04F2D4A1B511188C0E3FC59C07601A42FB0E2A1114FC0C40EA2
:208EA000D11C992309F45BC040E0D6011196F60190836D01552309F448C0012F060F9A81FE
:208EC000582F507184FF03C0913309F4015010160CF047C0093008F008E0EEE2FE2E5B0158
:208EE000A01AB10885019194819491082F3F320729F4D601FC92F60131966F01621773075C
:208F000094F1021713077CF5DB01A21BB30BAA24A394B12CAC0EBD1EAA0DBB1D11968C9107
:208F200021503109D601119628153905F4F0F60180836D01DBCFB12CA12CA0CFF701B19342
:208F40007F01A150AACF9111B0CFD601942F50E302C05D9391509111FCCFC40ED11C40E05A
:208F6000ACCF01E0BACF80E3DBCF6217730731F4963388F4953311F4552369F0F60180830A
:208F8000FD01842F90E2811108C0A40FB11D1C9290E080E0F3CE81E3F1CF91938150F3CFB9
:208FA000911183CF8ACF283008F027E03327DA01990F311D87FD916000966105710539F4CE
:208FC00032602E5F3D9330E32A95E1F708959F3F30F080387105610509F03C5F3C5F3D93CA
:208FE000913008F08068911DDF93CF931F930F93FF92EF92192F987F9695E92F96959695F0
:20900000E90FFF27EE5CFB4F99273327EE24FF24A701E70105900894079428F4360FE71E8D
:20902000F81E491F511D660F771F881F991F0694A1F70590079428F4E70EF81E491F561F74
:20904000C11D770F881F991F661F0694A1F70590079428F4F80E491F561FC71FD11D880FFC
:20906000991F661F771F0694A1F70590079420F4490F561FC71FD81F990F661F771F881F93
:209080000694A9F784911095177041F0D695C79557954795F794E7941A95C1F7E8EDF3E080
:2090A00068941590159135916591959105907FE27395E118F10A430B560BC90BD009C0F782
:2090C000E10CF11E431F561FC91FD01D7EF4703311F48A95E6CFE894015030F0080F0AF4F8
:2090E0000027021708F4202F2395022F7A3328F079E37D932A95E9F710C07D932A9589F60E
:20910000069497956795379517951794E118F10A430B560BC90BD00998F023957E917395C3
:209120007A3308F070E37C932013B8F77E9170617D9330F0839571E37D9370E32A95E1F7D0
:209140001124EF90FF900F911F91CF91DF91992787FD90950895DC01FC01672F719177239A
:20916000E1F7329704C07C916D9370836291AE17BF07C8F308950E94FDC808F481E0089553
:20918000E89409C097FB3EF490958095709561957F4F8F4F9F4F9923A9F0F92F96E9BB2719
:2091A0009395F695879577956795B795F111F8CFFAF4BB0F11F460FF1BC06F5F7F4F8F4F52
:2091C0009F4F16C0882311F096E911C0772321F09EE8872F762F05C0662371F096E8862F61
:2091E00070E060E02AF09A95660F771F881FDAF7880F9695879597F90895990F0008550FF4
:20920000AA0BE0E8FEEF16161706E807F907C0F012161306E407F50798F0621B730B840BC2
:20922000950B39F40A2661F0232B242B252B21F408950A2609F4A140A6958FEF811D811D3E
:2092400008950E9434C90C94A5C90E9497C938F00E949EC920F0952311F00C948EC90C9431
:2092600094C911240C94D9C90E94B6C970F3959FC1F3950F50E0551F629FF001729FBB2781
:20928000F00DB11D639FAA27F00DB11DAA1F649F6627B00DA11D661F829F2227B00DA11D27
:2092A000621F739FB00DA11D621F839FA00D611D221F749F3327A00D611D231F849F600D27
:2092C000211D822F762F6A2F11249F5750409AF0F1F088234AF0EE0FFF1FBB1F661F771F46
:2092E000881F91505040A9F79E3F510580F00C948EC90C94D9C95F3FE4F3983ED4F38695AD
:2093000077956795B795F795E7959F5FC1F7FE2B880F911D9695879597F9089597F99F67C3
:2093200080E870E060E008959FEF80EC089500240A941616170618060906089500240A946A
:2093400012161306140605060895092E0394000C11F4882352F0BB0F40F4BF2B11F460FFF2
:2093600004C06F5F7F4F8F4F9F4F089557FD9058440F551F59F05F3F71F04795880F97FBD4
:20938000991F61F09F3F79F087950895121613061406551FF2CF4695F1DF08C01616170678
:2093A0001806991FF1CF86957105610508940895E894BB2766277727CB0197F90895DC0188
:2093C000CB01FC01F999FECF06C0F2BDE1BDF89A319600B40D9241505040B8F70895F999A7
:2093E000FECF92BD81BDF89A992780B50895DC01CB0103C02D910E9402CA41505040D0F76F
:209400000895262FF999FECF1FBA92BD81BD20BD0FB6F894FA9AF99A0FBE01960895052E0C
:2094200097FB1EF400940E9426CA57FD07D00E9441CA07FC03D04EF40C9426CA5095409528
:20944000309521953F4F4F4F5F4F089590958095709561957F4F8F4F9F4F08950E9463CADF
:20946000A59F900DB49F900DA49F800D911D11240895B7FF0C942ECA0E942ECA821B930BA8
:209480000895A1E21A2EAA1BBB1BFD010DC0AA1FBB1FEE1FFF1FA217B307E407F50720F0C6
:2094A000A21BB30BE40BF50B661F771F881F991F1A9469F760957095809590959B01AC013D
:2094C000BD01CF010895A29FB001B39FC001A39F700D811D1124911DB29F700D811D11247B
:2094E000911D08955058BB27AA270E948ACA0C94A5C90E9497C938F00E949EC920F039F452
:209500009F3F19F426F40C9494C90EF4E095E7FB0C948EC9E92F0E94B6C958F3BA1762073B
:2095200073078407950720F079F4A6F50C94D8C90EF4E0950B2EBA2FA02D0B01B901900174
:209540000C01CA01A0011124FF27591B99F0593F50F4503E68F11A16F040A22F232F342F91
:209560004427585FF3CF469537952795A795F0405395C9F77EF41F16BA0B620B730B840BAA
:20958000BAF09150A1F0FF0FBB1F661F771F881FC2F70EC0BA0F621F731F841F48F48795A7
:2095A00077956795B795F7959E3F08F0B0CF9395880F08F09927EE0F9795879508950E947C
:2095C000F3CA0C94A5C90E949EC958F00E9497C940F029F45F3F29F00C948EC951110C9470
:2095E000D9C90C9494C90E94B6C968F39923B1F3552391F3951B550BBB27AA27621773073E
:20960000840738F09F5F5F4F220F331F441FAA1FA9F335D00E2E3AF0E0E832D091505040FA
:20962000E695001CCAF72BD0FE2F29D0660F771F881FBB1F261737074807AB07B0E809F018
:20964000BB0B802DBF01FF2793585F4F3AF09E3F510578F00C948EC90C94D9C95F3FE4F3A5
:20966000983ED4F3869577956795B795F7959F5FC9F7880F911D9695879597F90895E1E01A
:20968000660F771F881FBB1F621773078407BA0720F0621B730B840BBA0BEE1F88F7E0959F
:2096A00008950E9458CB6894B1110C94D9C908950E94BEC988F09F5798F0B92F9927B751DC
:2096C000B0F0E1F0660F771F881F991F1AF0BA95C9F714C0B13091F00E94D8C9B1E00895EF
:2096E0000C94D8C9672F782F8827B85F39F0B93FCCF3869577956795B395D9F73EF49095B4
:209700008095709561957F4F8F4F9F4F08950E94FDC808F48FEF08950E94FDC8880B990BE6
:209720000895DB018F939F930E942ECABF91AF91A29F800D911DA39F900DB29F900D1124B4
:209740000895991B79E004C0991F961708F0961B881F7A95C9F780950895AA1BBB1B51E198
:2097600007C0AA1FBB1FA617B70710F0A61BB70B881F991F5A95A9F780959095BC01CD01CE
:20978000089597FB072E16F4009407D077FD09D00E94ADCB07FC05D03EF4909581959F4F56
:2097A0000895709561957F4F0895EE0FFF1F881F8BBF0790F691E02D1994692796276927E5
:2097C00078278727782708950E9463CAB7FF0895821B930B08954F925F926F927F928F9201
:2097E0009F92AF92BF92CF92DF92EF92FF920F931F93CF93DF938C01009799F4CB01DF91AD
:20980000CF911F910F91FF90EF90DF90CF90BF90AF909F908F907F906F905F904F900C9464
:2098200024C4FC01E60FF71F9C0122503109E217F30708F4AEC0D901CD91DC911197C61768
:20984000D70720F1C530D10578F0CE0104978617970750F0C61BD70B2297C193D1936D93CD
:209860007C93CF010E94C0C4C801DF91CF911F910F91FF90EF90DF90CF90BF90AF909F9061
:209880008F907F906F905F904F9008955B01AC1ABD0A4C018C0E9D1EA091AC14B091AD14B2
:2098A000512C412CF12CE12C109731F58091AA149091AB148815990509F05CC0461657060F
:2098C00008F058C08091100390911103009741F48DB79EB74091140350911503841B950B9A
:2098E000E817F90708F055C0F093AB14E093AA14F90171836083B8CF8D919C9111971296F6
:209900006C90129713967C901397A815B90559F56C0142E0C40ED11CCA14DB0420F1AC01B1
:209920004A195B09DA011296159780F06282738251834083D9016D937C93E114F10471F01D
:20994000D7011396FC93EE9312978ECF22968C0F9D1FF90191838083F301EFCFF093AD145A
:20996000E093AC1481CF4816590608F42C017D01D3019ACFCB010E9424C47C01009749F020
:20998000AE01B8010E94F3CCC8010E94C0C487016BCF10E000E068CF0F931F93CF93DF931E
:2099A0008C01FC0101900020E9F7CF01801B910B0E9424C4EC01009719F0B8010E9417CD2F
:2099C000CE01DF91CF911F910F910895FB01DC0104C08D910190801921F441505040C8F721
:2099E000881B990B0895FB01DC0102C001900D9241505040D8F70895DC0101C06D934150FC
:209A00005040E0F70895FB01DC010D900020E9F7119701900D920020E1F70895FB01DC0186
:209A20008D91019080190110D9F3990B0895FB01DC0101900D920020E1F708950F931F93CE
:209A4000CF93DF93CDB7DEB72E970FB6F894DEBF0FBECDBF0E891F8986E08C831A83098330
:209A60008FEF9FE79E838D83AE01465E5F4F688D798DCE0101960E944ECD2F813885020F14
:209A8000131FF80110822E960FB6F894DEBF0FBECDBFDF91CF911F910F9108952F923F92AF
:209AA0004F925F926F927F928F929F92AF92BF92CF92DF92EF92FF920F931F93CF93DF93D2
:209AC00000D000D000D01F921F92CDB7DEB77C013B018A01FC0117821682838181FFDDC107
:209AE000CE0101965C01F7019381F30193FD859193FF81913F01882309F453C1853239F479
:209B000093FD859193FF81913F01853229F4B70190E00E9466CFE7CF912C212C312CFFE1EB
:209B2000F31538F08B3211F190F4803209F1833229F137FC3CC020ED280F2A3050F536FEF1
:209B400020C08AE0989E200D1124922E06C08D3291F0803371F7689430F8F30193FD859184
:209B600093FF81913F018111DACF21C0689431F8689432F8F2CF689433F8EFCF689434F8CC
:209B8000ECCFEAE02E9E200D1124222E689435F8E4CF8E3229F436FC04C1689436F8DDCF3C
:209BA0008C3619F4689437F8D8CF8836B1F2982F9F7D95549330E0F08336A1F18337C1F18D
:209BC000833509F063C02801F2E04F0E511CF801C080D180692D70E036FC02C06FEF7FEFBC
:209BE000C6010E9450CF4C01689437F882010AC00C5F1F4FFFE3F98388248394912C6501FB
:209C0000E89437F833FE2DC0522C8114910471F5552009F468CFB70180E290E00E9466CF63
:209C20005A94F6CFF801808189830E5F1F4FE4CF2801F2E04F0E511CF801C080D180692DF8
:209C400070E036FC02C06FEF7FEFC6010E945BCF4C018201D5CFB70180E290E00E9466CF8C
:209C60002A942814190409F0B0F7CECFF60137FC859137FE81916F01B70190E00E9466CF9A
:209C800051105A94F1E08F1A9108BFCF843619F0893609F077C0F80137FE6BC060817181F6
:209CA000828193810C5F1F4FF32DFF763F2E97FF09C090958095709561957F4F8F4F9F4F84
:209CC000689437F82AE030E0A5010E9496CFC82ECA188C2C432C36FE0CC0E89440F8C91402
:209CE00040F434FE05C032FC03C0F32DFE7E4F2E892C44FEAAC0FE01EC0DF11D8081803314
:209D000009F09CC0242D297E422E842D8870582E43FCAAC040FEA4C09C2C821418F42C0C6A
:209D2000922C981844FEA6C0B70180E390E00E9466CF42FE09C088E790E041FE02C088E555
:209D400090E0B7010E9466CFC91408F49FC0CA94D12C9FEFC91AD90ACA0CDB1CF601829146
:209D60006F01B70190E00E9466CFAC14BD04B1F74FCF60817181072E000C880B990B0E5F75
:209D80001F4F92CFD32CE894D4F82AE030E08537E1F1232D297FD22E8F36A9F1F0F488350D
:209DA00051F1F701868197812B960FB6F894DEBF0FBECDBFDF91CF911F910F91FF90EF9014
:209DC000DF90CF90BF90AF909F908F907F906F905F904F903F902F900895803749F0883723
:209DE00001F7D4FE02C06894D2F820E130E00DC06894D4F8F6CF34FE03C0822F8660D82E14
:209E000020E132E002C028E030E0F801D7FE0FC060817181828193810C5F1F4FA5010E94AD
:209E200096CFC82ECA183D2CE89437F852CF6081718190E080E00E5F1F4FF0CF42FC02C073
:209E4000839463CF8394839460CF842D867809F45CCFF6CFB70180E290E00E9466CF839448
:209E60008214C0F3512C5ECF522C5818821408F459CFF8CF842D867809F466CF8BE241FEF3
:209E800080E247FC8DE2B70190E05CCFB70180E390E00E9466CF9A9457CF8FEF9FEF84CF46
:209EA000FC010590615070400110D8F7809590958E0F9F1F0895FC0161507040019001109D
:209EC000D8F7809590958E0F9F1F08950F931F93CF93DF93182F092FEB018B8181FD09C09B
:209EE0001FEF0FEF812F902FDF91CF911F910F91089582FF14C02E813F818C819D812817FC
:209F000039073CF4E881F981CF0101969983888310838E819F8101969F838E83E3CFE885B5
:209F2000F985812F1995892BA1F3DACFFA01AA27283051F1203181F1E8946F936E7F6E5FF3
:209F40007F4F8F4F9F4FAF4FB1E03ED0B4E03CD0670F781F891F9A1FA11D680F791F8A1F46
:209F6000911DA11D6A0F711D811D911DA11D20D009F468943F912AE0269F11243019305DD1
:209F80003193DEF6CF010895462F4770405D4193B3E00FD0C9F7F6CF462F4F70405D4A33DA
:209FA00018F0495D31FD4052419302D0A9F7EACFB4E0A6959795879577956795BA95C9F706
:209FC00000976105710508959B01AC010A2E06945795479537952795BA95C9F7620F731FF4
:209FE000841F951FA01D089510E1CAEED0E100E006C0802FFE010E94D5CB2196011DCB3EE2
:20A00000D10780E00807A9F7F894FFCF2D03289225410A0000EE00C0E00000FB9A99E940C0
:20A0200000803644CDCCEC400000394448E1D8410000E4410000CC41CDCC4C3F0814646468
:20A0400001000000000000000000000000000000000000000000000000007800000100087E
:20A060000D15147884030000C4090000C0C62D0080EE36000000000000000000CDCCEC40C2
:20A0800000803B440000003F0000803E000020410000D841000040403333933F3D0ADF402C
:20A0A000856B7443333391C17B148E3F000000000024F449000000000000000000A08C4513
:20A0C00000000000000000000000000000000000000000000000000000000000CDCCCC3EDD
:20A0E00000000000000000000000C8420000C8420000A0410000A0410000C03F000040400B
:20A10000C0A800BCFFFFFF00C0A800FE08080808A8610AAE2C6800FFFFFFFFFF0000AE1486
:20A12000800001000000000000003C00010000000000000000000000008B1889158E187604
:20A140006F69642050726F63657373436F6D6D616E6428537472696E6729005E00BC0077AC
:20A1600001766F69642055706461746552544328290001005E000000766F696420747269EF
:20A18000676765723132282900766F696420747269676765723131282900766F69642074A7
:20A1A0007269676765723130282900766F6964207472696767657239282900766F6964204B
:20A1C0007472696767657238282900766F6964207472696767657237282900766F696420E2
:20A1E0007472696767657236282900766F6964207472696767657235282900766F696420C6
:20A200007472696767657234282900766F6964207472696767657233282900766F696420A9
:20A220007472696767657232282900766F69642074726967676572312829000000000067F8
:20A240008EA48DEA8DB48E1B8EF98D0D8E00000000E28FB58F14148B8FAE8F9B8F8C8F0043
:20A2600000000011A6A48DB7A5A38D00000000529090AA14148B8F689030AD7FA8B5AFF5B7
:20A28000AD36AEF8AAC79107B05AAD11AD0D147C138C130914000000008D90DEAE1714E790
:20A2A000A96491B6AD8EA8AE18FE14D0AD43AEC5A90114FE13FC138290F2139A91BB946D80
:20A2C00091EE13000000001190000000005D94000000006C90C5B01414A38DD3AF99A91FAE
:20A2E0001C1F1E1F1E1F1F1E1F1E1F300725642D253032642D2530326420253032643A25B6
:20A300003032643A2530326400202D200057495A6E6574002F2F272722225C5C6208660C20
:20A320006E0A720D7409005C753030303000474554202F000A0D0053424D004454004854BC
:20A3400054502F312E3120323030204F4B00436F6E74656E742D547970653A207465787465
:20A360002F68746D6C003C6272202F3E203C6272202F3E005072657373207375626D6974DE
:20A3800020746F206368616E676520646561756C7420495020636F6E666967757261746921
:20A3A0006F6E0044656661756C7420495020636F6E66696775726174696F6E20686173202E
:20A3C0006265656E2075706461746564210052657374617274696E6720506F6F6C6D61739D
:20A3E0007465722E2E2E205761697420666F72203230207365637320616E642072656672FA
:20A4000065736820706167652E0020212120504F4F4C4D41535445522054454D504F524151
:20A42000525920495020414444525245535320212100676F20746F3A00687474703A2F2F73
:20A44000002F736574757000746F20636F6E66696775726520616E204950204144445245AF
:20A46000535320666F7220796F757220506F6F6C6D6173746572206F6E20796F7572206E20
:20A480006574776F726B003C6120687265663D0068747470733A2F2F6769746875622E63A2
:20A4A0006F6D2F4C6F696337343635302F506F6F6C4D6173746572003E506F6F6C6D6173B6
:20A4C00074657220676974687562207265706F7369746F72793C2F613E00636F6E6E65638E
:20A4E00074696E6720746F204D5154542062726F6B65722E2E2E0041726475696E6F506F81
:20A500006F6C34004D515454000A636F6E6E65637465642100506F6F6C4D61737465725FA3
:20A52000333533323331333233373136313330372F415049006F6E6C696E6500506F6F6CC1
:20A540004D61737465725F333533323331333233373136313330372F737461747573004DDE
:20A5600051545420636F6E6E656374206661696C656400506F6F6C4D61737465725F333586
:20A5800033323331333233373136313330372F4D6561733100506F6F6C4D61737465725FA6
:20A5A000333533323331333233373136313330372F4D6561733200506F6F6C4D61737465EE
:20A5C000725F333533323331333233373136313330372F5365743100506F6F6C4D617374BD
:20A5E00065725F333533323331333233373136313330372F5365743200506F6F6C4D6173AB
:20A600007465725F333533323331333233373136313330372F5365743300506F6F6C4D6188
:20A62000737465725F333533323331333233373136313330372F5365743400506F6F6C4D55
:20A6400061737465725F333533323331333233373136313330372F536574350073656E7400
:20A6600020616E204E5450207061636B6574207265717565737420746F2074696D652073B3
:20A680006572766572004E5450207061636B65742072656365697665642066726F6D20743D
:20A6A000696D65207365727665720074696D657374616D703A2000253034642D2530326475
:20A6C0002D2530326420253032643A253032643A253032640074696D653A200054696D6575
:20A6E00064206F757400506F6F6C4D61737465725F3335333233313332333731363133301E
:20A70000372F45727200636D640028005F73657276696365732E5F646E732D73642E5F75B3
:20A7200064702E6C6F63616C002E5F7463702E6C6F63616C00372E302E30006E616E006966
:20A740006E66006F766600FFFFFF003D22002900747275650066616C7365006E756C6C00CF
:20A76000506F6F6C4D617374657220426F6E6A6F7572205765627365727665722E5F687496
:20A7800074700043616C6962726174696F6E20636F6D706C657465206F72206E65772070F9
:20A7A000482C204F7270206F722057617465722054656D7020736574706F696E7473206F62
:20A7C00072206E65772074616E6B206576656E740067657420004552524F52000D0A002C60
:20A7E00020003139322E3136382E302E3338006F66666C696E650000FFFFFFFFFFFFFFFFFE
:20A800000074696D653A200054696D6564206F757400505349204572726F720052783A2585
:20A8200034646D5620202020202000282533642900573A2536734300413A257343002531A2
:20A8400031730070483A2535732020202020200020282533732900503A2025347362202081
:20A8600020202020002532642F25326468004175746F3A256420202020202000436C2070F0
:20A88000756D703A2532646D6E202000204572723A25640070482070756D703A2532646D4E
:20A8A0006E2020007048546B3A2533642525202000436C546B3A253364252500352E302E84
:20A8C0003000FFFFFF003D22003D004E657874696F6E207030004E657874696F6E20703164
:20A8E000004E657874696F6E207032004E657874696F6E207033004D4F4445206275747405
:20A900006F6E0046494C5420627574746F6E004845415420627574746F6E0052656C617994
:20A92000203020627574746F6E0052656C6179203120627574746F6E0052656C61792032B2
:20A9400020627574746F6E0043616C6962726174696F6E20636F6D706C657465206F722039
:20A960006E65772070482C204F7270206F722057617465722054656D7020736574706F69AA
:20A980006E7473206576656E7400436C656172206572726F7273206576656E7400707269EF
:20A9A0006E7468203233203035203532007072696E7420006E616E00696E66006F766600AA
:20A9C00072657374002C20006F66666C696E65003139322E3136382E302E33380043616E18
:20A9E0006E6F74206368616E6765206365696C696E672C2062656C6F772069737375656473
:20AA0000206164647265737365730000FFFFFFFFFFFFFFFFFFFFFFFFFFFFFFFFFFFFFFFF6C
:20AA2000FFFFFFFFFFFFFFFFFFFFFFFFFFFFFFFFFFFFFFFFFFFFFFFFFFFFFFFFFFFFFFFF36
:20AA4000FFFFFFFFFFFFFFFFFFFFFFFFFFFFFFFFFFFFFFFFFFFFFFFFFFFFFFFFFFFFFFFF16
:20AA6000FFFFFFFFFFFFFFFFFFFFFFFFFFFFFFFFFFFFFFFFFFFFFFFFFFFFFFFFFFFFFFFFF6
:20AA8000FFFFFFFFFFFFFFFFFFFFFFFFFFFFFFFFFFFFFFFFFFFFFFFFFFFFFFFFFFFFFFFFD6
:20AAA000FFFFFFFFFFFFFFFFFFFFFFFFFFFFFFFFFFFFFFFFFFFFFFFFFFFFFFFFFFFFFFFFB6
:20AAC000FFFFFFFFFFFFFFFFFFFFFFFFFFFFFFFFFFFFFFFFFFFFFFFFFFFFFFFFFFFFFFFF96
:20AAE000FFFFFFFFFFFFFFFFFFFFFFFFFFFFFFFFFFFFFFFFFFFFFFFFFFFFFFFFFFFFFFFF76
:20AB0000FFFFFFFFFFFFFFFFFFFFFFFFFFFFFFFFFFFFFFFFFFFFFFFFFFFFFFFFFFFFFFFF55
:20AB2000FFFFFFFFFFFFFFFFFFFFFFFFFFFFFFFFFFFFFFFFFFFFFFFFFFFFFFFFFFFFFFFF35
:20AB4000FFFFFFFFFFFFFFFFFFFFFFFFFFFFFFFFFFFFFFFFFFFFFFFFFFFFFFFFFFFFFFFF15
:20AB6000FFFFFFFFFFFFFFFFFFFFFFFFFFFFFFFFFFFFFFFFFFFFFFFFFFFFFFFFFFFFFFFFF5
:20AB8000FFFFFFFFFFFFFFFFFFFFFFFFFFFFFFFFFFFFFFFFFFFFFFFFFFFFFFFFFFFFFFFFD5
:20ABA000FFFFFFFFFFFFFFFFFFFFFFFFFFFFFFFFFFFFFFFFFFFFFFFFFFFFFFFFFFFFFFFFB5
:20ABC000FFFFFFFFFFFFFFFFFFFFFFFFFFFFFFFFFFFFFFFFFFFFFFFFFFFFFFFFFFFFFFFF95
:20ABE000FFFFFFFFFFFFFFFFFFFFFFFFFFFFFFFFFFFFFFFFFFFFFFFFFFFFFFFFFFFFFFFF75
:20AC0000FFFFFFFFFFFFFFFFFFFFFFFFFFFFFFFFFFFFFFFFFFFFFFFFFFFFFFFFFFFFFFFF54
:20AC2000FFFFFFFFFFFFFFFFFFFFFFFFFFFFFFFFFFFFFFFFFFFFFFFFFFFFFFFFFFFFFFFF34
:20AC4000FFFFFFFFFFFFFFFFFFFFFFFFFFFFFFFFFFFFFFFFFFFFFFFFFFFFFFFFFFFFFFFF14
:20AC6000FFFFFFFFFFFFFFFFFFFFFFFFFFFFFFFFFFFFFFFFFFFFFFFFFFFFFFFFFFFFFFFFF4
:20AC8000FFFFFFFFFFFFFFFFFFFFFFFFFFFFFFFFFFFFFFFFFFFFFFFFFFFFFFFFFFFFFFFFD4
:20ACA000FFFFFFFFFFFFFFFFFFFFFFFFFFFFFFFFFFFFFFFFFFFFFFFFFFFFFFFFFFFFFFFFB4
:20ACC000FFFFFFFFFFFFFFFFFFFFFFFFFFFFFFFFFFFFFFFFFFFFFFFFFFFFFFFFFFFFFFFF94
:20ACE000FFFFFFFFFFFFFFFFFFFFFFFFFFFFFFFFFFFFFFFFFFFFFFFFFFFFFFFFFFFFFFFF74
:20AD0000FFFFFFFFFFFFFFFFFFFFFFFFFFFFFFFFFFFFFFFFFFFFFFFFFFFFFFFFFFFFFFFF53
:20AD2000FFFFFFFFFFFFFFFFFFFFFFFFFFFFFFFFFFFFFFFFFFFFFFFFFFFFFFFFFFFFFFFF33
:20AD4000FFFFFFFFFFFFFFFFFFFFFFFFFFFFFFFFFFFFFFFFFFFFFFFFFFFFFFFFFFFFFFFF13
:20AD6000FFFFFFFFFFFFFFFFFFFFFFFFFFFFFFFFFFFFFFFFFFFFFFFFFFFFFFFFFFFFFFFFF3
:20AD8000FFFFFFFFFFFFFFFFFFFFFFFFFFFFFFFFFFFFFFFFFFFFFFFFFFFFFFFFFFFFFFFFD3
:20ADA000FFFFFFFFFFFFFFFFFFFFFFFFFFFFFFFFFFFFFFFFFFFFFFFFFFFFFFFFFFFFFFFFB3
:20ADC000FFFFFFFFFFFFFFFFFFFFFFFFFFFFFFFFFFFFFFFFFFFFFFFFFFFFFFFFFFFFFFFF93
:20ADE000FFFFFFFFFFFFFFFFFFFFFFFFFFFFFFFFFFFFFFFFFFFFFFFFFFFFFFFFFFFFFFFF73
:20AE0000FFFFFFFFFFFFFFFFFFFFFFFFFFFFFFFFFFFFFFFFFFFFFFFFFFFFFFFFFFFFFFFF52
:20AE2000FFFFFFFFFFFFFFFFFFFFFFFFFFFFFFFFFFFFFFFFFFFFFFFFFFFFFFFFFFFFFFFF32
:20AE4000FFFFFFFFFFFFFFFFFFFFFFFFFFFFFFFFFFFFFFFFFFFFFFFFFFFFFFFFFFFFFFFF12
:20AE6000FFFFFFFFFFFFFFFFFFFFFFFFFFFFFFFFFFFFFFFFFFFFFFFFFFFFFFFFFFFFFFFFF2
:20AE8000FFFFFFFFFFFFFFFFFFFFFFFFFFFFFFFFFFFFFFFFFFFFFFFFFFFFFFFFFFFFFFFFD2
:20AEA000FFFFFFFFFFFFFFFFFFFFFFFFFFFFFFFFFFFFFFFFFFFFFFFFFFFFFFFFFFFFFFFFB2
:20AEC000FFFFFFFFFFFFFFFFFFFFFFFFFFFFFFFFFFFFFFFFFFFFFFFFFFFFFFFFFFFFFFFF92
:20AEE000FFFFFFFFFFFFFFFFFFFFFFFFFFFFFFFFFFFFFFFFFFFFFFFFFFFFFFFFFFFFFFFF72
:20AF0000FFFFFFFFFFFFFFFFFFFFFFFFFFFFFFFFFFFFFFFFFFFFFFFFFFFFFFFFFFFFFFFF51
:20AF2000FFFFFFFFFFFFFFFFFFFFFFFFFFFFFFFFFFFFFFFFFFFFFFFFFFFFFFFFFFFFFFFF31
:20AF4000FFFFFFFFFFFFFFFFFFFFFFFFFFFFFFFFFFFFFFFFFFFFFFFFFFFFFFFFFFFFFFFF11
:20AF6000FFFFFFFFFFFFFFFFFFFFFFFFFFFFFFFFFFFFFFFFFFFFFFFFFFFFFFFFFFFFFFFFF1
:20AF8000FFFFFFFFFFFFFFFFFFFFFFFFFFFFFFFFFFFFFFFFFFFFFFFFFFFFFFFFFFFFFFFFD1
:20AFA000FFFFFFFFFFFFFFFFFFFFFFFFFFFFFFFFFFFFFFFFFFFFFFFFFFFFFFFFFFFFFFFFB1
:20AFC000FFFFFFFFFFFFFFFFFFFFFFFFFFFFFFFFFFFFFFFFFFFFFFFFFFFFFFFFFFFFFFFF91
:20AFE000FFFFFFFFFFFFFFFFFFFFFFFFFFFFFFFFFFFFFFFFFFFFFFFFFFFFFFFFFFFFFFFF71
:20B00000FFFFFFFFFFFFFFFFFFFFFFFFFFFFFFFFFFFFFFFFFFFFFFFFFFFFFFFFFFFFFFFF50
:20B02000FFFFFFFFFFFFFFFFFFFFFFFFFFFFFFFFFFFFFFFFFFFFFFFFFFFFFFFFFFFFFFFF30
:20B04000FFFFFFFFFFFFFFFFFFFFFFFFFFFFFFFFFFFFFFFFFFFFFFFFFFFFFFFFFFFFFFFF10
:20B06000FFFFFFFFFFFFFFFFFFFFFFFFFFFFFFFFFFFFFFFFFFFFFFFFFFFFFFFFFFFFFFFFF0
:20B08000FFFFFFFFFFFFFFFFFFFFFFFFFFFFFFFFFFFFFFFFFFFFFFFFFFFFFFFFFFFFFFFFD0
:20B0A000FFFFFFFFFFFFFFFFFFFFFFFFFFFFFFFFFFFFFFFFFFFFFFFFFFFFFFFFFFFFFFFFB0
:20B0C000FFFFFFFFFFFFFFFFFFFFFFFFFFFFFFFFFFFFFFFFFFFFFFFFFFFFFFFFFFFFFFFF90
:20B0E000FFFFFFFFFFFFFFFFFFFFFFFFFFFFFFFFFFFFFFFFFFFFFFFFFFFFFFFFFFFFFFFF70
:20B10000FFFFFFFFFFFFFFFFFFFFFFFFFFFFFFFFFFFFFFFFFFFFFFFFFFFFFFFFFFFFFFFF4F
:20B12000FFFFFFFFFFFFFFFFFFFFFFFFFFFFFFFFFFFFFFFFFFFFFFFFFFFFFFFFFFFFFFFF2F
:20B14000FFFFFFFFFFFFFFFFFFFFFFFFFFFFFFFFFFFFFFFFFFFFFFFFFFFFFFFFFFFFFFFF0F
:20B16000FFFFFFFFFFFFFFFFFFFFFFFFFFFFFFFFFFFFFFFFFFFFFFFFFFFFFFFFFFFFFFFFEF
:20B18000FFFFFFFFFFFFFFFFFFFFFFFFFFFFFFFFFFFFFFFFFFFFFFFFFFFFFFFFFFFFFFFFCF
:20B1A000FFFFFFFFFFFFFFFFFFFFFFFFFFFFFFFFFFFFFFFFFFFFFFFFFFFFFFFFFFFFFFFFAF
:20B1C000FFFFFFFFFFFFFFFFFFFFFFFFFFFFFFFFFFFFFFFFFFFFFFFFFFFFFFFFFFFFFFFF8F
:20B1E000FFFFFFFFFFFFFFFFFFFFFFFFFFFFFFFFFFFFFFFFFFFFFFFFFFFFFFFFFFFFFFFF6F
:20B20000FFFFFFFFFFFFFFFFFFFFFFFFFFFFFFFFFFFFFFFFFFFFFFFFFFFFFFFFFFFFFFFF4E
:20B22000FFFFFFFFFFFFFFFFFFFFFFFFFFFFFFFFFFFFFFFFFFFFFFFFFFFFFFFFFFFFFFFF2E
:20B24000FFFFFFFFFFFFFFFFFFFFFFFFFFFFFFFFFFFFFFFFFFFFFFFFFFFFFFFFFFFFFFFF0E
:20B26000FFFFFFFFFFFFFFFFFFFFFFFFFFFFFFFFFFFFFFFFFFFFFFFFFFFFFFFFFFFFFFFFEE
:20B28000FFFFFFFFFFFFFFFFFFFFFFFFFFFFFFFFFFFFFFFFFFFFFFFFFFFFFFFFFFFFFFFFCE
:20B2A000FFFFFFFFFFFFFFFFFFFFFFFFFFFFFFFFFFFFFFFFFFFFFFFFFFFFFFFFFFFFFFFFAE
:20B2C000FFFFFFFFFFFFFFFFFFFFFFFFFFFFFFFFFFFFFFFFFFFFFFFFFFFFFFFFFFFFFFFF8E
:20B2E000FFFFFFFFFFFFFFFFFFFFFFFFFFFFFFFFFFFFFFFFFFFFFFFFFFFFFFFFFFFFFFFF6E
:20B30000FFFFFFFFFFFFFFFFFFFFFFFFFFFFFFFFFFFFFFFFFFFFFFFFFFFFFFFFFFFFFFFF4D
:20B32000FFFFFFFFFFFFFFFFFFFFFFFFFFFFFFFFFFFFFFFFFFFFFFFFFFFFFFFFFFFFFFFF2D
:20B34000FFFFFFFFFFFFFFFFFFFFFFFFFFFFFFFFFFFFFFFFFFFFFFFFFFFFFFFFFFFFFFFF0D
:20B36000FFFFFFFFFFFFFFFFFFFFFFFFFFFFFFFFFFFFFFFFFFFFFFFFFFFFFFFFFFFFFFFFED
:20B38000FFFFFFFFFFFFFFFFFFFFFFFFFFFFFFFFFFFFFFFFFFFFFFFFFFFFFFFFFFFFFFFFCD
:20B3A000FFFFFFFFFFFFFFFFFFFFFFFFFFFFFFFFFFFFFFFFFFFFFFFFFFFFFFFFFFFFFFFFAD
:20B3C000FFFFFFFFFFFFFFFFFFFFFFFFFFFFFFFFFFFFFFFFFFFFFFFFFFFFFFFFFFFFFFFF8D
:20B3E000FFFFFFFFFFFFFFFFFFFFFFFFFFFFFFFFFFFFFFFFFFFFFFFFFFFFFFFFFFFFFFFF6D
:20B40000FFFFFFFFFFFFFFFFFFFFFFFFFFFFFFFFFFFFFFFFFFFFFFFFFFFFFFFFFFFFFFFF4C
:20B42000FFFFFFFFFFFFFFFFFFFFFFFFFFFFFFFFFFFFFFFFFFFFFFFFFFFFFFFFFFFFFFFF2C
:20B44000FFFFFFFFFFFFFFFFFFFFFFFFFFFFFFFFFFFFFFFFFFFFFFFFFFFFFFFFFFFFFFFF0C
:20B46000FFFFFFFFFFFFFFFFFFFFFFFFFFFFFFFFFFFFFFFFFFFFFFFFFFFFFFFFFFFFFFFFEC
:20B48000FFFFFFFFFFFFFFFFFFFFFFFFFFFFFFFFFFFFFFFFFFFFFFFFFFFFFFFFFFFFFFFFCC
:20B4A000FFFFFFFFFFFFFFFFFFFFFFFFFFFFFFFFFFFFFFFFFFFFFFFFFFFFFFFFFFFFFFFFAC
:20B4C000FFFFFFFFFFFFFFFFFFFFFFFFFFFFFFFFFFFFFFFFFFFFFFFFFFFFFFFFFFFFFFFF8C
:20B4E000FFFFFFFFFFFFFFFFFFFFFFFFFFFFFFFFFFFFFFFFFFFFFFFFFFFFFFFFFFFFFFFF6C
:20B50000FFFFFFFFFFFFFFFFFFFFFFFFFFFFFFFFFFFFFFFFFFFFFFFFFFFFFFFFFFFFFFFF4B
:20B52000FFFFFFFFFFFFFFFFFFFFFFFFFFFFFFFFFFFFFFFFFFFFFFFFFFFFFFFFFFFFFFFF2B
:20B54000FFFFFFFFFFFFFFFFFFFFFFFFFFFFFFFFFFFFFFFFFFFFFFFFFFFFFFFFFFFFFFFF0B
:20B56000FFFFFFFFFFFFFFFFFFFFFFFFFFFFFFFFFFFFFFFFFFFFFFFFFFFFFFFFFFFFFFFFEB
:20B58000FFFFFFFFFFFFFFFFFFFFFFFFFFFFFFFFFFFFFFFFFFFFFFFFFFFFFFFFFFFFFFFFCB
:20B5A000FFFFFFFFFFFFFFFFFFFFFFFFFFFFFFFFFFFFFFFFFFFFFFFFFFFFFFFFFFFFFFFFAB
:20B5C000FFFFFFFFFFFFFFFFFFFFFFFFFFFFFFFFFFFFFFFFFFFFFFFFFFFFFFFFFFFFFFFF8B
:20B5E000FFFFFFFFFFFFFFFFFFFFFFFFFFFFFFFFFFFFFFFFFFFFFFFFFFFFFFFFFFFFFFFF6B
:20B60000FFFFFFFFFFFFFFFFFFFFFFFFFFFFFFFFFFFFFFFFFFFFFFFFFFFFFFFFFFFFFFFF4A
:20B62000FFFFFFFFFFFFFFFFFFFFFFFFFFFFFFFFFFFFFFFFFFFFFFFFFFFFFFFFFFFFFFFF2A
:20B64000FFFFFFFFFFFFFFFFFFFFFFFFFFFFFFFFFFFFFFFFFFFFFFFFFFFFFFFFFFFFFFFF0A
:20B66000FFFFFFFFFFFFFFFFFFFFFFFFFFFFFFFFFFFFFFFFFFFFFFFFFFFFFFFFFFFFFFFFEA
:20B68000FFFFFFFFFFFFFFFFFFFFFFFFFFFFFFFFFFFFFFFFFFFFFFFFFFFFFFFFFFFFFFFFCA
:20B6A000FFFFFFFFFFFFFFFFFFFFFFFFFFFFFFFFFFFFFFFFFFFFFFFFFFFFFFFFFFFFFFFFAA
:20B6C000FFFFFFFFFFFFFFFFFFFFFFFFFFFFFFFFFFFFFFFFFFFFFFFFFFFFFFFFFFFFFFFF8A
:20B6E000FFFFFFFFFFFFFFFFFFFFFFFFFFFFFFFFFFFFFFFFFFFFFFFFFFFFFFFFFFFFFFFF6A
:20B70000FFFFFFFFFFFFFFFFFFFFFFFFFFFFFFFFFFFFFFFFFFFFFFFFFFFFFFFFFFFFFFFF49
:20B72000FFFFFFFFFFFFFFFFFFFFFFFFFFFFFFFFFFFFFFFFFFFFFFFFFFFFFFFFFFFFFFFF29
:20B74000FFFFFFFFFFFFFFFFFFFFFFFFFFFFFFFFFFFFFFFFFFFFFFFFFFFFFFFFFFFFFFFF09
:20B76000FFFFFFFFFFFFFFFFFFFFFFFFFFFFFFFFFFFFFFFFFFFFFFFFFFFFFFFFFFFFFFFFE9
:20B78000FFFFFFFFFFFFFFFFFFFFFFFFFFFFFFFFFFFFFFFFFFFFFFFFFFFFFFFFFFFFFFFFC9
:20B7A000FFFFFFFFFFFFFFFFFFFFFFFFFFFFFFFFFFFFFFFFFFFFFFFFFFFFFFFFFFFFFFFFA9
:20B7C000FFFFFFFFFFFFFFFFFFFFFFFFFFFFFFFFFFFFFFFFFFFFFFFFFFFFFFFFFFFFFFFF89
:20B7E000FFFFFFFFFFFFFFFFFFFFFFFFFFFFFFFFFFFFFFFFFFFFFFFFFFFFFFFFFFFFFFFF69
:20B80000FFFFFFFFFFFFFFFFFFFFFFFFFFFFFFFFFFFFFFFFFFFFFFFFFFFFFFFFFFFFFFFF48
:20B82000FFFFFFFFFFFFFFFFFFFFFFFFFFFFFFFFFFFFFFFFFFFFFFFFFFFFFFFFFFFFFFFF28
:20B84000FFFFFFFFFFFFFFFFFFFFFFFFFFFFFFFFFFFFFFFFFFFFFFFFFFFFFFFFFFFFFFFF08
:20B86000FFFFFFFFFFFFFFFFFFFFFFFFFFFFFFFFFFFFFFFFFFFFFFFFFFFFFFFFFFFFFFFFE8
:20B88000FFFFFFFFFFFFFFFFFFFFFFFFFFFFFFFFFFFFFFFFFFFFFFFFFFFFFFFFFFFFFFFFC8
:20B8A000FFFFFFFFFFFFFFFFFFFFFFFFFFFFFFFFFFFFFFFFFFFFFFFFFFFFFFFFFFFFFFFFA8
:20B8C000FFFFFFFFFFFFFFFFFFFFFFFFFFFFFFFFFFFFFFFFFFFFFFFFFFFFFFFFFFFFFFFF88
:20B8E000FFFFFFFFFFFFFFFFFFFFFFFFFFFFFFFFFFFFFFFFFFFFFFFFFFFFFFFFFFFFFFFF68
:20B90000FFFFFFFFFFFFFFFFFFFFFFFFFFFFFFFFFFFFFFFFFFFFFFFFFFFFFFFFFFFFFFFF47
:20B92000FFFFFFFFFFFFFFFFFFFFFFFFFFFFFFFFFFFFFFFFFFFFFFFFFFFFFFFFFFFFFFFF27
:20B94000FFFFFFFFFFFFFFFFFFFFFFFFFFFFFFFFFFFFFFFFFFFFFFFFFFFFFFFFFFFFFFFF07
:20B96000FFFFFFFFFFFFFFFFFFFFFFFFFFFFFFFFFFFFFFFFFFFFFFFFFFFFFFFFFFFFFFFFE7
:20B98000FFFFFFFFFFFFFFFFFFFFFFFFFFFFFFFFFFFFFFFFFFFFFFFFFFFFFFFFFFFFFFFFC7
:20B9A000FFFFFFFFFFFFFFFFFFFFFFFFFFFFFFFFFFFFFFFFFFFFFFFFFFFFFFFFFFFFFFFFA7
:20B9C000FFFFFFFFFFFFFFFFFFFFFFFFFFFFFFFFFFFFFFFFFFFFFFFFFFFFFFFFFFFFFFFF87
:20B9E000FFFFFFFFFFFFFFFFFFFFFFFFFFFFFFFFFFFFFFFFFFFFFFFFFFFFFFFFFFFFFFFF67
:20BA0000FFFFFFFFFFFFFFFFFFFFFFFFFFFFFFFFFFFFFFFFFFFFFFFFFFFFFFFFFFFFFFFF46
:20BA2000FFFFFFFFFFFFFFFFFFFFFFFFFFFFFFFFFFFFFFFFFFFFFFFFFFFFFFFFFFFFFFFF26
:20BA4000FFFFFFFFFFFFFFFFFFFFFFFFFFFFFFFFFFFFFFFFFFFFFFFFFFFFFFFFFFFFFFFF06
:20BA6000FFFFFFFFFFFFFFFFFFFFFFFFFFFFFFFFFFFFFFFFFFFFFFFFFFFFFFFFFFFFFFFFE6
:20BA8000FFFFFFFFFFFFFFFFFFFFFFFFFFFFFFFFFFFFFFFFFFFFFFFFFFFFFFFFFFFFFFFFC6
:20BAA000FFFFFFFFFFFFFFFFFFFFFFFFFFFFFFFFFFFFFFFFFFFFFFFFFFFFFFFFFFFFFFFFA6
:20BAC000FFFFFFFFFFFFFFFFFFFFFFFFFFFFFFFFFFFFFFFFFFFFFFFFFFFFFFFFFFFFFFFF86
:20BAE000FFFFFFFFFFFFFFFFFFFFFFFFFFFFFFFFFFFFFFFFFFFFFFFFFFFFFFFFFFFFFFFF66
:20BB0000FFFFFFFFFFFFFFFFFFFFFFFFFFFFFFFFFFFFFFFFFFFFFFFFFFFFFFFFFFFFFFFF45
:20BB2000FFFFFFFFFFFFFFFFFFFFFFFFFFFFFFFFFFFFFFFFFFFFFFFFFFFFFFFFFFFFFFFF25
:20BB4000FFFFFFFFFFFFFFFFFFFFFFFFFFFFFFFFFFFFFFFFFFFFFFFFFFFFFFFFFFFFFFFF05
:20BB6000FFFFFFFFFFFFFFFFFFFFFFFFFFFFFFFFFFFFFFFFFFFFFFFFFFFFFFFFFFFFFFFFE5
:20BB8000FFFFFFFFFFFFFFFFFFFFFFFFFFFFFFFFFFFFFFFFFFFFFFFFFFFFFFFFFFFFFFFFC5
:20BBA000FFFFFFFFFFFFFFFFFFFFFFFFFFFFFFFFFFFFFFFFFFFFFFFFFFFFFFFFFFFFFFFFA5
:20BBC000FFFFFFFFFFFFFFFFFFFFFFFFFFFFFFFFFFFFFFFFFFFFFFFFFFFFFFFFFFFFFFFF85
:20BBE000FFFFFFFFFFFFFFFFFFFFFFFFFFFFFFFFFFFFFFFFFFFFFFFFFFFFFFFFFFFFFFFF65
:20BC0000FFFFFFFFFFFFFFFFFFFFFFFFFFFFFFFFFFFFFFFFFFFFFFFFFFFFFFFFFFFFFFFF44
:20BC2000FFFFFFFFFFFFFFFFFFFFFFFFFFFFFFFFFFFFFFFFFFFFFFFFFFFFFFFFFFFFFFFF24
:20BC4000FFFFFFFFFFFFFFFFFFFFFFFFFFFFFFFFFFFFFFFFFFFFFFFFFFFFFFFFFFFFFFFF04
:20BC6000FFFFFFFFFFFFFFFFFFFFFFFFFFFFFFFFFFFFFFFFFFFFFFFFFFFFFFFFFFFFFFFFE4
:20BC8000FFFFFFFFFFFFFFFFFFFFFFFFFFFFFFFFFFFFFFFFFFFFFFFFFFFFFFFFFFFFFFFFC4
:20BCA000FFFFFFFFFFFFFFFFFFFFFFFFFFFFFFFFFFFFFFFFFFFFFFFFFFFFFFFFFFFFFFFFA4
:20BCC000FFFFFFFFFFFFFFFFFFFFFFFFFFFFFFFFFFFFFFFFFFFFFFFFFFFFFFFFFFFFFFFF84
:20BCE000FFFFFFFFFFFFFFFFFFFFFFFFFFFFFFFFFFFFFFFFFFFFFFFFFFFFFFFFFFFFFFFF64
:20BD0000FFFFFFFFFFFFFFFFFFFFFFFFFFFFFFFFFFFFFFFFFFFFFFFFFFFFFFFFFFFFFFFF43
:20BD2000FFFFFFFFFFFFFFFFFFFFFFFFFFFFFFFFFFFFFFFFFFFFFFFFFFFFFFFFFFFFFFFF23
:20BD4000FFFFFFFFFFFFFFFFFFFFFFFFFFFFFFFFFFFFFFFFFFFFFFFFFFFFFFFFFFFFFFFF03
:20BD6000FFFFFFFFFFFFFFFFFFFFFFFFFFFFFFFFFFFFFFFFFFFFFFFFFFFFFFFFFFFFFFFFE3
:20BD8000FFFFFFFFFFFFFFFFFFFFFFFFFFFFFFFFFFFFFFFFFFFFFFFFFFFFFFFFFFFFFFFFC3
:20BDA000FFFFFFFFFFFFFFFFFFFFFFFFFFFFFFFFFFFFFFFFFFFFFFFFFFFFFFFFFFFFFFFFA3
:20BDC000FFFFFFFFFFFFFFFFFFFFFFFFFFFFFFFFFFFFFFFFFFFFFFFFFFFFFFFFFFFFFFFF83
:20BDE000FFFFFFFFFFFFFFFFFFFFFFFFFFFFFFFFFFFFFFFFFFFFFFFFFFFFFFFFFFFFFFFF63
:20BE0000FFFFFFFFFFFFFFFFFFFFFFFFFFFFFFFFFFFFFFFFFFFFFFFFFFFFFFFFFFFFFFFF42
:20BE2000FFFFFFFFFFFFFFFFFFFFFFFFFFFFFFFFFFFFFFFFFFFFFFFFFFFFFFFFFFFFFFFF22
:20BE4000FFFFFFFFFFFFFFFFFFFFFFFFFFFFFFFFFFFFFFFFFFFFFFFFFFFFFFFFFFFFFFFF02
:20BE6000FFFFFFFFFFFFFFFFFFFFFFFFFFFFFFFFFFFFFFFFFFFFFFFFFFFFFFFFFFFFFFFFE2
:20BE8000FFFFFFFFFFFFFFFFFFFFFFFFFFFFFFFFFFFFFFFFFFFFFFFFFFFFFFFFFFFFFFFFC2
:20BEA000FFFFFFFFFFFFFFFFFFFFFFFFFFFFFFFFFFFFFFFFFFFFFFFFFFFFFFFFFFFFFFFFA2
:20BEC000FFFFFFFFFFFFFFFFFFFFFFFFFFFFFFFFFFFFFFFFFFFFFFFFFFFFFFFFFFFFFFFF82
:20BEE000FFFFFFFFFFFFFFFFFFFFFFFFFFFFFFFFFFFFFFFFFFFFFFFFFFFFFFFFFFFFFFFF62
:20BF0000FFFFFFFFFFFFFFFFFFFFFFFFFFFFFFFFFFFFFFFFFFFFFFFFFFFFFFFFFFFFFFFF41
:20BF2000FFFFFFFFFFFFFFFFFFFFFFFFFFFFFFFFFFFFFFFFFFFFFFFFFFFFFFFFFFFFFFFF21
:20BF4000FFFFFFFFFFFFFFFFFFFFFFFFFFFFFFFFFFFFFFFFFFFFFFFFFFFFFFFFFFFFFFFF01
:20BF6000FFFFFFFFFFFFFFFFFFFFFFFFFFFFFFFFFFFFFFFFFFFFFFFFFFFFFFFFFFFFFFFFE1
:20BF8000FFFFFFFFFFFFFFFFFFFFFFFFFFFFFFFFFFFFFFFFFFFFFFFFFFFFFFFFFFFFFFFFC1
:20BFA000FFFFFFFFFFFFFFFFFFFFFFFFFFFFFFFFFFFFFFFFFFFFFFFFFFFFFFFFFFFFFFFFA1
:20BFC000FFFFFFFFFFFFFFFFFFFFFFFFFFFFFFFFFFFFFFFFFFFFFFFFFFFFFFFFFFFFFFFF81
:20BFE000FFFFFFFFFFFFFFFFFFFFFFFFFFFFFFFFFFFFFFFFFFFFFFFFFFFFFFFFFFFFFFFF61
:20C00000FFFFFFFFFFFFFFFFFFFFFFFFFFFFFFFFFFFFFFFFFFFFFFFFFFFFFFFFFFFFFFFF40
:20C02000FFFFFFFFFFFFFFFFFFFFFFFFFFFFFFFFFFFFFFFFFFFFFFFFFFFFFFFFFFFFFFFF20
:20C04000FFFFFFFFFFFFFFFFFFFFFFFFFFFFFFFFFFFFFFFFFFFFFFFFFFFFFFFFFFFFFFFF00
:20C06000FFFFFFFFFFFFFFFFFFFFFFFFFFFFFFFFFFFFFFFFFFFFFFFFFFFFFFFFFFFFFFFFE0
:20C08000FFFFFFFFFFFFFFFFFFFFFFFFFFFFFFFFFFFFFFFFFFFFFFFFFFFFFFFFFFFFFFFFC0
:20C0A000FFFFFFFFFFFFFFFFFFFFFFFFFFFFFFFFFFFFFFFFFFFFFFFFFFFFFFFFFFFFFFFFA0
:20C0C000FFFFFFFFFFFFFFFFFFFFFFFFFFFFFFFFFFFFFFFFFFFFFFFFFFFFFFFFFFFFFFFF80
:20C0E000FFFFFFFFFFFFFFFFFFFFFFFFFFFFFFFFFFFFFFFFFFFFFFFFFFFFFFFFFFFFFFFF60
:20C10000FFFFFFFFFFFFFFFFFFFFFFFFFFFFFFFFFFFFFFFFFFFFFFFFFFFFFFFFFFFFFFFF3F
:20C12000FFFFFFFFFFFFFFFFFFFFFFFFFFFFFFFFFFFFFFFFFFFFFFFFFFFFFFFFFFFFFFFF1F
:20C14000FFFFFFFFFFFFFFFFFFFFFFFFFFFFFFFFFFFFFFFFFFFFFFFFFFFFFFFFFFFFFFFFFF
:20C16000FFFFFFFFFFFFFFFFFFFFFFFFFFFFFFFFFFFFFFFFFFFFFFFFFFFFFFFFFFFFFFFFDF
:20C18000FFFFFFFFFFFFFFFFFFFFFFFFFFFFFFFFFFFFFFFFFFFFFFFFFFFFFFFFFFFFFFFFBF
:20C1A000FFFFFFFFFFFFFFFFFFFFFFFFFFFFFFFFFFFFFFFFFFFFFFFFFFFFFFFFFFFFFFFF9F
:20C1C000FFFFFFFFFFFFFFFFFFFFFFFFFFFFFFFFFFFFFFFFFFFFFFFFFFFFFFFFFFFFFFFF7F
:20C1E000FFFFFFFFFFFFFFFFFFFFFFFFFFFFFFFFFFFFFFFFFFFFFFFFFFFFFFFFFFFFFFFF5F
:20C20000FFFFFFFFFFFFFFFFFFFFFFFFFFFFFFFFFFFFFFFFFFFFFFFFFFFFFFFFFFFFFFFF3E
:20C22000FFFFFFFFFFFFFFFFFFFFFFFFFFFFFFFFFFFFFFFFFFFFFFFFFFFFFFFFFFFFFFFF1E
:20C24000FFFFFFFFFFFFFFFFFFFFFFFFFFFFFFFFFFFFFFFFFFFFFFFFFFFFFFFFFFFFFFFFFE
:20C26000FFFFFFFFFFFFFFFFFFFFFFFFFFFFFFFFFFFFFFFFFFFFFFFFFFFFFFFFFFFFFFFFDE
:20C28000FFFFFFFFFFFFFFFFFFFFFFFFFFFFFFFFFFFFFFFFFFFFFFFFFFFFFFFFFFFFFFFFBE
:20C2A000FFFFFFFFFFFFFFFFFFFFFFFFFFFFFFFFFFFFFFFFFFFFFFFFFFFFFFFFFFFFFFFF9E
:20C2C000FFFFFFFFFFFFFFFFFFFFFFFFFFFFFFFFFFFFFFFFFFFFFFFFFFFFFFFFFFFFFFFF7E
:20C2E000FFFFFFFFFFFFFFFFFFFFFFFFFFFFFFFFFFFFFFFFFFFFFFFFFFFFFFFFFFFFFFFF5E
:20C30000FFFFFFFFFFFFFFFFFFFFFFFFFFFFFFFFFFFFFFFFFFFFFFFFFFFFFFFFFFFFFFFF3D
:20C32000FFFFFFFFFFFFFFFFFFFFFFFFFFFFFFFFFFFFFFFFFFFFFFFFFFFFFFFFFFFFFFFF1D
:20C34000FFFFFFFFFFFFFFFFFFFFFFFFFFFFFFFFFFFFFFFFFFFFFFFFFFFFFFFFFFFFFFFFFD
:20C36000FFFFFFFFFFFFFFFFFFFFFFFFFFFFFFFFFFFFFFFFFFFFFFFFFFFFFFFFFFFFFFFFDD
:20C38000FFFFFFFFFFFFFFFFFFFFFFFFFFFFFFFFFFFFFFFFFFFFFFFFFFFFFFFFFFFFFFFFBD
:20C3A000FFFFFFFFFFFFFFFFFFFFFFFFFFFFFFFFFFFFFFFFFFFFFFFFFFFFFFFFFFFFFFFF9D
:20C3C000FFFFFFFFFFFFFFFFFFFFFFFFFFFFFFFFFFFFFFFFFFFFFFFFFFFFFFFFFFFFFFFF7D
:20C3E000FFFFFFFFFFFFFFFFFFFFFFFFFFFFFFFFFFFFFFFFFFFFFFFFFFFFFFFFFFFFFFFF5D
:20C40000FFFFFFFFFFFFFFFFFFFFFFFFFFFFFFFFFFFFFFFFFFFFFFFFFFFFFFFFFFFFFFFF3C
:20C42000FFFFFFFFFFFFFFFFFFFFFFFFFFFFFFFFFFFFFFFFFFFFFFFFFFFFFFFFFFFFFFFF1C
:20C44000FFFFFFFFFFFFFFFFFFFFFFFFFFFFFFFFFFFFFFFFFFFFFFFFFFFFFFFFFFFFFFFFFC
:20C46000FFFFFFFFFFFFFFFFFFFFFFFFFFFFFFFFFFFFFFFFFFFFFFFFFFFFFFFFFFFFFFFFDC
:20C48000FFFFFFFFFFFFFFFFFFFFFFFFFFFFFFFFFFFFFFFFFFFFFFFFFFFFFFFFFFFFFFFFBC
:20C4A000FFFFFFFFFFFFFFFFFFFFFFFFFFFFFFFFFFFFFFFFFFFFFFFFFFFFFFFFFFFFFFFF9C
:20C4C000FFFFFFFFFFFFFFFFFFFFFFFFFFFFFFFFFFFFFFFFFFFFFFFFFFFFFFFFFFFFFFFF7C
:20C4E000FFFFFFFFFFFFFFFFFFFFFFFFFFFFFFFFFFFFFFFFFFFFFFFFFFFFFFFFFFFFFFFF5C
:20C50000FFFFFFFFFFFFFFFFFFFFFFFFFFFFFFFFFFFFFFFFFFFFFFFFFFFFFFFFFFFFFFFF3B
:20C52000FFFFFFFFFFFFFFFFFFFFFFFFFFFFFFFFFFFFFFFFFFFFFFFFFFFFFFFFFFFFFFFF1B
:20C54000FFFFFFFFFFFFFFFFFFFFFFFFFFFFFFFFFFFFFFFFFFFFFFFFFFFFFFFFFFFFFFFFFB
:20C56000FFFFFFFFFFFFFFFFFFFFFFFFFFFFFFFFFFFFFFFFFFFFFFFFFFFFFFFFFFFFFFFFDB
:20C58000FFFFFFFFFFFFFFFFFFFFFFFFFFFFFFFFFFFFFFFFFFFFFFFFFFFFFFFFFFFFFFFFBB
:20C5A000FFFFFFFFFFFFFFFFFFFFFFFFFFFFFFFFFFFFFFFFFFFFFFFFFFFFFFFFFFFFFFFF9B
:20C5C000FFFFFFFFFFFFFFFFFFFFFFFFFFFFFFFFFFFFFFFFFFFFFFFFFFFFFFFFFFFFFFFF7B
:20C5E000FFFFFFFFFFFFFFFFFFFFFFFFFFFFFFFFFFFFFFFFFFFFFFFFFFFFFFFFFFFFFFFF5B
:20C60000FFFFFFFFFFFFFFFFFFFFFFFFFFFFFFFFFFFFFFFFFFFFFFFFFFFFFFFFFFFFFFFF3A
:20C62000FFFFFFFFFFFFFFFFFFFFFFFFFFFFFFFFFFFFFFFFFFFFFFFFFFFFFFFFFFFFFFFF1A
:20C64000FFFFFFFFFFFFFFFFFFFFFFFFFFFFFFFFFFFFFFFFFFFFFFFFFFFFFFFFFFFFFFFFFA
:20C66000FFFFFFFFFFFFFFFFFFFFFFFFFFFFFFFFFFFFFFFFFFFFFFFFFFFFFFFFFFFFFFFFDA
:20C68000FFFFFFFFFFFFFFFFFFFFFFFFFFFFFFFFFFFFFFFFFFFFFFFFFFFFFFFFFFFFFFFFBA
:20C6A000FFFFFFFFFFFFFFFFFFFFFFFFFFFFFFFFFFFFFFFFFFFFFFFFFFFFFFFFFFFFFFFF9A
:20C6C000FFFFFFFFFFFFFFFFFFFFFFFFFFFFFFFFFFFFFFFFFFFFFFFFFFFFFFFFFFFFFFFF7A
:20C6E000FFFFFFFFFFFFFFFFFFFFFFFFFFFFFFFFFFFFFFFFFFFFFFFFFFFFFFFFFFFFFFFF5A
:20C70000FFFFFFFFFFFFFFFFFFFFFFFFFFFFFFFFFFFFFFFFFFFFFFFFFFFFFFFFFFFFFFFF39
:20C72000FFFFFFFFFFFFFFFFFFFFFFFFFFFFFFFFFFFFFFFFFFFFFFFFFFFFFFFFFFFFFFFF19
:20C74000FFFFFFFFFFFFFFFFFFFFFFFFFFFFFFFFFFFFFFFFFFFFFFFFFFFFFFFFFFFFFFFFF9
:20C76000FFFFFFFFFFFFFFFFFFFFFFFFFFFFFFFFFFFFFFFFFFFFFFFFFFFFFFFFFFFFFFFFD9
:20C78000FFFFFFFFFFFFFFFFFFFFFFFFFFFFFFFFFFFFFFFFFFFFFFFFFFFFFFFFFFFFFFFFB9
:20C7A000FFFFFFFFFFFFFFFFFFFFFFFFFFFFFFFFFFFFFFFFFFFFFFFFFFFFFFFFFFFFFFFF99
:20C7C000FFFFFFFFFFFFFFFFFFFFFFFFFFFFFFFFFFFFFFFFFFFFFFFFFFFFFFFFFFFFFFFF79
:20C7E000FFFFFFFFFFFFFFFFFFFFFFFFFFFFFFFFFFFFFFFFFFFFFFFFFFFFFFFFFFFFFFFF59
:20C80000FFFFFFFFFFFFFFFFFFFFFFFFFFFFFFFFFFFFFFFFFFFFFFFFFFFFFFFFFFFFFFFF38
:20C82000FFFFFFFFFFFFFFFFFFFFFFFFFFFFFFFFFFFFFFFFFFFFFFFFFFFFFFFFFFFFFFFF18
:20C84000FFFFFFFFFFFFFFFFFFFFFFFFFFFFFFFFFFFFFFFFFFFFFFFFFFFFFFFFFFFFFFFFF8
:20C86000FFFFFFFFFFFFFFFFFFFFFFFFFFFFFFFFFFFFFFFFFFFFFFFFFFFFFFFFFFFFFFFFD8
:20C88000FFFFFFFFFFFFFFFFFFFFFFFFFFFFFFFFFFFFFFFFFFFFFFFFFFFFFFFFFFFFFFFFB8
:20C8A000FFFFFFFFFFFFFFFFFFFFFFFFFFFFFFFFFFFFFFFFFFFFFFFFFFFFFFFFFFFFFFFF98
:20C8C000FFFFFFFFFFFFFFFFFFFFFFFFFFFFFFFFFFFFFFFFFFFFFFFFFFFFFFFFFFFFFFFF78
:20C8E000FFFFFFFFFFFFFFFFFFFFFFFFFFFFFFFFFFFFFFFFFFFFFFFFFFFFFFFFFFFFFFFF58
:20C90000FFFFFFFFFFFFFFFFFFFFFFFFFFFFFFFFFFFFFFFFFFFFFFFFFFFFFFFFFFFFFFFF37
:20C92000FFFFFFFFFFFFFFFFFFFFFFFFFFFFFFFFFFFFFFFFFFFFFFFFFFFFFFFFFFFFFFFF17
:20C94000FFFFFFFFFFFFFFFFFFFFFFFFFFFFFFFFFFFFFFFFFFFFFFFFFFFFFFFFFFFFFFFFF7
:20C96000FFFFFFFFFFFFFFFFFFFFFFFFFFFFFFFFFFFFFFFFFFFFFFFFFFFFFFFFFFFFFFFFD7
:20C98000FFFFFFFFFFFFFFFFFFFFFFFFFFFFFFFFFFFFFFFFFFFFFFFFFFFFFFFFFFFFFFFFB7
:20C9A000FFFFFFFFFFFFFFFFFFFFFFFFFFFFFFFFFFFFFFFFFFFFFFFFFFFFFFFFFFFFFFFF97
:20C9C000FFFFFFFFFFFFFFFFFFFFFFFFFFFFFFFFFFFFFFFFFFFFFFFFFFFFFFFFFFFFFFFF77
:20C9E000FFFFFFFFFFFFFFFFFFFFFFFFFFFFFFFFFFFFFFFFFFFFFFFFFFFFFFFFFFFFFFFF57
:20CA0000FFFFFFFFFFFFFFFFFFFFFFFFFFFFFFFFFFFFFFFFFFFFFFFFFFFFFFFFFFFFFFFF36
:20CA2000FFFFFFFFFFFFFFFFFFFFFFFFFFFFFFFFFFFFFFFFFFFFFFFFFFFFFFFFFFFFFFFF16
:20CA4000FFFFFFFFFFFFFFFFFFFFFFFFFFFFFFFFFFFFFFFFFFFFFFFFFFFFFFFFFFFFFFFFF6
:20CA6000FFFFFFFFFFFFFFFFFFFFFFFFFFFFFFFFFFFFFFFFFFFFFFFFFFFFFFFFFFFFFFFFD6
:20CA8000FFFFFFFFFFFFFFFFFFFFFFFFFFFFFFFFFFFFFFFFFFFFFFFFFFFFFFFFFFFFFFFFB6
:20CAA000FFFFFFFFFFFFFFFFFFFFFFFFFFFFFFFFFFFFFFFFFFFFFFFFFFFFFFFFFFFFFFFF96
:20CAC000FFFFFFFFFFFFFFFFFFFFFFFFFFFFFFFFFFFFFFFFFFFFFFFFFFFFFFFFFFFFFFFF76
:20CAE000FFFFFFFFFFFFFFFFFFFFFFFFFFFFFFFFFFFFFFFFFFFFFFFFFFFFFFFFFFFFFFFF56
:20CB0000FFFFFFFFFFFFFFFFFFFFFFFFFFFFFFFFFFFFFFFFFFFFFFFFFFFFFFFFFFFFFFFF35
:20CB2000FFFFFFFFFFFFFFFFFFFFFFFFFFFFFFFFFFFFFFFFFFFFFFFFFFFFFFFFFFFFFFFF15
:20CB4000FFFFFFFFFFFFFFFFFFFFFFFFFFFFFFFFFFFFFFFFFFFFFFFFFFFFFFFFFFFFFFFFF5
:20CB6000FFFFFFFFFFFFFFFFFFFFFFFFFFFFFFFFFFFFFFFFFFFFFFFFFFFFFFFFFFFFFFFFD5
:20CB8000FFFFFFFFFFFFFFFFFFFFFFFFFFFFFFFFFFFFFFFFFFFFFFFFFFFFFFFFFFFFFFFFB5
:20CBA000FFFFFFFFFFFFFFFFFFFFFFFFFFFFFFFFFFFFFFFFFFFFFFFFFFFFFFFFFFFFFFFF95
:20CBC000FFFFFFFFFFFFFFFFFFFFFFFFFFFFFFFFFFFFFFFFFFFFFFFFFFFFFFFFFFFFFFFF75
:20CBE000FFFFFFFFFFFFFFFFFFFFFFFFFFFFFFFFFFFFFFFFFFFFFFFFFFFFFFFFFFFFFFFF55
:20CC0000FFFFFFFFFFFFFFFFFFFFFFFFFFFFFFFFFFFFFFFFFFFFFFFFFFFFFFFFFFFFFFFF34
:20CC2000FFFFFFFFFFFFFFFFFFFFFFFFFFFFFFFFFFFFFFFFFFFFFFFFFFFFFFFFFFFFFFFF14
:20CC4000FFFFFFFFFFFFFFFFFFFFFFFFFFFFFFFFFFFFFFFFFFFFFFFFFFFFFFFFFFFFFFFFF4
:20CC6000FFFFFFFFFFFFFFFFFFFFFFFFFFFFFFFFFFFFFFFFFFFFFFFFFFFFFFFFFFFFFFFFD4
:20CC8000FFFFFFFFFFFFFFFFFFFFFFFFFFFFFFFFFFFFFFFFFFFFFFFFFFFFFFFFFFFFFFFFB4
:20CCA000FFFFFFFFFFFFFFFFFFFFFFFFFFFFFFFFFFFFFFFFFFFFFFFFFFFFFFFFFFFFFFFF94
:20CCC000FFFFFFFFFFFFFFFFFFFFFFFFFFFFFFFFFFFFFFFFFFFFFFFFFFFFFFFFFFFFFFFF74
:20CCE000FFFFFFFFFFFFFFFFFFFFFFFFFFFFFFFFFFFFFFFFFFFFFFFFFFFFFFFFFFFFFFFF54
:20CD0000FFFFFFFFFFFFFFFFFFFFFFFFFFFFFFFFFFFFFFFFFFFFFFFFFFFFFFFFFFFFFFFF33
:20CD2000FFFFFFFFFFFFFFFFFFFFFFFFFFFFFFFFFFFFFFFFFFFFFFFFFFFFFFFFFFFFFFFF13
:20CD4000FFFFFFFFFFFFFFFFFFFFFFFFFFFFFFFFFFFFFFFFFFFFFFFFFFFFFFFFFFFFFFFFF3
:20CD6000FFFFFFFFFFFFFFFFFFFFFFFFFFFFFFFFFFFFFFFFFFFFFFFFFFFFFFFFFFFFFFFFD3
:20CD8000FFFFFFFFFFFFFFFFFFFFFFFFFFFFFFFFFFFFFFFFFFFFFFFFFFFFFFFFFFFFFFFFB3
:20CDA000FFFFFFFFFFFFFFFFFFFFFFFFFFFFFFFFFFFFFFFFFFFFFFFFFFFFFFFFFFFFFFFF93
:20CDC000FFFFFFFFFFFFFFFFFFFFFFFFFFFFFFFFFFFFFFFFFFFFFFFFFFFFFFFFFFFFFFFF73
:20CDE000FFFFFFFFFFFFFFFFFFFFFFFFFFFFFFFFFFFFFFFFFFFFFFFFFFFFFFFFFFFFFFFF53
:20CE0000FFFFFFFFFFFFFFFFFFFFFFFFFFFFFFFFFFFFFFFFFFFFFFFFFFFFFFFFFFFFFFFF32
:20CE2000FFFFFFFFFFFFFFFFFFFFFFFFFFFFFFFFFFFFFFFFFFFFFFFFFFFFFFFFFFFFFFFF12
:20CE4000FFFFFFFFFFFFFFFFFFFFFFFFFFFFFFFFFFFFFFFFFFFFFFFFFFFFFFFFFFFFFFFFF2
:20CE6000FFFFFFFFFFFFFFFFFFFFFFFFFFFFFFFFFFFFFFFFFFFFFFFFFFFFFFFFFFFFFFFFD2
:20CE8000FFFFFFFFFFFFFFFFFFFFFFFFFFFFFFFFFFFFFFFFFFFFFFFFFFFFFFFFFFFFFFFFB2
:20CEA000FFFFFFFFFFFFFFFFFFFFFFFFFFFFFFFFFFFFFFFFFFFFFFFFFFFFFFFFFFFFFFFF92
:20CEC000FFFFFFFFFFFFFFFFFFFFFFFFFFFFFFFFFFFFFFFFFFFFFFFFFFFFFFFFFFFFFFFF72
:20CEE000FFFFFFFFFFFFFFFFFFFFFFFFFFFFFFFFFFFFFFFFFFFFFFFFFFFFFFFFFFFFFFFF52
:20CF0000FFFFFFFFFFFFFFFFFFFFFFFFFFFFFFFFFFFFFFFFFFFFFFFFFFFFFFFFFFFFFFFF31
:20CF2000FFFFFFFFFFFFFFFFFFFFFFFFFFFFFFFFFFFFFFFFFFFFFFFFFFFFFFFFFFFFFFFF11
:20CF4000FFFFFFFFFFFFFFFFFFFFFFFFFFFFFFFFFFFFFFFFFFFFFFFFFFFFFFFFFFFFFFFFF1
:20CF6000FFFFFFFFFFFFFFFFFFFFFFFFFFFFFFFFFFFFFFFFFFFFFFFFFFFFFFFFFFFFFFFFD1
:20CF8000FFFFFFFFFFFFFFFFFFFFFFFFFFFFFFFFFFFFFFFFFFFFFFFFFFFFFFFFFFFFFFFFB1
:20CFA000FFFFFFFFFFFFFFFFFFFFFFFFFFFFFFFFFFFFFFFFFFFFFFFFFFFFFFFFFFFFFFFF91
:20CFC000FFFFFFFFFFFFFFFFFFFFFFFFFFFFFFFFFFFFFFFFFFFFFFFFFFFFFFFFFFFFFFFF71
:20CFE000FFFFFFFFFFFFFFFFFFFFFFFFFFFFFFFFFFFFFFFFFFFFFFFFFFFFFFFFFFFFFFFF51
:20D00000FFFFFFFFFFFFFFFFFFFFFFFFFFFFFFFFFFFFFFFFFFFFFFFFFFFFFFFFFFFFFFFF30
:20D02000FFFFFFFFFFFFFFFFFFFFFFFFFFFFFFFFFFFFFFFFFFFFFFFFFFFFFFFFFFFFFFFF10
:20D04000FFFFFFFFFFFFFFFFFFFFFFFFFFFFFFFFFFFFFFFFFFFFFFFFFFFFFFFFFFFFFFFFF0
:20D06000FFFFFFFFFFFFFFFFFFFFFFFFFFFFFFFFFFFFFFFFFFFFFFFFFFFFFFFFFFFFFFFFD0
:20D08000FFFFFFFFFFFFFFFFFFFFFFFFFFFFFFFFFFFFFFFFFFFFFFFFFFFFFFFFFFFFFFFFB0
:20D0A000FFFFFFFFFFFFFFFFFFFFFFFFFFFFFFFFFFFFFFFFFFFFFFFFFFFFFFFFFFFFFFFF90
:20D0C000FFFFFFFFFFFFFFFFFFFFFFFFFFFFFFFFFFFFFFFFFFFFFFFFFFFFFFFFFFFFFFFF70
:20D0E000FFFFFFFFFFFFFFFFFFFFFFFFFFFFFFFFFFFFFFFFFFFFFFFFFFFFFFFFFFFFFFFF50
:20D10000FFFFFFFFFFFFFFFFFFFFFFFFFFFFFFFFFFFFFFFFFFFFFFFFFFFFFFFFFFFFFFFF2F
:20D12000FFFFFFFFFFFFFFFFFFFFFFFFFFFFFFFFFFFFFFFFFFFFFFFFFFFFFFFFFFFFFFFF0F
:20D14000FFFFFFFFFFFFFFFFFFFFFFFFFFFFFFFFFFFFFFFFFFFFFFFFFFFFFFFFFFFFFFFFEF
:20D16000FFFFFFFFFFFFFFFFFFFFFFFFFFFFFFFFFFFFFFFFFFFFFFFFFFFFFFFFFFFFFFFFCF
:20D18000FFFFFFFFFFFFFFFFFFFFFFFFFFFFFFFFFFFFFFFFFFFFFFFFFFFFFFFFFFFFFFFFAF
:20D1A000FFFFFFFFFFFFFFFFFFFFFFFFFFFFFFFFFFFFFFFFFFFFFFFFFFFFFFFFFFFFFFFF8F
:20D1C000FFFFFFFFFFFFFFFFFFFFFFFFFFFFFFFFFFFFFFFFFFFFFFFFFFFFFFFFFFFFFFFF6F
:20D1E000FFFFFFFFFFFFFFFFFFFFFFFFFFFFFFFFFFFFFFFFFFFFFFFFFFFFFFFFFFFFFFFF4F
:20D20000FFFFFFFFFFFFFFFFFFFFFFFFFFFFFFFFFFFFFFFFFFFFFFFFFFFFFFFFFFFFFFFF2E
:20D22000FFFFFFFFFFFFFFFFFFFFFFFFFFFFFFFFFFFFFFFFFFFFFFFFFFFFFFFFFFFFFFFF0E
:20D24000FFFFFFFFFFFFFFFFFFFFFFFFFFFFFFFFFFFFFFFFFFFFFFFFFFFFFFFFFFFFFFFFEE
:20D26000FFFFFFFFFFFFFFFFFFFFFFFFFFFFFFFFFFFFFFFFFFFFFFFFFFFFFFFFFFFFFFFFCE
:20D28000FFFFFFFFFFFFFFFFFFFFFFFFFFFFFFFFFFFFFFFFFFFFFFFFFFFFFFFFFFFFFFFFAE
:20D2A000FFFFFFFFFFFFFFFFFFFFFFFFFFFFFFFFFFFFFFFFFFFFFFFFFFFFFFFFFFFFFFFF8E
:20D2C000FFFFFFFFFFFFFFFFFFFFFFFFFFFFFFFFFFFFFFFFFFFFFFFFFFFFFFFFFFFFFFFF6E
:20D2E000FFFFFFFFFFFFFFFFFFFFFFFFFFFFFFFFFFFFFFFFFFFFFFFFFFFFFFFFFFFFFFFF4E
:20D30000FFFFFFFFFFFFFFFFFFFFFFFFFFFFFFFFFFFFFFFFFFFFFFFFFFFFFFFFFFFFFFFF2D
:20D32000FFFFFFFFFFFFFFFFFFFFFFFFFFFFFFFFFFFFFFFFFFFFFFFFFFFFFFFFFFFFFFFF0D
:20D34000FFFFFFFFFFFFFFFFFFFFFFFFFFFFFFFFFFFFFFFFFFFFFFFFFFFFFFFFFFFFFFFFED
:20D36000FFFFFFFFFFFFFFFFFFFFFFFFFFFFFFFFFFFFFFFFFFFFFFFFFFFFFFFFFFFFFFFFCD
:20D38000FFFFFFFFFFFFFFFFFFFFFFFFFFFFFFFFFFFFFFFFFFFFFFFFFFFFFFFFFFFFFFFFAD
:20D3A000FFFFFFFFFFFFFFFFFFFFFFFFFFFFFFFFFFFFFFFFFFFFFFFFFFFFFFFFFFFFFFFF8D
:20D3C000FFFFFFFFFFFFFFFFFFFFFFFFFFFFFFFFFFFFFFFFFFFFFFFFFFFFFFFFFFFFFFFF6D
:20D3E000FFFFFFFFFFFFFFFFFFFFFFFFFFFFFFFFFFFFFFFFFFFFFFFFFFFFFFFFFFFFFFFF4D
:20D40000FFFFFFFFFFFFFFFFFFFFFFFFFFFFFFFFFFFFFFFFFFFFFFFFFFFFFFFFFFFFFFFF2C
:20D42000FFFFFFFFFFFFFFFFFFFFFFFFFFFFFFFFFFFFFFFFFFFFFFFFFFFFFFFFFFFFFFFF0C
:20D44000FFFFFFFFFFFFFFFFFFFFFFFFFFFFFFFFFFFFFFFFFFFFFFFFFFFFFFFFFFFFFFFFEC
:20D46000FFFFFFFFFFFFFFFFFFFFFFFFFFFFFFFFFFFFFFFFFFFFFFFFFFFFFFFFFFFFFFFFCC
:20D48000FFFFFFFFFFFFFFFFFFFFFFFFFFFFFFFFFFFFFFFFFFFFFFFFFFFFFFFFFFFFFFFFAC
:20D4A000FFFFFFFFFFFFFFFFFFFFFFFFFFFFFFFFFFFFFFFFFFFFFFFFFFFFFFFFFFFFFFFF8C
:20D4C000FFFFFFFFFFFFFFFFFFFFFFFFFFFFFFFFFFFFFFFFFFFFFFFFFFFFFFFFFFFFFFFF6C
:20D4E000FFFFFFFFFFFFFFFFFFFFFFFFFFFFFFFFFFFFFFFFFFFFFFFFFFFFFFFFFFFFFFFF4C
:20D50000FFFFFFFFFFFFFFFFFFFFFFFFFFFFFFFFFFFFFFFFFFFFFFFFFFFFFFFFFFFFFFFF2B
:20D52000FFFFFFFFFFFFFFFFFFFFFFFFFFFFFFFFFFFFFFFFFFFFFFFFFFFFFFFFFFFFFFFF0B
:20D54000FFFFFFFFFFFFFFFFFFFFFFFFFFFFFFFFFFFFFFFFFFFFFFFFFFFFFFFFFFFFFFFFEB
:20D56000FFFFFFFFFFFFFFFFFFFFFFFFFFFFFFFFFFFFFFFFFFFFFFFFFFFFFFFFFFFFFFFFCB
:20D58000FFFFFFFFFFFFFFFFFFFFFFFFFFFFFFFFFFFFFFFFFFFFFFFFFFFFFFFFFFFFFFFFAB
:20D5A000FFFFFFFFFFFFFFFFFFFFFFFFFFFFFFFFFFFFFFFFFFFFFFFFFFFFFFFFFFFFFFFF8B
:20D5C000FFFFFFFFFFFFFFFFFFFFFFFFFFFFFFFFFFFFFFFFFFFFFFFFFFFFFFFFFFFFFFFF6B
:20D5E000FFFFFFFFFFFFFFFFFFFFFFFFFFFFFFFFFFFFFFFFFFFFFFFFFFFFFFFFFFFFFFFF4B
:20D60000FFFFFFFFFFFFFFFFFFFFFFFFFFFFFFFFFFFFFFFFFFFFFFFFFFFFFFFFFFFFFFFF2A
:20D62000FFFFFFFFFFFFFFFFFFFFFFFFFFFFFFFFFFFFFFFFFFFFFFFFFFFFFFFFFFFFFFFF0A
:20D64000FFFFFFFFFFFFFFFFFFFFFFFFFFFFFFFFFFFFFFFFFFFFFFFFFFFFFFFFFFFFFFFFEA
:20D66000FFFFFFFFFFFFFFFFFFFFFFFFFFFFFFFFFFFFFFFFFFFFFFFFFFFFFFFFFFFFFFFFCA
:20D68000FFFFFFFFFFFFFFFFFFFFFFFFFFFFFFFFFFFFFFFFFFFFFFFFFFFFFFFFFFFFFFFFAA
:20D6A000FFFFFFFFFFFFFFFFFFFFFFFFFFFFFFFFFFFFFFFFFFFFFFFFFFFFFFFFFFFFFFFF8A
:20D6C000FFFFFFFFFFFFFFFFFFFFFFFFFFFFFFFFFFFFFFFFFFFFFFFFFFFFFFFFFFFFFFFF6A
:20D6E000FFFFFFFFFFFFFFFFFFFFFFFFFFFFFFFFFFFFFFFFFFFFFFFFFFFFFFFFFFFFFFFF4A
:20D70000FFFFFFFFFFFFFFFFFFFFFFFFFFFFFFFFFFFFFFFFFFFFFFFFFFFFFFFFFFFFFFFF29
:20D72000FFFFFFFFFFFFFFFFFFFFFFFFFFFFFFFFFFFFFFFFFFFFFFFFFFFFFFFFFFFFFFFF09
:20D74000FFFFFFFFFFFFFFFFFFFFFFFFFFFFFFFFFFFFFFFFFFFFFFFFFFFFFFFFFFFFFFFFE9
:20D76000FFFFFFFFFFFFFFFFFFFFFFFFFFFFFFFFFFFFFFFFFFFFFFFFFFFFFFFFFFFFFFFFC9
:20D78000FFFFFFFFFFFFFFFFFFFFFFFFFFFFFFFFFFFFFFFFFFFFFFFFFFFFFFFFFFFFFFFFA9
:20D7A000FFFFFFFFFFFFFFFFFFFFFFFFFFFFFFFFFFFFFFFFFFFFFFFFFFFFFFFFFFFFFFFF89
:20D7C000FFFFFFFFFFFFFFFFFFFFFFFFFFFFFFFFFFFFFFFFFFFFFFFFFFFFFFFFFFFFFFFF69
:20D7E000FFFFFFFFFFFFFFFFFFFFFFFFFFFFFFFFFFFFFFFFFFFFFFFFFFFFFFFFFFFFFFFF49
:20D80000FFFFFFFFFFFFFFFFFFFFFFFFFFFFFFFFFFFFFFFFFFFFFFFFFFFFFFFFFFFFFFFF28
:20D82000FFFFFFFFFFFFFFFFFFFFFFFFFFFFFFFFFFFFFFFFFFFFFFFFFFFFFFFFFFFFFFFF08
:20D84000FFFFFFFFFFFFFFFFFFFFFFFFFFFFFFFFFFFFFFFFFFFFFFFFFFFFFFFFFFFFFFFFE8
:20D86000FFFFFFFFFFFFFFFFFFFFFFFFFFFFFFFFFFFFFFFFFFFFFFFFFFFFFFFFFFFFFFFFC8
:20D88000FFFFFFFFFFFFFFFFFFFFFFFFFFFFFFFFFFFFFFFFFFFFFFFFFFFFFFFFFFFFFFFFA8
:20D8A000FFFFFFFFFFFFFFFFFFFFFFFFFFFFFFFFFFFFFFFFFFFFFFFFFFFFFFFFFFFFFFFF88
:20D8C000FFFFFFFFFFFFFFFFFFFFFFFFFFFFFFFFFFFFFFFFFFFFFFFFFFFFFFFFFFFFFFFF68
:20D8E000FFFFFFFFFFFFFFFFFFFFFFFFFFFFFFFFFFFFFFFFFFFFFFFFFFFFFFFFFFFFFFFF48
:20D90000FFFFFFFFFFFFFFFFFFFFFFFFFFFFFFFFFFFFFFFFFFFFFFFFFFFFFFFFFFFFFFFF27
:20D92000FFFFFFFFFFFFFFFFFFFFFFFFFFFFFFFFFFFFFFFFFFFFFFFFFFFFFFFFFFFFFFFF07
:20D94000FFFFFFFFFFFFFFFFFFFFFFFFFFFFFFFFFFFFFFFFFFFFFFFFFFFFFFFFFFFFFFFFE7
:20D96000FFFFFFFFFFFFFFFFFFFFFFFFFFFFFFFFFFFFFFFFFFFFFFFFFFFFFFFFFFFFFFFFC7
:20D98000FFFFFFFFFFFFFFFFFFFFFFFFFFFFFFFFFFFFFFFFFFFFFFFFFFFFFFFFFFFFFFFFA7
:20D9A000FFFFFFFFFFFFFFFFFFFFFFFFFFFFFFFFFFFFFFFFFFFFFFFFFFFFFFFFFFFFFFFF87
:20D9C000FFFFFFFFFFFFFFFFFFFFFFFFFFFFFFFFFFFFFFFFFFFFFFFFFFFFFFFFFFFFFFFF67
:20D9E000FFFFFFFFFFFFFFFFFFFFFFFFFFFFFFFFFFFFFFFFFFFFFFFFFFFFFFFFFFFFFFFF47
:20DA0000FFFFFFFFFFFFFFFFFFFFFFFFFFFFFFFFFFFFFFFFFFFFFFFFFFFFFFFFFFFFFFFF26
:20DA2000FFFFFFFFFFFFFFFFFFFFFFFFFFFFFFFFFFFFFFFFFFFFFFFFFFFFFFFFFFFFFFFF06
:20DA4000FFFFFFFFFFFFFFFFFFFFFFFFFFFFFFFFFFFFFFFFFFFFFFFFFFFFFFFFFFFFFFFFE6
:20DA6000FFFFFFFFFFFFFFFFFFFFFFFFFFFFFFFFFFFFFFFFFFFFFFFFFFFFFFFFFFFFFFFFC6
:20DA8000FFFFFFFFFFFFFFFFFFFFFFFFFFFFFFFFFFFFFFFFFFFFFFFFFFFFFFFFFFFFFFFFA6
:20DAA000FFFFFFFFFFFFFFFFFFFFFFFFFFFFFFFFFFFFFFFFFFFFFFFFFFFFFFFFFFFFFFFF86
:20DAC000FFFFFFFFFFFFFFFFFFFFFFFFFFFFFFFFFFFFFFFFFFFFFFFFFFFFFFFFFFFFFFFF66
:20DAE000FFFFFFFFFFFFFFFFFFFFFFFFFFFFFFFFFFFFFFFFFFFFFFFFFFFFFFFFFFFFFFFF46
:20DB0000FFFFFFFFFFFFFFFFFFFFFFFFFFFFFFFFFFFFFFFFFFFFFFFFFFFFFFFFFFFFFFFF25
:20DB2000FFFFFFFFFFFFFFFFFFFFFFFFFFFFFFFFFFFFFFFFFFFFFFFFFFFFFFFFFFFFFFFF05
:20DB4000FFFFFFFFFFFFFFFFFFFFFFFFFFFFFFFFFFFFFFFFFFFFFFFFFFFFFFFFFFFFFFFFE5
:20DB6000FFFFFFFFFFFFFFFFFFFFFFFFFFFFFFFFFFFFFFFFFFFFFFFFFFFFFFFFFFFFFFFFC5
:20DB8000FFFFFFFFFFFFFFFFFFFFFFFFFFFFFFFFFFFFFFFFFFFFFFFFFFFFFFFFFFFFFFFFA5
:20DBA000FFFFFFFFFFFFFFFFFFFFFFFFFFFFFFFFFFFFFFFFFFFFFFFFFFFFFFFFFFFFFFFF85
:20DBC000FFFFFFFFFFFFFFFFFFFFFFFFFFFFFFFFFFFFFFFFFFFFFFFFFFFFFFFFFFFFFFFF65
:20DBE000FFFFFFFFFFFFFFFFFFFFFFFFFFFFFFFFFFFFFFFFFFFFFFFFFFFFFFFFFFFFFFFF45
:20DC0000FFFFFFFFFFFFFFFFFFFFFFFFFFFFFFFFFFFFFFFFFFFFFFFFFFFFFFFFFFFFFFFF24
:20DC2000FFFFFFFFFFFFFFFFFFFFFFFFFFFFFFFFFFFFFFFFFFFFFFFFFFFFFFFFFFFFFFFF04
:20DC4000FFFFFFFFFFFFFFFFFFFFFFFFFFFFFFFFFFFFFFFFFFFFFFFFFFFFFFFFFFFFFFFFE4
:20DC6000FFFFFFFFFFFFFFFFFFFFFFFFFFFFFFFFFFFFFFFFFFFFFFFFFFFFFFFFFFFFFFFFC4
:20DC8000FFFFFFFFFFFFFFFFFFFFFFFFFFFFFFFFFFFFFFFFFFFFFFFFFFFFFFFFFFFFFFFFA4
:20DCA000FFFFFFFFFFFFFFFFFFFFFFFFFFFFFFFFFFFFFFFFFFFFFFFFFFFFFFFFFFFFFFFF84
:20DCC000FFFFFFFFFFFFFFFFFFFFFFFFFFFFFFFFFFFFFFFFFFFFFFFFFFFFFFFFFFFFFFFF64
:20DCE000FFFFFFFFFFFFFFFFFFFFFFFFFFFFFFFFFFFFFFFFFFFFFFFFFFFFFFFFFFFFFFFF44
:20DD0000FFFFFFFFFFFFFFFFFFFFFFFFFFFFFFFFFFFFFFFFFFFFFFFFFFFFFFFFFFFFFFFF23
:20DD2000FFFFFFFFFFFFFFFFFFFFFFFFFFFFFFFFFFFFFFFFFFFFFFFFFFFFFFFFFFFFFFFF03
:20DD4000FFFFFFFFFFFFFFFFFFFFFFFFFFFFFFFFFFFFFFFFFFFFFFFFFFFFFFFFFFFFFFFFE3
:20DD6000FFFFFFFFFFFFFFFFFFFFFFFFFFFFFFFFFFFFFFFFFFFFFFFFFFFFFFFFFFFFFFFFC3
:20DD8000FFFFFFFFFFFFFFFFFFFFFFFFFFFFFFFFFFFFFFFFFFFFFFFFFFFFFFFFFFFFFFFFA3
:20DDA000FFFFFFFFFFFFFFFFFFFFFFFFFFFFFFFFFFFFFFFFFFFFFFFFFFFFFFFFFFFFFFFF83
:20DDC000FFFFFFFFFFFFFFFFFFFFFFFFFFFFFFFFFFFFFFFFFFFFFFFFFFFFFFFFFFFFFFFF63
:20DDE000FFFFFFFFFFFFFFFFFFFFFFFFFFFFFFFFFFFFFFFFFFFFFFFFFFFFFFFFFFFFFFFF43
:20DE0000FFFFFFFFFFFFFFFFFFFFFFFFFFFFFFFFFFFFFFFFFFFFFFFFFFFFFFFFFFFFFFFF22
:20DE2000FFFFFFFFFFFFFFFFFFFFFFFFFFFFFFFFFFFFFFFFFFFFFFFFFFFFFFFFFFFFFFFF02
:20DE4000FFFFFFFFFFFFFFFFFFFFFFFFFFFFFFFFFFFFFFFFFFFFFFFFFFFFFFFFFFFFFFFFE2
:20DE6000FFFFFFFFFFFFFFFFFFFFFFFFFFFFFFFFFFFFFFFFFFFFFFFFFFFFFFFFFFFFFFFFC2
:20DE8000FFFFFFFFFFFFFFFFFFFFFFFFFFFFFFFFFFFFFFFFFFFFFFFFFFFFFFFFFFFFFFFFA2
:20DEA000FFFFFFFFFFFFFFFFFFFFFFFFFFFFFFFFFFFFFFFFFFFFFFFFFFFFFFFFFFFFFFFF82
:20DEC000FFFFFFFFFFFFFFFFFFFFFFFFFFFFFFFFFFFFFFFFFFFFFFFFFFFFFFFFFFFFFFFF62
:20DEE000FFFFFFFFFFFFFFFFFFFFFFFFFFFFFFFFFFFFFFFFFFFFFFFFFFFFFFFFFFFFFFFF42
:20DF0000FFFFFFFFFFFFFFFFFFFFFFFFFFFFFFFFFFFFFFFFFFFFFFFFFFFFFFFFFFFFFFFF21
:20DF2000FFFFFFFFFFFFFFFFFFFFFFFFFFFFFFFFFFFFFFFFFFFFFFFFFFFFFFFFFFFFFFFF01
:20DF4000FFFFFFFFFFFFFFFFFFFFFFFFFFFFFFFFFFFFFFFFFFFFFFFFFFFFFFFFFFFFFFFFE1
:20DF6000FFFFFFFFFFFFFFFFFFFFFFFFFFFFFFFFFFFFFFFFFFFFFFFFFFFFFFFFFFFFFFFFC1
:20DF8000FFFFFFFFFFFFFFFFFFFFFFFFFFFFFFFFFFFFFFFFFFFFFFFFFFFFFFFFFFFFFFFFA1
:20DFA000FFFFFFFFFFFFFFFFFFFFFFFFFFFFFFFFFFFFFFFFFFFFFFFFFFFFFFFFFFFFFFFF81
:20DFC000FFFFFFFFFFFFFFFFFFFFFFFFFFFFFFFFFFFFFFFFFFFFFFFFFFFFFFFFFFFFFFFF61
:20DFE000FFFFFFFFFFFFFFFFFFFFFFFFFFFFFFFFFFFFFFFFFFFFFFFFFFFFFFFFFFFFFFFF41
:20E00000FFFFFFFFFFFFFFFFFFFFFFFFFFFFFFFFFFFFFFFFFFFFFFFFFFFFFFFFFFFFFFFF20
:20E02000FFFFFFFFFFFFFFFFFFFFFFFFFFFFFFFFFFFFFFFFFFFFFFFFFFFFFFFFFFFFFFFF00
:20E04000FFFFFFFFFFFFFFFFFFFFFFFFFFFFFFFFFFFFFFFFFFFFFFFFFFFFFFFFFFFFFFFFE0
:20E06000FFFFFFFFFFFFFFFFFFFFFFFFFFFFFFFFFFFFFFFFFFFFFFFFFFFFFFFFFFFFFFFFC0
:20E08000FFFFFFFFFFFFFFFFFFFFFFFFFFFFFFFFFFFFFFFFFFFFFFFFFFFFFFFFFFFFFFFFA0
:20E0A000FFFFFFFFFFFFFFFFFFFFFFFFFFFFFFFFFFFFFFFFFFFFFFFFFFFFFFFFFFFFFFFF80
:20E0C000FFFFFFFFFFFFFFFFFFFFFFFFFFFFFFFFFFFFFFFFFFFFFFFFFFFFFFFFFFFFFFFF60
:20E0E000FFFFFFFFFFFFFFFFFFFFFFFFFFFFFFFFFFFFFFFFFFFFFFFFFFFFFFFFFFFFFFFF40
:20E10000FFFFFFFFFFFFFFFFFFFFFFFFFFFFFFFFFFFFFFFFFFFFFFFFFFFFFFFFFFFFFFFF1F
:20E12000FFFFFFFFFFFFFFFFFFFFFFFFFFFFFFFFFFFFFFFFFFFFFFFFFFFFFFFFFFFFFFFFFF
:20E14000FFFFFFFFFFFFFFFFFFFFFFFFFFFFFFFFFFFFFFFFFFFFFFFFFFFFFFFFFFFFFFFFDF
:20E16000FFFFFFFFFFFFFFFFFFFFFFFFFFFFFFFFFFFFFFFFFFFFFFFFFFFFFFFFFFFFFFFFBF
:20E18000FFFFFFFFFFFFFFFFFFFFFFFFFFFFFFFFFFFFFFFFFFFFFFFFFFFFFFFFFFFFFFFF9F
:20E1A000FFFFFFFFFFFFFFFFFFFFFFFFFFFFFFFFFFFFFFFFFFFFFFFFFFFFFFFFFFFFFFFF7F
:20E1C000FFFFFFFFFFFFFFFFFFFFFFFFFFFFFFFFFFFFFFFFFFFFFFFFFFFFFFFFFFFFFFFF5F
:20E1E000FFFFFFFFFFFFFFFFFFFFFFFFFFFFFFFFFFFFFFFFFFFFFFFFFFFFFFFFFFFFFFFF3F
:20E20000FFFFFFFFFFFFFFFFFFFFFFFFFFFFFFFFFFFFFFFFFFFFFFFFFFFFFFFFFFFFFFFF1E
:20E22000FFFFFFFFFFFFFFFFFFFFFFFFFFFFFFFFFFFFFFFFFFFFFFFFFFFFFFFFFFFFFFFFFE
:20E24000FFFFFFFFFFFFFFFFFFFFFFFFFFFFFFFFFFFFFFFFFFFFFFFFFFFFFFFFFFFFFFFFDE
:20E26000FFFFFFFFFFFFFFFFFFFFFFFFFFFFFFFFFFFFFFFFFFFFFFFFFFFFFFFFFFFFFFFFBE
:20E28000FFFFFFFFFFFFFFFFFFFFFFFFFFFFFFFFFFFFFFFFFFFFFFFFFFFFFFFFFFFFFFFF9E
:20E2A000FFFFFFFFFFFFFFFFFFFFFFFFFFFFFFFFFFFFFFFFFFFFFFFFFFFFFFFFFFFFFFFF7E
:20E2C000FFFFFFFFFFFFFFFFFFFFFFFFFFFFFFFFFFFFFFFFFFFFFFFFFFFFFFFFFFFFFFFF5E
:20E2E000FFFFFFFFFFFFFFFFFFFFFFFFFFFFFFFFFFFFFFFFFFFFFFFFFFFFFFFFFFFFFFFF3E
:20E30000FFFFFFFFFFFFFFFFFFFFFFFFFFFFFFFFFFFFFFFFFFFFFFFFFFFFFFFFFFFFFFFF1D
:20E32000FFFFFFFFFFFFFFFFFFFFFFFFFFFFFFFFFFFFFFFFFFFFFFFFFFFFFFFFFFFFFFFFFD
:20E34000FFFFFFFFFFFFFFFFFFFFFFFFFFFFFFFFFFFFFFFFFFFFFFFFFFFFFFFFFFFFFFFFDD
:20E36000FFFFFFFFFFFFFFFFFFFFFFFFFFFFFFFFFFFFFFFFFFFFFFFFFFFFFFFFFFFFFFFFBD
:20E38000FFFFFFFFFFFFFFFFFFFFFFFFFFFFFFFFFFFFFFFFFFFFFFFFFFFFFFFFFFFFFFFF9D
:20E3A000FFFFFFFFFFFFFFFFFFFFFFFFFFFFFFFFFFFFFFFFFFFFFFFFFFFFFFFFFFFFFFFF7D
:20E3C000FFFFFFFFFFFFFFFFFFFFFFFFFFFFFFFFFFFFFFFFFFFFFFFFFFFFFFFFFFFFFFFF5D
:20E3E000FFFFFFFFFFFFFFFFFFFFFFFFFFFFFFFFFFFFFFFFFFFFFFFFFFFFFFFFFFFFFFFF3D
:20E40000FFFFFFFFFFFFFFFFFFFFFFFFFFFFFFFFFFFFFFFFFFFFFFFFFFFFFFFFFFFFFFFF1C
:20E42000FFFFFFFFFFFFFFFFFFFFFFFFFFFFFFFFFFFFFFFFFFFFFFFFFFFFFFFFFFFFFFFFFC
:20E44000FFFFFFFFFFFFFFFFFFFFFFFFFFFFFFFFFFFFFFFFFFFFFFFFFFFFFFFFFFFFFFFFDC
:20E46000FFFFFFFFFFFFFFFFFFFFFFFFFFFFFFFFFFFFFFFFFFFFFFFFFFFFFFFFFFFFFFFFBC
:20E48000FFFFFFFFFFFFFFFFFFFFFFFFFFFFFFFFFFFFFFFFFFFFFFFFFFFFFFFFFFFFFFFF9C
:20E4A000FFFFFFFFFFFFFFFFFFFFFFFFFFFFFFFFFFFFFFFFFFFFFFFFFFFFFFFFFFFFFFFF7C
:20E4C000FFFFFFFFFFFFFFFFFFFFFFFFFFFFFFFFFFFFFFFFFFFFFFFFFFFFFFFFFFFFFFFF5C
:20E4E000FFFFFFFFFFFFFFFFFFFFFFFFFFFFFFFFFFFFFFFFFFFFFFFFFFFFFFFFFFFFFFFF3C
:20E50000FFFFFFFFFFFFFFFFFFFFFFFFFFFFFFFFFFFFFFFFFFFFFFFFFFFFFFFFFFFFFFFF1B
:20E52000FFFFFFFFFFFFFFFFFFFFFFFFFFFFFFFFFFFFFFFFFFFFFFFFFFFFFFFFFFFFFFFFFB
:20E54000FFFFFFFFFFFFFFFFFFFFFFFFFFFFFFFFFFFFFFFFFFFFFFFFFFFFFFFFFFFFFFFFDB
:20E56000FFFFFFFFFFFFFFFFFFFFFFFFFFFFFFFFFFFFFFFFFFFFFFFFFFFFFFFFFFFFFFFFBB
:20E58000FFFFFFFFFFFFFFFFFFFFFFFFFFFFFFFFFFFFFFFFFFFFFFFFFFFFFFFFFFFFFFFF9B
:20E5A000FFFFFFFFFFFFFFFFFFFFFFFFFFFFFFFFFFFFFFFFFFFFFFFFFFFFFFFFFFFFFFFF7B
:20E5C000FFFFFFFFFFFFFFFFFFFFFFFFFFFFFFFFFFFFFFFFFFFFFFFFFFFFFFFFFFFFFFFF5B
:20E5E000FFFFFFFFFFFFFFFFFFFFFFFFFFFFFFFFFFFFFFFFFFFFFFFFFFFFFFFFFFFFFFFF3B
:20E60000FFFFFFFFFFFFFFFFFFFFFFFFFFFFFFFFFFFFFFFFFFFFFFFFFFFFFFFFFFFFFFFF1A
:20E62000FFFFFFFFFFFFFFFFFFFFFFFFFFFFFFFFFFFFFFFFFFFFFFFFFFFFFFFFFFFFFFFFFA
:20E64000FFFFFFFFFFFFFFFFFFFFFFFFFFFFFFFFFFFFFFFFFFFFFFFFFFFFFFFFFFFFFFFFDA
:20E66000FFFFFFFFFFFFFFFFFFFFFFFFFFFFFFFFFFFFFFFFFFFFFFFFFFFFFFFFFFFFFFFFBA
:20E68000FFFFFFFFFFFFFFFFFFFFFFFFFFFFFFFFFFFFFFFFFFFFFFFFFFFFFFFFFFFFFFFF9A
:20E6A000FFFFFFFFFFFFFFFFFFFFFFFFFFFFFFFFFFFFFFFFFFFFFFFFFFFFFFFFFFFFFFFF7A
:20E6C000FFFFFFFFFFFFFFFFFFFFFFFFFFFFFFFFFFFFFFFFFFFFFFFFFFFFFFFFFFFFFFFF5A
:20E6E000FFFFFFFFFFFFFFFFFFFFFFFFFFFFFFFFFFFFFFFFFFFFFFFFFFFFFFFFFFFFFFFF3A
:20E70000FFFFFFFFFFFFFFFFFFFFFFFFFFFFFFFFFFFFFFFFFFFFFFFFFFFFFFFFFFFFFFFF19
:20E72000FFFFFFFFFFFFFFFFFFFFFFFFFFFFFFFFFFFFFFFFFFFFFFFFFFFFFFFFFFFFFFFFF9
:20E74000FFFFFFFFFFFFFFFFFFFFFFFFFFFFFFFFFFFFFFFFFFFFFFFFFFFFFFFFFFFFFFFFD9
:20E76000FFFFFFFFFFFFFFFFFFFFFFFFFFFFFFFFFFFFFFFFFFFFFFFFFFFFFFFFFFFFFFFFB9
:20E78000FFFFFFFFFFFFFFFFFFFFFFFFFFFFFFFFFFFFFFFFFFFFFFFFFFFFFFFFFFFFFFFF99
:20E7A000FFFFFFFFFFFFFFFFFFFFFFFFFFFFFFFFFFFFFFFFFFFFFFFFFFFFFFFFFFFFFFFF79
:20E7C000FFFFFFFFFFFFFFFFFFFFFFFFFFFFFFFFFFFFFFFFFFFFFFFFFFFFFFFFFFFFFFFF59
:20E7E000FFFFFFFFFFFFFFFFFFFFFFFFFFFFFFFFFFFFFFFFFFFFFFFFFFFFFFFFFFFFFFFF39
:20E80000FFFFFFFFFFFFFFFFFFFFFFFFFFFFFFFFFFFFFFFFFFFFFFFFFFFFFFFFFFFFFFFF18
:20E82000FFFFFFFFFFFFFFFFFFFFFFFFFFFFFFFFFFFFFFFFFFFFFFFFFFFFFFFFFFFFFFFFF8
:20E84000FFFFFFFFFFFFFFFFFFFFFFFFFFFFFFFFFFFFFFFFFFFFFFFFFFFFFFFFFFFFFFFFD8
:20E86000FFFFFFFFFFFFFFFFFFFFFFFFFFFFFFFFFFFFFFFFFFFFFFFFFFFFFFFFFFFFFFFFB8
:20E88000FFFFFFFFFFFFFFFFFFFFFFFFFFFFFFFFFFFFFFFFFFFFFFFFFFFFFFFFFFFFFFFF98
:20E8A000FFFFFFFFFFFFFFFFFFFFFFFFFFFFFFFFFFFFFFFFFFFFFFFFFFFFFFFFFFFFFFFF78
:20E8C000FFFFFFFFFFFFFFFFFFFFFFFFFFFFFFFFFFFFFFFFFFFFFFFFFFFFFFFFFFFFFFFF58
:20E8E000FFFFFFFFFFFFFFFFFFFFFFFFFFFFFFFFFFFFFFFFFFFFFFFFFFFFFFFFFFFFFFFF38
:20E90000FFFFFFFFFFFFFFFFFFFFFFFFFFFFFFFFFFFFFFFFFFFFFFFFFFFFFFFFFFFFFFFF17
:20E92000FFFFFFFFFFFFFFFFFFFFFFFFFFFFFFFFFFFFFFFFFFFFFFFFFFFFFFFFFFFFFFFFF7
:20E94000FFFFFFFFFFFFFFFFFFFFFFFFFFFFFFFFFFFFFFFFFFFFFFFFFFFFFFFFFFFFFFFFD7
:20E96000FFFFFFFFFFFFFFFFFFFFFFFFFFFFFFFFFFFFFFFFFFFFFFFFFFFFFFFFFFFFFFFFB7
:20E98000FFFFFFFFFFFFFFFFFFFFFFFFFFFFFFFFFFFFFFFFFFFFFFFFFFFFFFFFFFFFFFFF97
:20E9A000FFFFFFFFFFFFFFFFFFFFFFFFFFFFFFFFFFFFFFFFFFFFFFFFFFFFFFFFFFFFFFFF77
:20E9C000FFFFFFFFFFFFFFFFFFFFFFFFFFFFFFFFFFFFFFFFFFFFFFFFFFFFFFFFFFFFFFFF57
:20E9E000FFFFFFFFFFFFFFFFFFFFFFFFFFFFFFFFFFFFFFFFFFFFFFFFFFFFFFFFFFFFFFFF37
:20EA0000FFFFFFFFFFFFFFFFFFFFFFFFFFFFFFFFFFFFFFFFFFFFFFFFFFFFFFFFFFFFFFFF16
:20EA2000FFFFFFFFFFFFFFFFFFFFFFFFFFFFFFFFFFFFFFFFFFFFFFFFFFFFFFFFFFFFFFFFF6
:20EA4000FFFFFFFFFFFFFFFFFFFFFFFFFFFFFFFFFFFFFFFFFFFFFFFFFFFFFFFFFFFFFFFFD6
:20EA6000FFFFFFFFFFFFFFFFFFFFFFFFFFFFFFFFFFFFFFFFFFFFFFFFFFFFFFFFFFFFFFFFB6
:20EA8000FFFFFFFFFFFFFFFFFFFFFFFFFFFFFFFFFFFFFFFFFFFFFFFFFFFFFFFFFFFFFFFF96
:20EAA000FFFFFFFFFFFFFFFFFFFFFFFFFFFFFFFFFFFFFFFFFFFFFFFFFFFFFFFFFFFFFFFF76
:20EAC000FFFFFFFFFFFFFFFFFFFFFFFFFFFFFFFFFFFFFFFFFFFFFFFFFFFFFFFFFFFFFFFF56
:20EAE000FFFFFFFFFFFFFFFFFFFFFFFFFFFFFFFFFFFFFFFFFFFFFFFFFFFFFFFFFFFFFFFF36
:20EB0000FFFFFFFFFFFFFFFFFFFFFFFFFFFFFFFFFFFFFFFFFFFFFFFFFFFFFFFFFFFFFFFF15
:20EB2000FFFFFFFFFFFFFFFFFFFFFFFFFFFFFFFFFFFFFFFFFFFFFFFFFFFFFFFFFFFFFFFFF5
:20EB4000FFFFFFFFFFFFFFFFFFFFFFFFFFFFFFFFFFFFFFFFFFFFFFFFFFFFFFFFFFFFFFFFD5
:20EB6000FFFFFFFFFFFFFFFFFFFFFFFFFFFFFFFFFFFFFFFFFFFFFFFFFFFFFFFFFFFFFFFFB5
:20EB8000FFFFFFFFFFFFFFFFFFFFFFFFFFFFFFFFFFFFFFFFFFFFFFFFFFFFFFFFFFFFFFFF95
:20EBA000FFFFFFFFFFFFFFFFFFFFFFFFFFFFFFFFFFFFFFFFFFFFFFFFFFFFFFFFFFFFFFFF75
:20EBC000FFFFFFFFFFFFFFFFFFFFFFFFFFFFFFFFFFFFFFFFFFFFFFFFFFFFFFFFFFFFFFFF55
:20EBE000FFFFFFFFFFFFFFFFFFFFFFFFFFFFFFFFFFFFFFFFFFFFFFFFFFFFFFFFFFFFFFFF35
:20EC0000FFFFFFFFFFFFFFFFFFFFFFFFFFFFFFFFFFFFFFFFFFFFFFFFFFFFFFFFFFFFFFFF14
:20EC2000FFFFFFFFFFFFFFFFFFFFFFFFFFFFFFFFFFFFFFFFFFFFFFFFFFFFFFFFFFFFFFFFF4
:20EC4000FFFFFFFFFFFFFFFFFFFFFFFFFFFFFFFFFFFFFFFFFFFFFFFFFFFFFFFFFFFFFFFFD4
:20EC6000FFFFFFFFFFFFFFFFFFFFFFFFFFFFFFFFFFFFFFFFFFFFFFFFFFFFFFFFFFFFFFFFB4
:20EC8000FFFFFFFFFFFFFFFFFFFFFFFFFFFFFFFFFFFFFFFFFFFFFFFFFFFFFFFFFFFFFFFF94
:20ECA000FFFFFFFFFFFFFFFFFFFFFFFFFFFFFFFFFFFFFFFFFFFFFFFFFFFFFFFFFFFFFFFF74
:20ECC000FFFFFFFFFFFFFFFFFFFFFFFFFFFFFFFFFFFFFFFFFFFFFFFFFFFFFFFFFFFFFFFF54
:20ECE000FFFFFFFFFFFFFFFFFFFFFFFFFFFFFFFFFFFFFFFFFFFFFFFFFFFFFFFFFFFFFFFF34
:20ED0000FFFFFFFFFFFFFFFFFFFFFFFFFFFFFFFFFFFFFFFFFFFFFFFFFFFFFFFFFFFFFFFF13
:20ED2000FFFFFFFFFFFFFFFFFFFFFFFFFFFFFFFFFFFFFFFFFFFFFFFFFFFFFFFFFFFFFFFFF3
:20ED4000FFFFFFFFFFFFFFFFFFFFFFFFFFFFFFFFFFFFFFFFFFFFFFFFFFFFFFFFFFFFFFFFD3
:20ED6000FFFFFFFFFFFFFFFFFFFFFFFFFFFFFFFFFFFFFFFFFFFFFFFFFFFFFFFFFFFFFFFFB3
:20ED8000FFFFFFFFFFFFFFFFFFFFFFFFFFFFFFFFFFFFFFFFFFFFFFFFFFFFFFFFFFFFFFFF93
:20EDA000FFFFFFFFFFFFFFFFFFFFFFFFFFFFFFFFFFFFFFFFFFFFFFFFFFFFFFFFFFFFFFFF73
:20EDC000FFFFFFFFFFFFFFFFFFFFFFFFFFFFFFFFFFFFFFFFFFFFFFFFFFFFFFFFFFFFFFFF53
:20EDE000FFFFFFFFFFFFFFFFFFFFFFFFFFFFFFFFFFFFFFFFFFFFFFFFFFFFFFFFFFFFFFFF33
:20EE0000FFFFFFFFFFFFFFFFFFFFFFFFFFFFFFFFFFFFFFFFFFFFFFFFFFFFFFFFFFFFFFFF12
:20EE2000FFFFFFFFFFFFFFFFFFFFFFFFFFFFFFFFFFFFFFFFFFFFFFFFFFFFFFFFFFFFFFFFF2
:20EE4000FFFFFFFFFFFFFFFFFFFFFFFFFFFFFFFFFFFFFFFFFFFFFFFFFFFFFFFFFFFFFFFFD2
:20EE6000FFFFFFFFFFFFFFFFFFFFFFFFFFFFFFFFFFFFFFFFFFFFFFFFFFFFFFFFFFFFFFFFB2
:20EE8000FFFFFFFFFFFFFFFFFFFFFFFFFFFFFFFFFFFFFFFFFFFFFFFFFFFFFFFFFFFFFFFF92
:20EEA000FFFFFFFFFFFFFFFFFFFFFFFFFFFFFFFFFFFFFFFFFFFFFFFFFFFFFFFFFFFFFFFF72
:20EEC000FFFFFFFFFFFFFFFFFFFFFFFFFFFFFFFFFFFFFFFFFFFFFFFFFFFFFFFFFFFFFFFF52
:20EEE000FFFFFFFFFFFFFFFFFFFFFFFFFFFFFFFFFFFFFFFFFFFFFFFFFFFFFFFFFFFFFFFF32
:20EF0000FFFFFFFFFFFFFFFFFFFFFFFFFFFFFFFFFFFFFFFFFFFFFFFFFFFFFFFFFFFFFFFF11
:20EF2000FFFFFFFFFFFFFFFFFFFFFFFFFFFFFFFFFFFFFFFFFFFFFFFFFFFFFFFFFFFFFFFFF1
:20EF4000FFFFFFFFFFFFFFFFFFFFFFFFFFFFFFFFFFFFFFFFFFFFFFFFFFFFFFFFFFFFFFFFD1
:20EF6000FFFFFFFFFFFFFFFFFFFFFFFFFFFFFFFFFFFFFFFFFFFFFFFFFFFFFFFFFFFFFFFFB1
:20EF8000FFFFFFFFFFFFFFFFFFFFFFFFFFFFFFFFFFFFFFFFFFFFFFFFFFFFFFFFFFFFFFFF91
:20EFA000FFFFFFFFFFFFFFFFFFFFFFFFFFFFFFFFFFFFFFFFFFFFFFFFFFFFFFFFFFFFFFFF71
:20EFC000FFFFFFFFFFFFFFFFFFFFFFFFFFFFFFFFFFFFFFFFFFFFFFFFFFFFFFFFFFFFFFFF51
:20EFE000FFFFFFFFFFFFFFFFFFFFFFFFFFFFFFFFFFFFFFFFFFFFFFFFFFFFFFFFFFFFFFFF31
:20F00000FFFFFFFFFFFFFFFFFFFFFFFFFFFFFFFFFFFFFFFFFFFFFFFFFFFFFFFFFFFFFFFF10
:20F02000FFFFFFFFFFFFFFFFFFFFFFFFFFFFFFFFFFFFFFFFFFFFFFFFFFFFFFFFFFFFFFFFF0
:20F04000FFFFFFFFFFFFFFFFFFFFFFFFFFFFFFFFFFFFFFFFFFFFFFFFFFFFFFFFFFFFFFFFD0
:20F06000FFFFFFFFFFFFFFFFFFFFFFFFFFFFFFFFFFFFFFFFFFFFFFFFFFFFFFFFFFFFFFFFB0
:20F08000FFFFFFFFFFFFFFFFFFFFFFFFFFFFFFFFFFFFFFFFFFFFFFFFFFFFFFFFFFFFFFFF90
:20F0A000FFFFFFFFFFFFFFFFFFFFFFFFFFFFFFFFFFFFFFFFFFFFFFFFFFFFFFFFFFFFFFFF70
:20F0C000FFFFFFFFFFFFFFFFFFFFFFFFFFFFFFFFFFFFFFFFFFFFFFFFFFFFFFFFFFFFFFFF50
:20F0E000FFFFFFFFFFFFFFFFFFFFFFFFFFFFFFFFFFFFFFFFFFFFFFFFFFFFFFFFFFFFFFFF30
:20F10000FFFFFFFFFFFFFFFFFFFFFFFFFFFFFFFFFFFFFFFFFFFFFFFFFFFFFFFFFFFFFFFF0F
:20F12000FFFFFFFFFFFFFFFFFFFFFFFFFFFFFFFFFFFFFFFFFFFFFFFFFFFFFFFFFFFFFFFFEF
:20F14000FFFFFFFFFFFFFFFFFFFFFFFFFFFFFFFFFFFFFFFFFFFFFFFFFFFFFFFFFFFFFFFFCF
:20F16000FFFFFFFFFFFFFFFFFFFFFFFFFFFFFFFFFFFFFFFFFFFFFFFFFFFFFFFFFFFFFFFFAF
:20F18000FFFFFFFFFFFFFFFFFFFFFFFFFFFFFFFFFFFFFFFFFFFFFFFFFFFFFFFFFFFFFFFF8F
:20F1A000FFFFFFFFFFFFFFFFFFFFFFFFFFFFFFFFFFFFFFFFFFFFFFFFFFFFFFFFFFFFFFFF6F
:20F1C000FFFFFFFFFFFFFFFFFFFFFFFFFFFFFFFFFFFFFFFFFFFFFFFFFFFFFFFFFFFFFFFF4F
:20F1E000FFFFFFFFFFFFFFFFFFFFFFFFFFFFFFFFFFFFFFFFFFFFFFFFFFFFFFFFFFFFFFFF2F
:20F20000FFFFFFFFFFFFFFFFFFFFFFFFFFFFFFFFFFFFFFFFFFFFFFFFFFFFFFFFFFFFFFFF0E
:20F22000FFFFFFFFFFFFFFFFFFFFFFFFFFFFFFFFFFFFFFFFFFFFFFFFFFFFFFFFFFFFFFFFEE
:20F24000FFFFFFFFFFFFFFFFFFFFFFFFFFFFFFFFFFFFFFFFFFFFFFFFFFFFFFFFFFFFFFFFCE
:20F26000FFFFFFFFFFFFFFFFFFFFFFFFFFFFFFFFFFFFFFFFFFFFFFFFFFFFFFFFFFFFFFFFAE
:20F28000FFFFFFFFFFFFFFFFFFFFFFFFFFFFFFFFFFFFFFFFFFFFFFFFFFFFFFFFFFFFFFFF8E
:20F2A000FFFFFFFFFFFFFFFFFFFFFFFFFFFFFFFFFFFFFFFFFFFFFFFFFFFFFFFFFFFFFFFF6E
:20F2C000FFFFFFFFFFFFFFFFFFFFFFFFFFFFFFFFFFFFFFFFFFFFFFFFFFFFFFFFFFFFFFFF4E
:20F2E000FFFFFFFFFFFFFFFFFFFFFFFFFFFFFFFFFFFFFFFFFFFFFFFFFFFFFFFFFFFFFFFF2E
:20F30000FFFFFFFFFFFFFFFFFFFFFFFFFFFFFFFFFFFFFFFFFFFFFFFFFFFFFFFFFFFFFFFF0D
:20F32000FFFFFFFFFFFFFFFFFFFFFFFFFFFFFFFFFFFFFFFFFFFFFFFFFFFFFFFFFFFFFFFFED
:20F34000FFFFFFFFFFFFFFFFFFFFFFFFFFFFFFFFFFFFFFFFFFFFFFFFFFFFFFFFFFFFFFFFCD
:20F36000FFFFFFFFFFFFFFFFFFFFFFFFFFFFFFFFFFFFFFFFFFFFFFFFFFFFFFFFFFFFFFFFAD
:20F38000FFFFFFFFFFFFFFFFFFFFFFFFFFFFFFFFFFFFFFFFFFFFFFFFFFFFFFFFFFFFFFFF8D
:20F3A000FFFFFFFFFFFFFFFFFFFFFFFFFFFFFFFFFFFFFFFFFFFFFFFFFFFFFFFFFFFFFFFF6D
:20F3C000FFFFFFFFFFFFFFFFFFFFFFFFFFFFFFFFFFFFFFFFFFFFFFFFFFFFFFFFFFFFFFFF4D
:20F3E000FFFFFFFFFFFFFFFFFFFFFFFFFFFFFFFFFFFFFFFFFFFFFFFFFFFFFFFFFFFFFFFF2D
:20F40000FFFFFFFFFFFFFFFFFFFFFFFFFFFFFFFFFFFFFFFFFFFFFFFFFFFFFFFFFFFFFFFF0C
:20F42000FFFFFFFFFFFFFFFFFFFFFFFFFFFFFFFFFFFFFFFFFFFFFFFFFFFFFFFFFFFFFFFFEC
:20F44000FFFFFFFFFFFFFFFFFFFFFFFFFFFFFFFFFFFFFFFFFFFFFFFFFFFFFFFFFFFFFFFFCC
:20F46000FFFFFFFFFFFFFFFFFFFFFFFFFFFFFFFFFFFFFFFFFFFFFFFFFFFFFFFFFFFFFFFFAC
:20F48000FFFFFFFFFFFFFFFFFFFFFFFFFFFFFFFFFFFFFFFFFFFFFFFFFFFFFFFFFFFFFFFF8C
:20F4A000FFFFFFFFFFFFFFFFFFFFFFFFFFFFFFFFFFFFFFFFFFFFFFFFFFFFFFFFFFFFFFFF6C
:20F4C000FFFFFFFFFFFFFFFFFFFFFFFFFFFFFFFFFFFFFFFFFFFFFFFFFFFFFFFFFFFFFFFF4C
:20F4E000FFFFFFFFFFFFFFFFFFFFFFFFFFFFFFFFFFFFFFFFFFFFFFFFFFFFFFFFFFFFFFFF2C
:20F50000FFFFFFFFFFFFFFFFFFFFFFFFFFFFFFFFFFFFFFFFFFFFFFFFFFFFFFFFFFFFFFFF0B
:20F52000FFFFFFFFFFFFFFFFFFFFFFFFFFFFFFFFFFFFFFFFFFFFFFFFFFFFFFFFFFFFFFFFEB
:20F54000FFFFFFFFFFFFFFFFFFFFFFFFFFFFFFFFFFFFFFFFFFFFFFFFFFFFFFFFFFFFFFFFCB
:20F56000FFFFFFFFFFFFFFFFFFFFFFFFFFFFFFFFFFFFFFFFFFFFFFFFFFFFFFFFFFFFFFFFAB
:20F58000FFFFFFFFFFFFFFFFFFFFFFFFFFFFFFFFFFFFFFFFFFFFFFFFFFFFFFFFFFFFFFFF8B
:20F5A000FFFFFFFFFFFFFFFFFFFFFFFFFFFFFFFFFFFFFFFFFFFFFFFFFFFFFFFFFFFFFFFF6B
:20F5C000FFFFFFFFFFFFFFFFFFFFFFFFFFFFFFFFFFFFFFFFFFFFFFFFFFFFFFFFFFFFFFFF4B
:20F5E000FFFFFFFFFFFFFFFFFFFFFFFFFFFFFFFFFFFFFFFFFFFFFFFFFFFFFFFFFFFFFFFF2B
:20F60000FFFFFFFFFFFFFFFFFFFFFFFFFFFFFFFFFFFFFFFFFFFFFFFFFFFFFFFFFFFFFFFF0A
:20F62000FFFFFFFFFFFFFFFFFFFFFFFFFFFFFFFFFFFFFFFFFFFFFFFFFFFFFFFFFFFFFFFFEA
:20F64000FFFFFFFFFFFFFFFFFFFFFFFFFFFFFFFFFFFFFFFFFFFFFFFFFFFFFFFFFFFFFFFFCA
:20F66000FFFFFFFFFFFFFFFFFFFFFFFFFFFFFFFFFFFFFFFFFFFFFFFFFFFFFFFFFFFFFFFFAA
:20F68000FFFFFFFFFFFFFFFFFFFFFFFFFFFFFFFFFFFFFFFFFFFFFFFFFFFFFFFFFFFFFFFF8A
:20F6A000FFFFFFFFFFFFFFFFFFFFFFFFFFFFFFFFFFFFFFFFFFFFFFFFFFFFFFFFFFFFFFFF6A
:20F6C000FFFFFFFFFFFFFFFFFFFFFFFFFFFFFFFFFFFFFFFFFFFFFFFFFFFFFFFFFFFFFFFF4A
:20F6E000FFFFFFFFFFFFFFFFFFFFFFFFFFFFFFFFFFFFFFFFFFFFFFFFFFFFFFFFFFFFFFFF2A
:20F70000FFFFFFFFFFFFFFFFFFFFFFFFFFFFFFFFFFFFFFFFFFFFFFFFFFFFFFFFFFFFFFFF09
:20F72000FFFFFFFFFFFFFFFFFFFFFFFFFFFFFFFFFFFFFFFFFFFFFFFFFFFFFFFFFFFFFFFFE9
:20F74000FFFFFFFFFFFFFFFFFFFFFFFFFFFFFFFFFFFFFFFFFFFFFFFFFFFFFFFFFFFFFFFFC9
:20F76000FFFFFFFFFFFFFFFFFFFFFFFFFFFFFFFFFFFFFFFFFFFFFFFFFFFFFFFFFFFFFFFFA9
:20F78000FFFFFFFFFFFFFFFFFFFFFFFFFFFFFFFFFFFFFFFFFFFFFFFFFFFFFFFFFFFFFFFF89
:20F7A000FFFFFFFFFFFFFFFFFFFFFFFFFFFFFFFFFFFFFFFFFFFFFFFFFFFFFFFFFFFFFFFF69
:20F7C000FFFFFFFFFFFFFFFFFFFFFFFFFFFFFFFFFFFFFFFFFFFFFFFFFFFFFFFFFFFFFFFF49
:20F7E000FFFFFFFFFFFFFFFFFFFFFFFFFFFFFFFFFFFFFFFFFFFFFFFFFFFFFFFFFFFFFFFF29
:20F80000FFFFFFFFFFFFFFFFFFFFFFFFFFFFFFFFFFFFFFFFFFFFFFFFFFFFFFFFFFFFFFFF08
:20F82000FFFFFFFFFFFFFFFFFFFFFFFFFFFFFFFFFFFFFFFFFFFFFFFFFFFFFFFFFFFFFFFFE8
:20F84000FFFFFFFFFFFFFFFFFFFFFFFFFFFFFFFFFFFFFFFFFFFFFFFFFFFFFFFFFFFFFFFFC8
:20F86000FFFFFFFFFFFFFFFFFFFFFFFFFFFFFFFFFFFFFFFFFFFFFFFFFFFFFFFFFFFFFFFFA8
:20F88000FFFFFFFFFFFFFFFFFFFFFFFFFFFFFFFFFFFFFFFFFFFFFFFFFFFFFFFFFFFFFFFF88
:20F8A000FFFFFFFFFFFFFFFFFFFFFFFFFFFFFFFFFFFFFFFFFFFFFFFFFFFFFFFFFFFFFFFF68
:20F8C000FFFFFFFFFFFFFFFFFFFFFFFFFFFFFFFFFFFFFFFFFFFFFFFFFFFFFFFFFFFFFFFF48
:20F8E000FFFFFFFFFFFFFFFFFFFFFFFFFFFFFFFFFFFFFFFFFFFFFFFFFFFFFFFFFFFFFFFF28
:20F90000FFFFFFFFFFFFFFFFFFFFFFFFFFFFFFFFFFFFFFFFFFFFFFFFFFFFFFFFFFFFFFFF07
:20F92000FFFFFFFFFFFFFFFFFFFFFFFFFFFFFFFFFFFFFFFFFFFFFFFFFFFFFFFFFFFFFFFFE7
:20F94000FFFFFFFFFFFFFFFFFFFFFFFFFFFFFFFFFFFFFFFFFFFFFFFFFFFFFFFFFFFFFFFFC7
:20F96000FFFFFFFFFFFFFFFFFFFFFFFFFFFFFFFFFFFFFFFFFFFFFFFFFFFFFFFFFFFFFFFFA7
:20F98000FFFFFFFFFFFFFFFFFFFFFFFFFFFFFFFFFFFFFFFFFFFFFFFFFFFFFFFFFFFFFFFF87
:20F9A000FFFFFFFFFFFFFFFFFFFFFFFFFFFFFFFFFFFFFFFFFFFFFFFFFFFFFFFFFFFFFFFF67
:20F9C000FFFFFFFFFFFFFFFFFFFFFFFFFFFFFFFFFFFFFFFFFFFFFFFFFFFFFFFFFFFFFFFF47
:20F9E000FFFFFFFFFFFFFFFFFFFFFFFFFFFFFFFFFFFFFFFFFFFFFFFFFFFFFFFFFFFFFFFF27
:20FA0000FFFFFFFFFFFFFFFFFFFFFFFFFFFFFFFFFFFFFFFFFFFFFFFFFFFFFFFFFFFFFFFF06
:20FA2000FFFFFFFFFFFFFFFFFFFFFFFFFFFFFFFFFFFFFFFFFFFFFFFFFFFFFFFFFFFFFFFFE6
:20FA4000FFFFFFFFFFFFFFFFFFFFFFFFFFFFFFFFFFFFFFFFFFFFFFFFFFFFFFFFFFFFFFFFC6
:20FA6000FFFFFFFFFFFFFFFFFFFFFFFFFFFFFFFFFFFFFFFFFFFFFFFFFFFFFFFFFFFFFFFFA6
:20FA8000FFFFFFFFFFFFFFFFFFFFFFFFFFFFFFFFFFFFFFFFFFFFFFFFFFFFFFFFFFFFFFFF86
:20FAA000FFFFFFFFFFFFFFFFFFFFFFFFFFFFFFFFFFFFFFFFFFFFFFFFFFFFFFFFFFFFFFFF66
:20FAC000FFFFFFFFFFFFFFFFFFFFFFFFFFFFFFFFFFFFFFFFFFFFFFFFFFFFFFFFFFFFFFFF46
:20FAE000FFFFFFFFFFFFFFFFFFFFFFFFFFFFFFFFFFFFFFFFFFFFFFFFFFFFFFFFFFFFFFFF26
:20FB0000FFFFFFFFFFFFFFFFFFFFFFFFFFFFFFFFFFFFFFFFFFFFFFFFFFFFFFFFFFFFFFFF05
:20FB2000FFFFFFFFFFFFFFFFFFFFFFFFFFFFFFFFFFFFFFFFFFFFFFFFFFFFFFFFFFFFFFFFE5
:20FB4000FFFFFFFFFFFFFFFFFFFFFFFFFFFFFFFFFFFFFFFFFFFFFFFFFFFFFFFFFFFFFFFFC5
:20FB6000FFFFFFFFFFFFFFFFFFFFFFFFFFFFFFFFFFFFFFFFFFFFFFFFFFFFFFFFFFFFFFFFA5
:20FB8000FFFFFFFFFFFFFFFFFFFFFFFFFFFFFFFFFFFFFFFFFFFFFFFFFFFFFFFFFFFFFFFF85
:20FBA000FFFFFFFFFFFFFFFFFFFFFFFFFFFFFFFFFFFFFFFFFFFFFFFFFFFFFFFFFFFFFFFF65
:20FBC000FFFFFFFFFFFFFFFFFFFFFFFFFFFFFFFFFFFFFFFFFFFFFFFFFFFFFFFFFFFFFFFF45
:20FBE000FFFFFFFFFFFFFFFFFFFFFFFFFFFFFFFFFFFFFFFFFFFFFFFFFFFFFFFFFFFFFFFF25
:20FC0000FFFFFFFFFFFFFFFFFFFFFFFFFFFFFFFFFFFFFFFFFFFFFFFFFFFFFFFFFFFFFFFF04
:20FC2000FFFFFFFFFFFFFFFFFFFFFFFFFFFFFFFFFFFFFFFFFFFFFFFFFFFFFFFFFFFFFFFFE4
:20FC4000FFFFFFFFFFFFFFFFFFFFFFFFFFFFFFFFFFFFFFFFFFFFFFFFFFFFFFFFFFFFFFFFC4
:20FC6000FFFFFFFFFFFFFFFFFFFFFFFFFFFFFFFFFFFFFFFFFFFFFFFFFFFFFFFFFFFFFFFFA4
:20FC8000FFFFFFFFFFFFFFFFFFFFFFFFFFFFFFFFFFFFFFFFFFFFFFFFFFFFFFFFFFFFFFFF84
:20FCA000FFFFFFFFFFFFFFFFFFFFFFFFFFFFFFFFFFFFFFFFFFFFFFFFFFFFFFFFFFFFFFFF64
:20FCC000FFFFFFFFFFFFFFFFFFFFFFFFFFFFFFFFFFFFFFFFFFFFFFFFFFFFFFFFFFFFFFFF44
:20FCE000FFFFFFFFFFFFFFFFFFFFFFFFFFFFFFFFFFFFFFFFFFFFFFFFFFFFFFFFFFFFFFFF24
:20FD0000FFFFFFFFFFFFFFFFFFFFFFFFFFFFFFFFFFFFFFFFFFFFFFFFFFFFFFFFFFFFFFFF03
:20FD2000FFFFFFFFFFFFFFFFFFFFFFFFFFFFFFFFFFFFFFFFFFFFFFFFFFFFFFFFFFFFFFFFE3
:20FD4000FFFFFFFFFFFFFFFFFFFFFFFFFFFFFFFFFFFFFFFFFFFFFFFFFFFFFFFFFFFFFFFFC3
:20FD6000FFFFFFFFFFFFFFFFFFFFFFFFFFFFFFFFFFFFFFFFFFFFFFFFFFFFFFFFFFFFFFFFA3
:20FD8000FFFFFFFFFFFFFFFFFFFFFFFFFFFFFFFFFFFFFFFFFFFFFFFFFFFFFFFFFFFFFFFF83
:20FDA000FFFFFFFFFFFFFFFFFFFFFFFFFFFFFFFFFFFFFFFFFFFFFFFFFFFFFFFFFFFFFFFF63
:20FDC000FFFFFFFFFFFFFFFFFFFFFFFFFFFFFFFFFFFFFFFFFFFFFFFFFFFFFFFFFFFFFFFF43
:20FDE000FFFFFFFFFFFFFFFFFFFFFFFFFFFFFFFFFFFFFFFFFFFFFFFFFFFFFFFFFFFFFFFF23
:20FE0000FFFFFFFFFFFFFFFFFFFFFFFFFFFFFFFFFFFFFFFFFFFFFFFFFFFFFFFFFFFFFFFF02
:20FE2000FFFFFFFFFFFFFFFFFFFFFFFFFFFFFFFFFFFFFFFFFFFFFFFFFFFFFFFFFFFFFFFFE2
:20FE4000FFFFFFFFFFFFFFFFFFFFFFFFFFFFFFFFFFFFFFFFFFFFFFFFFFFFFFFFFFFFFFFFC2
:20FE6000FFFFFFFFFFFFFFFFFFFFFFFFFFFFFFFFFFFFFFFFFFFFFFFFFFFFFFFFFFFFFFFFA2
:20FE8000FFFFFFFFFFFFFFFFFFFFFFFFFFFFFFFFFFFFFFFFFFFFFFFFFFFFFFFFFFFFFFFF82
:20FEA000FFFFFFFFFFFFFFFFFFFFFFFFFFFFFFFFFFFFFFFFFFFFFFFFFFFFFFFFFFFFFFFF62
:20FEC000FFFFFFFFFFFFFFFFFFFFFFFFFFFFFFFFFFFFFFFFFFFFFFFFFFFFFFFFFFFFFFFF42
:20FEE000FFFFFFFFFFFFFFFFFFFFFFFFFFFFFFFFFFFFFFFFFFFFFFFFFFFFFFFFFFFFFFFF22
:20FF0000FFFFFFFFFFFFFFFFFFFFFFFFFFFFFFFFFFFFFFFFFFFFFFFFFFFFFFFFFFFFFFFF01
:20FF2000FFFFFFFFFFFFFFFFFFFFFFFFFFFFFFFFFFFFFFFFFFFFFFFFFFFFFFFFFFFFFFFFE1
:20FF4000FFFFFFFFFFFFFFFFFFFFFFFFFFFFFFFFFFFFFFFFFFFFFFFFFFFFFFFFFFFFFFFFC1
:20FF6000FFFFFFFFFFFFFFFFFFFFFFFFFFFFFFFFFFFFFFFFFFFFFFFFFFFFFFFFFFFFFFFFA1
:20FF8000FFFFFFFFFFFFFFFFFFFFFFFFFFFFFFFFFFFFFFFFFFFFFFFFFFFFFFFFFFFFFFFF81
:20FFA000FFFFFFFFFFFFFFFFFFFFFFFFFFFFFFFFFFFFFFFFFFFFFFFFFFFFFFFFFFFFFFFF61
:20FFC000FFFFFFFFFFFFFFFFFFFFFFFFFFFFFFFFFFFFFFFFFFFFFFFFFFFFFFFFFFFFFFFF41
:20FFE000FFFFFFFFFFFFFFFFFFFFFFFFFFFFFFFFFFFFFFFFFFFFFFFFFFFFFFFFFFFFFFFF21
:020000040002F8
:20000000FFFFFFFFFFFFFFFFFFFFFFFFFFFFFFFFFFFFFFFFFFFFFFFFFFFFFFFFFFFFFFFF00
:20002000FFFFFFFFFFFFFFFFFFFFFFFFFFFFFFFFFFFFFFFFFFFFFFFFFFFFFFFFFFFFFFFFE0
:20004000FFFFFFFFFFFFFFFFFFFFFFFFFFFFFFFFFFFFFFFFFFFFFFFFFFFFFFFFFFFFFFFFC0
:20006000FFFFFFFFFFFFFFFFFFFFFFFFFFFFFFFFFFFFFFFFFFFFFFFFFFFFFFFFFFFFFFFFA0
:20008000FFFFFFFFFFFFFFFFFFFFFFFFFFFFFFFFFFFFFFFFFFFFFFFFFFFFFFFFFFFFFFFF80
:2000A000FFFFFFFFFFFFFFFFFFFFFFFFFFFFFFFFFFFFFFFFFFFFFFFFFFFFFFFFFFFFFFFF60
:2000C000FFFFFFFFFFFFFFFFFFFFFFFFFFFFFFFFFFFFFFFFFFFFFFFFFFFFFFFFFFFFFFFF40
:2000E000FFFFFFFFFFFFFFFFFFFFFFFFFFFFFFFFFFFFFFFFFFFFFFFFFFFFFFFFFFFFFFFF20
:20010000FFFFFFFFFFFFFFFFFFFFFFFFFFFFFFFFFFFFFFFFFFFFFFFFFFFFFFFFFFFFFFFFFF
:20012000FFFFFFFFFFFFFFFFFFFFFFFFFFFFFFFFFFFFFFFFFFFFFFFFFFFFFFFFFFFFFFFFDF
:20014000FFFFFFFFFFFFFFFFFFFFFFFFFFFFFFFFFFFFFFFFFFFFFFFFFFFFFFFFFFFFFFFFBF
:20016000FFFFFFFFFFFFFFFFFFFFFFFFFFFFFFFFFFFFFFFFFFFFFFFFFFFFFFFFFFFFFFFF9F
:20018000FFFFFFFFFFFFFFFFFFFFFFFFFFFFFFFFFFFFFFFFFFFFFFFFFFFFFFFFFFFFFFFF7F
:2001A000FFFFFFFFFFFFFFFFFFFFFFFFFFFFFFFFFFFFFFFFFFFFFFFFFFFFFFFFFFFFFFFF5F
:2001C000FFFFFFFFFFFFFFFFFFFFFFFFFFFFFFFFFFFFFFFFFFFFFFFFFFFFFFFFFFFFFFFF3F
:2001E000FFFFFFFFFFFFFFFFFFFFFFFFFFFFFFFFFFFFFFFFFFFFFFFFFFFFFFFFFFFFFFFF1F
:20020000FFFFFFFFFFFFFFFFFFFFFFFFFFFFFFFFFFFFFFFFFFFFFFFFFFFFFFFFFFFFFFFFFE
:20022000FFFFFFFFFFFFFFFFFFFFFFFFFFFFFFFFFFFFFFFFFFFFFFFFFFFFFFFFFFFFFFFFDE
:20024000FFFFFFFFFFFFFFFFFFFFFFFFFFFFFFFFFFFFFFFFFFFFFFFFFFFFFFFFFFFFFFFFBE
:20026000FFFFFFFFFFFFFFFFFFFFFFFFFFFFFFFFFFFFFFFFFFFFFFFFFFFFFFFFFFFFFFFF9E
:20028000FFFFFFFFFFFFFFFFFFFFFFFFFFFFFFFFFFFFFFFFFFFFFFFFFFFFFFFFFFFFFFFF7E
:2002A000FFFFFFFFFFFFFFFFFFFFFFFFFFFFFFFFFFFFFFFFFFFFFFFFFFFFFFFFFFFFFFFF5E
:2002C000FFFFFFFFFFFFFFFFFFFFFFFFFFFFFFFFFFFFFFFFFFFFFFFFFFFFFFFFFFFFFFFF3E
:2002E000FFFFFFFFFFFFFFFFFFFFFFFFFFFFFFFFFFFFFFFFFFFFFFFFFFFFFFFFFFFFFFFF1E
:20030000FFFFFFFFFFFFFFFFFFFFFFFFFFFFFFFFFFFFFFFFFFFFFFFFFFFFFFFFFFFFFFFFFD
:20032000FFFFFFFFFFFFFFFFFFFFFFFFFFFFFFFFFFFFFFFFFFFFFFFFFFFFFFFFFFFFFFFFDD
:20034000FFFFFFFFFFFFFFFFFFFFFFFFFFFFFFFFFFFFFFFFFFFFFFFFFFFFFFFFFFFFFFFFBD
:20036000FFFFFFFFFFFFFFFFFFFFFFFFFFFFFFFFFFFFFFFFFFFFFFFFFFFFFFFFFFFFFFFF9D
:20038000FFFFFFFFFFFFFFFFFFFFFFFFFFFFFFFFFFFFFFFFFFFFFFFFFFFFFFFFFFFFFFFF7D
:2003A000FFFFFFFFFFFFFFFFFFFFFFFFFFFFFFFFFFFFFFFFFFFFFFFFFFFFFFFFFFFFFFFF5D
:2003C000FFFFFFFFFFFFFFFFFFFFFFFFFFFFFFFFFFFFFFFFFFFFFFFFFFFFFFFFFFFFFFFF3D
:2003E000FFFFFFFFFFFFFFFFFFFFFFFFFFFFFFFFFFFFFFFFFFFFFFFFFFFFFFFFFFFFFFFF1D
:20040000FFFFFFFFFFFFFFFFFFFFFFFFFFFFFFFFFFFFFFFFFFFFFFFFFFFFFFFFFFFFFFFFFC
:20042000FFFFFFFFFFFFFFFFFFFFFFFFFFFFFFFFFFFFFFFFFFFFFFFFFFFFFFFFFFFFFFFFDC
:20044000FFFFFFFFFFFFFFFFFFFFFFFFFFFFFFFFFFFFFFFFFFFFFFFFFFFFFFFFFFFFFFFFBC
:20046000FFFFFFFFFFFFFFFFFFFFFFFFFFFFFFFFFFFFFFFFFFFFFFFFFFFFFFFFFFFFFFFF9C
:20048000FFFFFFFFFFFFFFFFFFFFFFFFFFFFFFFFFFFFFFFFFFFFFFFFFFFFFFFFFFFFFFFF7C
:2004A000FFFFFFFFFFFFFFFFFFFFFFFFFFFFFFFFFFFFFFFFFFFFFFFFFFFFFFFFFFFFFFFF5C
:2004C000FFFFFFFFFFFFFFFFFFFFFFFFFFFFFFFFFFFFFFFFFFFFFFFFFFFFFFFFFFFFFFFF3C
:2004E000FFFFFFFFFFFFFFFFFFFFFFFFFFFFFFFFFFFFFFFFFFFFFFFFFFFFFFFFFFFFFFFF1C
:20050000FFFFFFFFFFFFFFFFFFFFFFFFFFFFFFFFFFFFFFFFFFFFFFFFFFFFFFFFFFFFFFFFFB
:20052000FFFFFFFFFFFFFFFFFFFFFFFFFFFFFFFFFFFFFFFFFFFFFFFFFFFFFFFFFFFFFFFFDB
:20054000FFFFFFFFFFFFFFFFFFFFFFFFFFFFFFFFFFFFFFFFFFFFFFFFFFFFFFFFFFFFFFFFBB
:20056000FFFFFFFFFFFFFFFFFFFFFFFFFFFFFFFFFFFFFFFFFFFFFFFFFFFFFFFFFFFFFFFF9B
:20058000FFFFFFFFFFFFFFFFFFFFFFFFFFFFFFFFFFFFFFFFFFFFFFFFFFFFFFFFFFFFFFFF7B
:2005A000FFFFFFFFFFFFFFFFFFFFFFFFFFFFFFFFFFFFFFFFFFFFFFFFFFFFFFFFFFFFFFFF5B
:2005C000FFFFFFFFFFFFFFFFFFFFFFFFFFFFFFFFFFFFFFFFFFFFFFFFFFFFFFFFFFFFFFFF3B
:2005E000FFFFFFFFFFFFFFFFFFFFFFFFFFFFFFFFFFFFFFFFFFFFFFFFFFFFFFFFFFFFFFFF1B
:20060000FFFFFFFFFFFFFFFFFFFFFFFFFFFFFFFFFFFFFFFFFFFFFFFFFFFFFFFFFFFFFFFFFA
:20062000FFFFFFFFFFFFFFFFFFFFFFFFFFFFFFFFFFFFFFFFFFFFFFFFFFFFFFFFFFFFFFFFDA
:20064000FFFFFFFFFFFFFFFFFFFFFFFFFFFFFFFFFFFFFFFFFFFFFFFFFFFFFFFFFFFFFFFFBA
:20066000FFFFFFFFFFFFFFFFFFFFFFFFFFFFFFFFFFFFFFFFFFFFFFFFFFFFFFFFFFFFFFFF9A
:20068000FFFFFFFFFFFFFFFFFFFFFFFFFFFFFFFFFFFFFFFFFFFFFFFFFFFFFFFFFFFFFFFF7A
:2006A000FFFFFFFFFFFFFFFFFFFFFFFFFFFFFFFFFFFFFFFFFFFFFFFFFFFFFFFFFFFFFFFF5A
:2006C000FFFFFFFFFFFFFFFFFFFFFFFFFFFFFFFFFFFFFFFFFFFFFFFFFFFFFFFFFFFFFFFF3A
:2006E000FFFFFFFFFFFFFFFFFFFFFFFFFFFFFFFFFFFFFFFFFFFFFFFFFFFFFFFFFFFFFFFF1A
:20070000FFFFFFFFFFFFFFFFFFFFFFFFFFFFFFFFFFFFFFFFFFFFFFFFFFFFFFFFFFFFFFFFF9
:20072000FFFFFFFFFFFFFFFFFFFFFFFFFFFFFFFFFFFFFFFFFFFFFFFFFFFFFFFFFFFFFFFFD9
:20074000FFFFFFFFFFFFFFFFFFFFFFFFFFFFFFFFFFFFFFFFFFFFFFFFFFFFFFFFFFFFFFFFB9
:20076000FFFFFFFFFFFFFFFFFFFFFFFFFFFFFFFFFFFFFFFFFFFFFFFFFFFFFFFFFFFFFFFF99
:20078000FFFFFFFFFFFFFFFFFFFFFFFFFFFFFFFFFFFFFFFFFFFFFFFFFFFFFFFFFFFFFFFF79
:2007A000FFFFFFFFFFFFFFFFFFFFFFFFFFFFFFFFFFFFFFFFFFFFFFFFFFFFFFFFFFFFFFFF59
:2007C000FFFFFFFFFFFFFFFFFFFFFFFFFFFFFFFFFFFFFFFFFFFFFFFFFFFFFFFFFFFFFFFF39
:2007E000FFFFFFFFFFFFFFFFFFFFFFFFFFFFFFFFFFFFFFFFFFFFFFFFFFFFFFFFFFFFFFFF19
:20080000FFFFFFFFFFFFFFFFFFFFFFFFFFFFFFFFFFFFFFFFFFFFFFFFFFFFFFFFFFFFFFFFF8
:20082000FFFFFFFFFFFFFFFFFFFFFFFFFFFFFFFFFFFFFFFFFFFFFFFFFFFFFFFFFFFFFFFFD8
:20084000FFFFFFFFFFFFFFFFFFFFFFFFFFFFFFFFFFFFFFFFFFFFFFFFFFFFFFFFFFFFFFFFB8
:20086000FFFFFFFFFFFFFFFFFFFFFFFFFFFFFFFFFFFFFFFFFFFFFFFFFFFFFFFFFFFFFFFF98
:20088000FFFFFFFFFFFFFFFFFFFFFFFFFFFFFFFFFFFFFFFFFFFFFFFFFFFFFFFFFFFFFFFF78
:2008A000FFFFFFFFFFFFFFFFFFFFFFFFFFFFFFFFFFFFFFFFFFFFFFFFFFFFFFFFFFFFFFFF58
:2008C000FFFFFFFFFFFFFFFFFFFFFFFFFFFFFFFFFFFFFFFFFFFFFFFFFFFFFFFFFFFFFFFF38
:2008E000FFFFFFFFFFFFFFFFFFFFFFFFFFFFFFFFFFFFFFFFFFFFFFFFFFFFFFFFFFFFFFFF18
:20090000FFFFFFFFFFFFFFFFFFFFFFFFFFFFFFFFFFFFFFFFFFFFFFFFFFFFFFFFFFFFFFFFF7
:20092000FFFFFFFFFFFFFFFFFFFFFFFFFFFFFFFFFFFFFFFFFFFFFFFFFFFFFFFFFFFFFFFFD7
:20094000FFFFFFFFFFFFFFFFFFFFFFFFFFFFFFFFFFFFFFFFFFFFFFFFFFFFFFFFFFFFFFFFB7
:20096000FFFFFFFFFFFFFFFFFFFFFFFFFFFFFFFFFFFFFFFFFFFFFFFFFFFFFFFFFFFFFFFF97
:20098000FFFFFFFFFFFFFFFFFFFFFFFFFFFFFFFFFFFFFFFFFFFFFFFFFFFFFFFFFFFFFFFF77
:2009A000FFFFFFFFFFFFFFFFFFFFFFFFFFFFFFFFFFFFFFFFFFFFFFFFFFFFFFFFFFFFFFFF57
:2009C000FFFFFFFFFFFFFFFFFFFFFFFFFFFFFFFFFFFFFFFFFFFFFFFFFFFFFFFFFFFFFFFF37
:2009E000FFFFFFFFFFFFFFFFFFFFFFFFFFFFFFFFFFFFFFFFFFFFFFFFFFFFFFFFFFFFFFFF17
:200A0000FFFFFFFFFFFFFFFFFFFFFFFFFFFFFFFFFFFFFFFFFFFFFFFFFFFFFFFFFFFFFFFFF6
:200A2000FFFFFFFFFFFFFFFFFFFFFFFFFFFFFFFFFFFFFFFFFFFFFFFFFFFFFFFFFFFFFFFFD6
:200A4000FFFFFFFFFFFFFFFFFFFFFFFFFFFFFFFFFFFFFFFFFFFFFFFFFFFFFFFFFFFFFFFFB6
:200A6000FFFFFFFFFFFFFFFFFFFFFFFFFFFFFFFFFFFFFFFFFFFFFFFFFFFFFFFFFFFFFFFF96
:200A8000FFFFFFFFFFFFFFFFFFFFFFFFFFFFFFFFFFFFFFFFFFFFFFFFFFFFFFFFFFFFFFFF76
:200AA000FFFFFFFFFFFFFFFFFFFFFFFFFFFFFFFFFFFFFFFFFFFFFFFFFFFFFFFFFFFFFFFF56
:200AC000FFFFFFFFFFFFFFFFFFFFFFFFFFFFFFFFFFFFFFFFFFFFFFFFFFFFFFFFFFFFFFFF36
:200AE000FFFFFFFFFFFFFFFFFFFFFFFFFFFFFFFFFFFFFFFFFFFFFFFFFFFFFFFFFFFFFFFF16
:200B0000FFFFFFFFFFFFFFFFFFFFFFFFFFFFFFFFFFFFFFFFFFFFFFFFFFFFFFFFFFFFFFFFF5
:200B2000FFFFFFFFFFFFFFFFFFFFFFFFFFFFFFFFFFFFFFFFFFFFFFFFFFFFFFFFFFFFFFFFD5
:200B4000FFFFFFFFFFFFFFFFFFFFFFFFFFFFFFFFFFFFFFFFFFFFFFFFFFFFFFFFFFFFFFFFB5
:200B6000FFFFFFFFFFFFFFFFFFFFFFFFFFFFFFFFFFFFFFFFFFFFFFFFFFFFFFFFFFFFFFFF95
:200B8000FFFFFFFFFFFFFFFFFFFFFFFFFFFFFFFFFFFFFFFFFFFFFFFFFFFFFFFFFFFFFFFF75
:200BA000FFFFFFFFFFFFFFFFFFFFFFFFFFFFFFFFFFFFFFFFFFFFFFFFFFFFFFFFFFFFFFFF55
:200BC000FFFFFFFFFFFFFFFFFFFFFFFFFFFFFFFFFFFFFFFFFFFFFFFFFFFFFFFFFFFFFFFF35
:200BE000FFFFFFFFFFFFFFFFFFFFFFFFFFFFFFFFFFFFFFFFFFFFFFFFFFFFFFFFFFFFFFFF15
:200C0000FFFFFFFFFFFFFFFFFFFFFFFFFFFFFFFFFFFFFFFFFFFFFFFFFFFFFFFFFFFFFFFFF4
:200C2000FFFFFFFFFFFFFFFFFFFFFFFFFFFFFFFFFFFFFFFFFFFFFFFFFFFFFFFFFFFFFFFFD4
:200C4000FFFFFFFFFFFFFFFFFFFFFFFFFFFFFFFFFFFFFFFFFFFFFFFFFFFFFFFFFFFFFFFFB4
:200C6000FFFFFFFFFFFFFFFFFFFFFFFFFFFFFFFFFFFFFFFFFFFFFFFFFFFFFFFFFFFFFFFF94
:200C8000FFFFFFFFFFFFFFFFFFFFFFFFFFFFFFFFFFFFFFFFFFFFFFFFFFFFFFFFFFFFFFFF74
:200CA000FFFFFFFFFFFFFFFFFFFFFFFFFFFFFFFFFFFFFFFFFFFFFFFFFFFFFFFFFFFFFFFF54
:200CC000FFFFFFFFFFFFFFFFFFFFFFFFFFFFFFFFFFFFFFFFFFFFFFFFFFFFFFFFFFFFFFFF34
:200CE000FFFFFFFFFFFFFFFFFFFFFFFFFFFFFFFFFFFFFFFFFFFFFFFFFFFFFFFFFFFFFFFF14
:200D0000FFFFFFFFFFFFFFFFFFFFFFFFFFFFFFFFFFFFFFFFFFFFFFFFFFFFFFFFFFFFFFFFF3
:200D2000FFFFFFFFFFFFFFFFFFFFFFFFFFFFFFFFFFFFFFFFFFFFFFFFFFFFFFFFFFFFFFFFD3
:200D4000FFFFFFFFFFFFFFFFFFFFFFFFFFFFFFFFFFFFFFFFFFFFFFFFFFFFFFFFFFFFFFFFB3
:200D6000FFFFFFFFFFFFFFFFFFFFFFFFFFFFFFFFFFFFFFFFFFFFFFFFFFFFFFFFFFFFFFFF93
:200D8000FFFFFFFFFFFFFFFFFFFFFFFFFFFFFFFFFFFFFFFFFFFFFFFFFFFFFFFFFFFFFFFF73
:200DA000FFFFFFFFFFFFFFFFFFFFFFFFFFFFFFFFFFFFFFFFFFFFFFFFFFFFFFFFFFFFFFFF53
:200DC000FFFFFFFFFFFFFFFFFFFFFFFFFFFFFFFFFFFFFFFFFFFFFFFFFFFFFFFFFFFFFFFF33
:200DE000FFFFFFFFFFFFFFFFFFFFFFFFFFFFFFFFFFFFFFFFFFFFFFFFFFFFFFFFFFFFFFFF13
:200E0000FFFFFFFFFFFFFFFFFFFFFFFFFFFFFFFFFFFFFFFFFFFFFFFFFFFFFFFFFFFFFFFFF2
:200E2000FFFFFFFFFFFFFFFFFFFFFFFFFFFFFFFFFFFFFFFFFFFFFFFFFFFFFFFFFFFFFFFFD2
:200E4000FFFFFFFFFFFFFFFFFFFFFFFFFFFFFFFFFFFFFFFFFFFFFFFFFFFFFFFFFFFFFFFFB2
:200E6000FFFFFFFFFFFFFFFFFFFFFFFFFFFFFFFFFFFFFFFFFFFFFFFFFFFFFFFFFFFFFFFF92
:200E8000FFFFFFFFFFFFFFFFFFFFFFFFFFFFFFFFFFFFFFFFFFFFFFFFFFFFFFFFFFFFFFFF72
:200EA000FFFFFFFFFFFFFFFFFFFFFFFFFFFFFFFFFFFFFFFFFFFFFFFFFFFFFFFFFFFFFFFF52
:200EC000FFFFFFFFFFFFFFFFFFFFFFFFFFFFFFFFFFFFFFFFFFFFFFFFFFFFFFFFFFFFFFFF32
:200EE000FFFFFFFFFFFFFFFFFFFFFFFFFFFFFFFFFFFFFFFFFFFFFFFFFFFFFFFFFFFFFFFF12
:200F0000FFFFFFFFFFFFFFFFFFFFFFFFFFFFFFFFFFFFFFFFFFFFFFFFFFFFFFFFFFFFFFFFF1
:200F2000FFFFFFFFFFFFFFFFFFFFFFFFFFFFFFFFFFFFFFFFFFFFFFFFFFFFFFFFFFFFFFFFD1
:200F4000FFFFFFFFFFFFFFFFFFFFFFFFFFFFFFFFFFFFFFFFFFFFFFFFFFFFFFFFFFFFFFFFB1
:200F6000FFFFFFFFFFFFFFFFFFFFFFFFFFFFFFFFFFFFFFFFFFFFFFFFFFFFFFFFFFFFFFFF91
:200F8000FFFFFFFFFFFFFFFFFFFFFFFFFFFFFFFFFFFFFFFFFFFFFFFFFFFFFFFFFFFFFFFF71
:200FA000FFFFFFFFFFFFFFFFFFFFFFFFFFFFFFFFFFFFFFFFFFFFFFFFFFFFFFFFFFFFFFFF51
:200FC000FFFFFFFFFFFFFFFFFFFFFFFFFFFFFFFFFFFFFFFFFFFFFFFFFFFFFFFFFFFFFFFF31
:200FE000FFFFFFFFFFFFFFFFFFFFFFFFFFFFFFFFFFFFFFFFFFFFFFFFFFFFFFFFFFFFFFFF11
:20100000FFFFFFFFFFFFFFFFFFFFFFFFFFFFFFFFFFFFFFFFFFFFFFFFFFFFFFFFFFFFFFFFF0
:20102000FFFFFFFFFFFFFFFFFFFFFFFFFFFFFFFFFFFFFFFFFFFFFFFFFFFFFFFFFFFFFFFFD0
:20104000FFFFFFFFFFFFFFFFFFFFFFFFFFFFFFFFFFFFFFFFFFFFFFFFFFFFFFFFFFFFFFFFB0
:20106000FFFFFFFFFFFFFFFFFFFFFFFFFFFFFFFFFFFFFFFFFFFFFFFFFFFFFFFFFFFFFFFF90
:20108000FFFFFFFFFFFFFFFFFFFFFFFFFFFFFFFFFFFFFFFFFFFFFFFFFFFFFFFFFFFFFFFF70
:2010A000FFFFFFFFFFFFFFFFFFFFFFFFFFFFFFFFFFFFFFFFFFFFFFFFFFFFFFFFFFFFFFFF50
:2010C000FFFFFFFFFFFFFFFFFFFFFFFFFFFFFFFFFFFFFFFFFFFFFFFFFFFFFFFFFFFFFFFF30
:2010E000FFFFFFFFFFFFFFFFFFFFFFFFFFFFFFFFFFFFFFFFFFFFFFFFFFFFFFFFFFFFFFFF10
:20110000FFFFFFFFFFFFFFFFFFFFFFFFFFFFFFFFFFFFFFFFFFFFFFFFFFFFFFFFFFFFFFFFEF
:20112000FFFFFFFFFFFFFFFFFFFFFFFFFFFFFFFFFFFFFFFFFFFFFFFFFFFFFFFFFFFFFFFFCF
:20114000FFFFFFFFFFFFFFFFFFFFFFFFFFFFFFFFFFFFFFFFFFFFFFFFFFFFFFFFFFFFFFFFAF
:20116000FFFFFFFFFFFFFFFFFFFFFFFFFFFFFFFFFFFFFFFFFFFFFFFFFFFFFFFFFFFFFFFF8F
:20118000FFFFFFFFFFFFFFFFFFFFFFFFFFFFFFFFFFFFFFFFFFFFFFFFFFFFFFFFFFFFFFFF6F
:2011A000FFFFFFFFFFFFFFFFFFFFFFFFFFFFFFFFFFFFFFFFFFFFFFFFFFFFFFFFFFFFFFFF4F
:2011C000FFFFFFFFFFFFFFFFFFFFFFFFFFFFFFFFFFFFFFFFFFFFFFFFFFFFFFFFFFFFFFFF2F
:2011E000FFFFFFFFFFFFFFFFFFFFFFFFFFFFFFFFFFFFFFFFFFFFFFFFFFFFFFFFFFFFFFFF0F
:20120000FFFFFFFFFFFFFFFFFFFFFFFFFFFFFFFFFFFFFFFFFFFFFFFFFFFFFFFFFFFFFFFFEE
:20122000FFFFFFFFFFFFFFFFFFFFFFFFFFFFFFFFFFFFFFFFFFFFFFFFFFFFFFFFFFFFFFFFCE
:20124000FFFFFFFFFFFFFFFFFFFFFFFFFFFFFFFFFFFFFFFFFFFFFFFFFFFFFFFFFFFFFFFFAE
:20126000FFFFFFFFFFFFFFFFFFFFFFFFFFFFFFFFFFFFFFFFFFFFFFFFFFFFFFFFFFFFFFFF8E
:20128000FFFFFFFFFFFFFFFFFFFFFFFFFFFFFFFFFFFFFFFFFFFFFFFFFFFFFFFFFFFFFFFF6E
:2012A000FFFFFFFFFFFFFFFFFFFFFFFFFFFFFFFFFFFFFFFFFFFFFFFFFFFFFFFFFFFFFFFF4E
:2012C000FFFFFFFFFFFFFFFFFFFFFFFFFFFFFFFFFFFFFFFFFFFFFFFFFFFFFFFFFFFFFFFF2E
:2012E000FFFFFFFFFFFFFFFFFFFFFFFFFFFFFFFFFFFFFFFFFFFFFFFFFFFFFFFFFFFFFFFF0E
:20130000FFFFFFFFFFFFFFFFFFFFFFFFFFFFFFFFFFFFFFFFFFFFFFFFFFFFFFFFFFFFFFFFED
:20132000FFFFFFFFFFFFFFFFFFFFFFFFFFFFFFFFFFFFFFFFFFFFFFFFFFFFFFFFFFFFFFFFCD
:20134000FFFFFFFFFFFFFFFFFFFFFFFFFFFFFFFFFFFFFFFFFFFFFFFFFFFFFFFFFFFFFFFFAD
:20136000FFFFFFFFFFFFFFFFFFFFFFFFFFFFFFFFFFFFFFFFFFFFFFFFFFFFFFFFFFFFFFFF8D
:20138000FFFFFFFFFFFFFFFFFFFFFFFFFFFFFFFFFFFFFFFFFFFFFFFFFFFFFFFFFFFFFFFF6D
:2013A000FFFFFFFFFFFFFFFFFFFFFFFFFFFFFFFFFFFFFFFFFFFFFFFFFFFFFFFFFFFFFFFF4D
:2013C000FFFFFFFFFFFFFFFFFFFFFFFFFFFFFFFFFFFFFFFFFFFFFFFFFFFFFFFFFFFFFFFF2D
:2013E000FFFFFFFFFFFFFFFFFFFFFFFFFFFFFFFFFFFFFFFFFFFFFFFFFFFFFFFFFFFFFFFF0D
:20140000FFFFFFFFFFFFFFFFFFFFFFFFFFFFFFFFFFFFFFFFFFFFFFFFFFFFFFFFFFFFFFFFEC
:20142000FFFFFFFFFFFFFFFFFFFFFFFFFFFFFFFFFFFFFFFFFFFFFFFFFFFFFFFFFFFFFFFFCC
:20144000FFFFFFFFFFFFFFFFFFFFFFFFFFFFFFFFFFFFFFFFFFFFFFFFFFFFFFFFFFFFFFFFAC
:20146000FFFFFFFFFFFFFFFFFFFFFFFFFFFFFFFFFFFFFFFFFFFFFFFFFFFFFFFFFFFFFFFF8C
:20148000FFFFFFFFFFFFFFFFFFFFFFFFFFFFFFFFFFFFFFFFFFFFFFFFFFFFFFFFFFFFFFFF6C
:2014A000FFFFFFFFFFFFFFFFFFFFFFFFFFFFFFFFFFFFFFFFFFFFFFFFFFFFFFFFFFFFFFFF4C
:2014C000FFFFFFFFFFFFFFFFFFFFFFFFFFFFFFFFFFFFFFFFFFFFFFFFFFFFFFFFFFFFFFFF2C
:2014E000FFFFFFFFFFFFFFFFFFFFFFFFFFFFFFFFFFFFFFFFFFFFFFFFFFFFFFFFFFFFFFFF0C
:20150000FFFFFFFFFFFFFFFFFFFFFFFFFFFFFFFFFFFFFFFFFFFFFFFFFFFFFFFFFFFFFFFFEB
:20152000FFFFFFFFFFFFFFFFFFFFFFFFFFFFFFFFFFFFFFFFFFFFFFFFFFFFFFFFFFFFFFFFCB
:20154000FFFFFFFFFFFFFFFFFFFFFFFFFFFFFFFFFFFFFFFFFFFFFFFFFFFFFFFFFFFFFFFFAB
:20156000FFFFFFFFFFFFFFFFFFFFFFFFFFFFFFFFFFFFFFFFFFFFFFFFFFFFFFFFFFFFFFFF8B
:20158000FFFFFFFFFFFFFFFFFFFFFFFFFFFFFFFFFFFFFFFFFFFFFFFFFFFFFFFFFFFFFFFF6B
:2015A000FFFFFFFFFFFFFFFFFFFFFFFFFFFFFFFFFFFFFFFFFFFFFFFFFFFFFFFFFFFFFFFF4B
:2015C000FFFFFFFFFFFFFFFFFFFFFFFFFFFFFFFFFFFFFFFFFFFFFFFFFFFFFFFFFFFFFFFF2B
:2015E000FFFFFFFFFFFFFFFFFFFFFFFFFFFFFFFFFFFFFFFFFFFFFFFFFFFFFFFFFFFFFFFF0B
:20160000FFFFFFFFFFFFFFFFFFFFFFFFFFFFFFFFFFFFFFFFFFFFFFFFFFFFFFFFFFFFFFFFEA
:20162000FFFFFFFFFFFFFFFFFFFFFFFFFFFFFFFFFFFFFFFFFFFFFFFFFFFFFFFFFFFFFFFFCA
:20164000FFFFFFFFFFFFFFFFFFFFFFFFFFFFFFFFFFFFFFFFFFFFFFFFFFFFFFFFFFFFFFFFAA
:20166000FFFFFFFFFFFFFFFFFFFFFFFFFFFFFFFFFFFFFFFFFFFFFFFFFFFFFFFFFFFFFFFF8A
:20168000FFFFFFFFFFFFFFFFFFFFFFFFFFFFFFFFFFFFFFFFFFFFFFFFFFFFFFFFFFFFFFFF6A
:2016A000FFFFFFFFFFFFFFFFFFFFFFFFFFFFFFFFFFFFFFFFFFFFFFFFFFFFFFFFFFFFFFFF4A
:2016C000FFFFFFFFFFFFFFFFFFFFFFFFFFFFFFFFFFFFFFFFFFFFFFFFFFFFFFFFFFFFFFFF2A
:2016E000FFFFFFFFFFFFFFFFFFFFFFFFFFFFFFFFFFFFFFFFFFFFFFFFFFFFFFFFFFFFFFFF0A
:20170000FFFFFFFFFFFFFFFFFFFFFFFFFFFFFFFFFFFFFFFFFFFFFFFFFFFFFFFFFFFFFFFFE9
:20172000FFFFFFFFFFFFFFFFFFFFFFFFFFFFFFFFFFFFFFFFFFFFFFFFFFFFFFFFFFFFFFFFC9
:20174000FFFFFFFFFFFFFFFFFFFFFFFFFFFFFFFFFFFFFFFFFFFFFFFFFFFFFFFFFFFFFFFFA9
:20176000FFFFFFFFFFFFFFFFFFFFFFFFFFFFFFFFFFFFFFFFFFFFFFFFFFFFFFFFFFFFFFFF89
:20178000FFFFFFFFFFFFFFFFFFFFFFFFFFFFFFFFFFFFFFFFFFFFFFFFFFFFFFFFFFFFFFFF69
:2017A000FFFFFFFFFFFFFFFFFFFFFFFFFFFFFFFFFFFFFFFFFFFFFFFFFFFFFFFFFFFFFFFF49
:2017C000FFFFFFFFFFFFFFFFFFFFFFFFFFFFFFFFFFFFFFFFFFFFFFFFFFFFFFFFFFFFFFFF29
:2017E000FFFFFFFFFFFFFFFFFFFFFFFFFFFFFFFFFFFFFFFFFFFFFFFFFFFFFFFFFFFFFFFF09
:20180000FFFFFFFFFFFFFFFFFFFFFFFFFFFFFFFFFFFFFFFFFFFFFFFFFFFFFFFFFFFFFFFFE8
:20182000FFFFFFFFFFFFFFFFFFFFFFFFFFFFFFFFFFFFFFFFFFFFFFFFFFFFFFFFFFFFFFFFC8
:20184000FFFFFFFFFFFFFFFFFFFFFFFFFFFFFFFFFFFFFFFFFFFFFFFFFFFFFFFFFFFFFFFFA8
:20186000FFFFFFFFFFFFFFFFFFFFFFFFFFFFFFFFFFFFFFFFFFFFFFFFFFFFFFFFFFFFFFFF88
:20188000FFFFFFFFFFFFFFFFFFFFFFFFFFFFFFFFFFFFFFFFFFFFFFFFFFFFFFFFFFFFFFFF68
:2018A000FFFFFFFFFFFFFFFFFFFFFFFFFFFFFFFFFFFFFFFFFFFFFFFFFFFFFFFFFFFFFFFF48
:2018C000FFFFFFFFFFFFFFFFFFFFFFFFFFFFFFFFFFFFFFFFFFFFFFFFFFFFFFFFFFFFFFFF28
:2018E000FFFFFFFFFFFFFFFFFFFFFFFFFFFFFFFFFFFFFFFFFFFFFFFFFFFFFFFFFFFFFFFF08
:20190000FFFFFFFFFFFFFFFFFFFFFFFFFFFFFFFFFFFFFFFFFFFFFFFFFFFFFFFFFFFFFFFFE7
:20192000FFFFFFFFFFFFFFFFFFFFFFFFFFFFFFFFFFFFFFFFFFFFFFFFFFFFFFFFFFFFFFFFC7
:20194000FFFFFFFFFFFFFFFFFFFFFFFFFFFFFFFFFFFFFFFFFFFFFFFFFFFFFFFFFFFFFFFFA7
:20196000FFFFFFFFFFFFFFFFFFFFFFFFFFFFFFFFFFFFFFFFFFFFFFFFFFFFFFFFFFFFFFFF87
:20198000FFFFFFFFFFFFFFFFFFFFFFFFFFFFFFFFFFFFFFFFFFFFFFFFFFFFFFFFFFFFFFFF67
:2019A000FFFFFFFFFFFFFFFFFFFFFFFFFFFFFFFFFFFFFFFFFFFFFFFFFFFFFFFFFFFFFFFF47
:2019C000FFFFFFFFFFFFFFFFFFFFFFFFFFFFFFFFFFFFFFFFFFFFFFFFFFFFFFFFFFFFFFFF27
:2019E000FFFFFFFFFFFFFFFFFFFFFFFFFFFFFFFFFFFFFFFFFFFFFFFFFFFFFFFFFFFFFFFF07
:201A0000FFFFFFFFFFFFFFFFFFFFFFFFFFFFFFFFFFFFFFFFFFFFFFFFFFFFFFFFFFFFFFFFE6
:201A2000FFFFFFFFFFFFFFFFFFFFFFFFFFFFFFFFFFFFFFFFFFFFFFFFFFFFFFFFFFFFFFFFC6
:201A4000FFFFFFFFFFFFFFFFFFFFFFFFFFFFFFFFFFFFFFFFFFFFFFFFFFFFFFFFFFFFFFFFA6
:201A6000FFFFFFFFFFFFFFFFFFFFFFFFFFFFFFFFFFFFFFFFFFFFFFFFFFFFFFFFFFFFFFFF86
:201A8000FFFFFFFFFFFFFFFFFFFFFFFFFFFFFFFFFFFFFFFFFFFFFFFFFFFFFFFFFFFFFFFF66
:201AA000FFFFFFFFFFFFFFFFFFFFFFFFFFFFFFFFFFFFFFFFFFFFFFFFFFFFFFFFFFFFFFFF46
:201AC000FFFFFFFFFFFFFFFFFFFFFFFFFFFFFFFFFFFFFFFFFFFFFFFFFFFFFFFFFFFFFFFF26
:201AE000FFFFFFFFFFFFFFFFFFFFFFFFFFFFFFFFFFFFFFFFFFFFFFFFFFFFFFFFFFFFFFFF06
:201B0000FFFFFFFFFFFFFFFFFFFFFFFFFFFFFFFFFFFFFFFFFFFFFFFFFFFFFFFFFFFFFFFFE5
:201B2000FFFFFFFFFFFFFFFFFFFFFFFFFFFFFFFFFFFFFFFFFFFFFFFFFFFFFFFFFFFFFFFFC5
:201B4000FFFFFFFFFFFFFFFFFFFFFFFFFFFFFFFFFFFFFFFFFFFFFFFFFFFFFFFFFFFFFFFFA5
:201B6000FFFFFFFFFFFFFFFFFFFFFFFFFFFFFFFFFFFFFFFFFFFFFFFFFFFFFFFFFFFFFFFF85
:201B8000FFFFFFFFFFFFFFFFFFFFFFFFFFFFFFFFFFFFFFFFFFFFFFFFFFFFFFFFFFFFFFFF65
:201BA000FFFFFFFFFFFFFFFFFFFFFFFFFFFFFFFFFFFFFFFFFFFFFFFFFFFFFFFFFFFFFFFF45
:201BC000FFFFFFFFFFFFFFFFFFFFFFFFFFFFFFFFFFFFFFFFFFFFFFFFFFFFFFFFFFFFFFFF25
:201BE000FFFFFFFFFFFFFFFFFFFFFFFFFFFFFFFFFFFFFFFFFFFFFFFFFFFFFFFFFFFFFFFF05
:201C0000FFFFFFFFFFFFFFFFFFFFFFFFFFFFFFFFFFFFFFFFFFFFFFFFFFFFFFFFFFFFFFFFE4
:201C2000FFFFFFFFFFFFFFFFFFFFFFFFFFFFFFFFFFFFFFFFFFFFFFFFFFFFFFFFFFFFFFFFC4
:201C4000FFFFFFFFFFFFFFFFFFFFFFFFFFFFFFFFFFFFFFFFFFFFFFFFFFFFFFFFFFFFFFFFA4
:201C6000FFFFFFFFFFFFFFFFFFFFFFFFFFFFFFFFFFFFFFFFFFFFFFFFFFFFFFFFFFFFFFFF84
:201C8000FFFFFFFFFFFFFFFFFFFFFFFFFFFFFFFFFFFFFFFFFFFFFFFFFFFFFFFFFFFFFFFF64
:201CA000FFFFFFFFFFFFFFFFFFFFFFFFFFFFFFFFFFFFFFFFFFFFFFFFFFFFFFFFFFFFFFFF44
:201CC000FFFFFFFFFFFFFFFFFFFFFFFFFFFFFFFFFFFFFFFFFFFFFFFFFFFFFFFFFFFFFFFF24
:201CE000FFFFFFFFFFFFFFFFFFFFFFFFFFFFFFFFFFFFFFFFFFFFFFFFFFFFFFFFFFFFFFFF04
:201D0000FFFFFFFFFFFFFFFFFFFFFFFFFFFFFFFFFFFFFFFFFFFFFFFFFFFFFFFFFFFFFFFFE3
:201D2000FFFFFFFFFFFFFFFFFFFFFFFFFFFFFFFFFFFFFFFFFFFFFFFFFFFFFFFFFFFFFFFFC3
:201D4000FFFFFFFFFFFFFFFFFFFFFFFFFFFFFFFFFFFFFFFFFFFFFFFFFFFFFFFFFFFFFFFFA3
:201D6000FFFFFFFFFFFFFFFFFFFFFFFFFFFFFFFFFFFFFFFFFFFFFFFFFFFFFFFFFFFFFFFF83
:201D8000FFFFFFFFFFFFFFFFFFFFFFFFFFFFFFFFFFFFFFFFFFFFFFFFFFFFFFFFFFFFFFFF63
:201DA000FFFFFFFFFFFFFFFFFFFFFFFFFFFFFFFFFFFFFFFFFFFFFFFFFFFFFFFFFFFFFFFF43
:201DC000FFFFFFFFFFFFFFFFFFFFFFFFFFFFFFFFFFFFFFFFFFFFFFFFFFFFFFFFFFFFFFFF23
:201DE000FFFFFFFFFFFFFFFFFFFFFFFFFFFFFFFFFFFFFFFFFFFFFFFFFFFFFFFFFFFFFFFF03
:201E0000FFFFFFFFFFFFFFFFFFFFFFFFFFFFFFFFFFFFFFFFFFFFFFFFFFFFFFFFFFFFFFFFE2
:201E2000FFFFFFFFFFFFFFFFFFFFFFFFFFFFFFFFFFFFFFFFFFFFFFFFFFFFFFFFFFFFFFFFC2
:201E4000FFFFFFFFFFFFFFFFFFFFFFFFFFFFFFFFFFFFFFFFFFFFFFFFFFFFFFFFFFFFFFFFA2
:201E6000FFFFFFFFFFFFFFFFFFFFFFFFFFFFFFFFFFFFFFFFFFFFFFFFFFFFFFFFFFFFFFFF82
:201E8000FFFFFFFFFFFFFFFFFFFFFFFFFFFFFFFFFFFFFFFFFFFFFFFFFFFFFFFFFFFFFFFF62
:201EA000FFFFFFFFFFFFFFFFFFFFFFFFFFFFFFFFFFFFFFFFFFFFFFFFFFFFFFFFFFFFFFFF42
:201EC000FFFFFFFFFFFFFFFFFFFFFFFFFFFFFFFFFFFFFFFFFFFFFFFFFFFFFFFFFFFFFFFF22
:201EE000FFFFFFFFFFFFFFFFFFFFFFFFFFFFFFFFFFFFFFFFFFFFFFFFFFFFFFFFFFFFFFFF02
:201F0000FFFFFFFFFFFFFFFFFFFFFFFFFFFFFFFFFFFFFFFFFFFFFFFFFFFFFFFFFFFFFFFFE1
:201F2000FFFFFFFFFFFFFFFFFFFFFFFFFFFFFFFFFFFFFFFFFFFFFFFFFFFFFFFFFFFFFFFFC1
:201F4000FFFFFFFFFFFFFFFFFFFFFFFFFFFFFFFFFFFFFFFFFFFFFFFFFFFFFFFFFFFFFFFFA1
:201F6000FFFFFFFFFFFFFFFFFFFFFFFFFFFFFFFFFFFFFFFFFFFFFFFFFFFFFFFFFFFFFFFF81
:201F8000FFFFFFFFFFFFFFFFFFFFFFFFFFFFFFFFFFFFFFFFFFFFFFFFFFFFFFFFFFFFFFFF61
:201FA000FFFFFFFFFFFFFFFFFFFFFFFFFFFFFFFFFFFFFFFFFFFFFFFFFFFFFFFFFFFFFFFF41
:201FC000FFFFFFFFFFFFFFFFFFFFFFFFFFFFFFFFFFFFFFFFFFFFFFFFFFFFFFFFFFFFFFFF21
:201FE000FFFFFFFFFFFFFFFFFFFFFFFFFFFFFFFFFFFFFFFFFFFFFFFFFFFFFFFFFFFFFFFF01
:20200000FFFFFFFFFFFFFFFFFFFFFFFFFFFFFFFFFFFFFFFFFFFFFFFFFFFFFFFFFFFFFFFFE0
:20202000FFFFFFFFFFFFFFFFFFFFFFFFFFFFFFFFFFFFFFFFFFFFFFFFFFFFFFFFFFFFFFFFC0
:20204000FFFFFFFFFFFFFFFFFFFFFFFFFFFFFFFFFFFFFFFFFFFFFFFFFFFFFFFFFFFFFFFFA0
:20206000FFFFFFFFFFFFFFFFFFFFFFFFFFFFFFFFFFFFFFFFFFFFFFFFFFFFFFFFFFFFFFFF80
:20208000FFFFFFFFFFFFFFFFFFFFFFFFFFFFFFFFFFFFFFFFFFFFFFFFFFFFFFFFFFFFFFFF60
:2020A000FFFFFFFFFFFFFFFFFFFFFFFFFFFFFFFFFFFFFFFFFFFFFFFFFFFFFFFFFFFFFFFF40
:2020C000FFFFFFFFFFFFFFFFFFFFFFFFFFFFFFFFFFFFFFFFFFFFFFFFFFFFFFFFFFFFFFFF20
:2020E000FFFFFFFFFFFFFFFFFFFFFFFFFFFFFFFFFFFFFFFFFFFFFFFFFFFFFFFFFFFFFFFF00
:20210000FFFFFFFFFFFFFFFFFFFFFFFFFFFFFFFFFFFFFFFFFFFFFFFFFFFFFFFFFFFFFFFFDF
:20212000FFFFFFFFFFFFFFFFFFFFFFFFFFFFFFFFFFFFFFFFFFFFFFFFFFFFFFFFFFFFFFFFBF
:20214000FFFFFFFFFFFFFFFFFFFFFFFFFFFFFFFFFFFFFFFFFFFFFFFFFFFFFFFFFFFFFFFF9F
:20216000FFFFFFFFFFFFFFFFFFFFFFFFFFFFFFFFFFFFFFFFFFFFFFFFFFFFFFFFFFFFFFFF7F
:20218000FFFFFFFFFFFFFFFFFFFFFFFFFFFFFFFFFFFFFFFFFFFFFFFFFFFFFFFFFFFFFFFF5F
:2021A000FFFFFFFFFFFFFFFFFFFFFFFFFFFFFFFFFFFFFFFFFFFFFFFFFFFFFFFFFFFFFFFF3F
:2021C000FFFFFFFFFFFFFFFFFFFFFFFFFFFFFFFFFFFFFFFFFFFFFFFFFFFFFFFFFFFFFFFF1F
:2021E000FFFFFFFFFFFFFFFFFFFFFFFFFFFFFFFFFFFFFFFFFFFFFFFFFFFFFFFFFFFFFFFFFF
:20220000FFFFFFFFFFFFFFFFFFFFFFFFFFFFFFFFFFFFFFFFFFFFFFFFFFFFFFFFFFFFFFFFDE
:20222000FFFFFFFFFFFFFFFFFFFFFFFFFFFFFFFFFFFFFFFFFFFFFFFFFFFFFFFFFFFFFFFFBE
:20224000FFFFFFFFFFFFFFFFFFFFFFFFFFFFFFFFFFFFFFFFFFFFFFFFFFFFFFFFFFFFFFFF9E
:20226000FFFFFFFFFFFFFFFFFFFFFFFFFFFFFFFFFFFFFFFFFFFFFFFFFFFFFFFFFFFFFFFF7E
:20228000FFFFFFFFFFFFFFFFFFFFFFFFFFFFFFFFFFFFFFFFFFFFFFFFFFFFFFFFFFFFFFFF5E
:2022A000FFFFFFFFFFFFFFFFFFFFFFFFFFFFFFFFFFFFFFFFFFFFFFFFFFFFFFFFFFFFFFFF3E
:2022C000FFFFFFFFFFFFFFFFFFFFFFFFFFFFFFFFFFFFFFFFFFFFFFFFFFFFFFFFFFFFFFFF1E
:2022E000FFFFFFFFFFFFFFFFFFFFFFFFFFFFFFFFFFFFFFFFFFFFFFFFFFFFFFFFFFFFFFFFFE
:20230000FFFFFFFFFFFFFFFFFFFFFFFFFFFFFFFFFFFFFFFFFFFFFFFFFFFFFFFFFFFFFFFFDD
:20232000FFFFFFFFFFFFFFFFFFFFFFFFFFFFFFFFFFFFFFFFFFFFFFFFFFFFFFFFFFFFFFFFBD
:20234000FFFFFFFFFFFFFFFFFFFFFFFFFFFFFFFFFFFFFFFFFFFFFFFFFFFFFFFFFFFFFFFF9D
:20236000FFFFFFFFFFFFFFFFFFFFFFFFFFFFFFFFFFFFFFFFFFFFFFFFFFFFFFFFFFFFFFFF7D
:20238000FFFFFFFFFFFFFFFFFFFFFFFFFFFFFFFFFFFFFFFFFFFFFFFFFFFFFFFFFFFFFFFF5D
:2023A000FFFFFFFFFFFFFFFFFFFFFFFFFFFFFFFFFFFFFFFFFFFFFFFFFFFFFFFFFFFFFFFF3D
:2023C000FFFFFFFFFFFFFFFFFFFFFFFFFFFFFFFFFFFFFFFFFFFFFFFFFFFFFFFFFFFFFFFF1D
:2023E000FFFFFFFFFFFFFFFFFFFFFFFFFFFFFFFFFFFFFFFFFFFFFFFFFFFFFFFFFFFFFFFFFD
:20240000FFFFFFFFFFFFFFFFFFFFFFFFFFFFFFFFFFFFFFFFFFFFFFFFFFFFFFFFFFFFFFFFDC
:20242000FFFFFFFFFFFFFFFFFFFFFFFFFFFFFFFFFFFFFFFFFFFFFFFFFFFFFFFFFFFFFFFFBC
:20244000FFFFFFFFFFFFFFFFFFFFFFFFFFFFFFFFFFFFFFFFFFFFFFFFFFFFFFFFFFFFFFFF9C
:20246000FFFFFFFFFFFFFFFFFFFFFFFFFFFFFFFFFFFFFFFFFFFFFFFFFFFFFFFFFFFFFFFF7C
:20248000FFFFFFFFFFFFFFFFFFFFFFFFFFFFFFFFFFFFFFFFFFFFFFFFFFFFFFFFFFFFFFFF5C
:2024A000FFFFFFFFFFFFFFFFFFFFFFFFFFFFFFFFFFFFFFFFFFFFFFFFFFFFFFFFFFFFFFFF3C
:2024C000FFFFFFFFFFFFFFFFFFFFFFFFFFFFFFFFFFFFFFFFFFFFFFFFFFFFFFFFFFFFFFFF1C
:2024E000FFFFFFFFFFFFFFFFFFFFFFFFFFFFFFFFFFFFFFFFFFFFFFFFFFFFFFFFFFFFFFFFFC
:20250000FFFFFFFFFFFFFFFFFFFFFFFFFFFFFFFFFFFFFFFFFFFFFFFFFFFFFFFFFFFFFFFFDB
:20252000FFFFFFFFFFFFFFFFFFFFFFFFFFFFFFFFFFFFFFFFFFFFFFFFFFFFFFFFFFFFFFFFBB
:20254000FFFFFFFFFFFFFFFFFFFFFFFFFFFFFFFFFFFFFFFFFFFFFFFFFFFFFFFFFFFFFFFF9B
:20256000FFFFFFFFFFFFFFFFFFFFFFFFFFFFFFFFFFFFFFFFFFFFFFFFFFFFFFFFFFFFFFFF7B
:20258000FFFFFFFFFFFFFFFFFFFFFFFFFFFFFFFFFFFFFFFFFFFFFFFFFFFFFFFFFFFFFFFF5B
:2025A000FFFFFFFFFFFFFFFFFFFFFFFFFFFFFFFFFFFFFFFFFFFFFFFFFFFFFFFFFFFFFFFF3B
:2025C000FFFFFFFFFFFFFFFFFFFFFFFFFFFFFFFFFFFFFFFFFFFFFFFFFFFFFFFFFFFFFFFF1B
:2025E000FFFFFFFFFFFFFFFFFFFFFFFFFFFFFFFFFFFFFFFFFFFFFFFFFFFFFFFFFFFFFFFFFB
:20260000FFFFFFFFFFFFFFFFFFFFFFFFFFFFFFFFFFFFFFFFFFFFFFFFFFFFFFFFFFFFFFFFDA
:20262000FFFFFFFFFFFFFFFFFFFFFFFFFFFFFFFFFFFFFFFFFFFFFFFFFFFFFFFFFFFFFFFFBA
:20264000FFFFFFFFFFFFFFFFFFFFFFFFFFFFFFFFFFFFFFFFFFFFFFFFFFFFFFFFFFFFFFFF9A
:20266000FFFFFFFFFFFFFFFFFFFFFFFFFFFFFFFFFFFFFFFFFFFFFFFFFFFFFFFFFFFFFFFF7A
:20268000FFFFFFFFFFFFFFFFFFFFFFFFFFFFFFFFFFFFFFFFFFFFFFFFFFFFFFFFFFFFFFFF5A
:2026A000FFFFFFFFFFFFFFFFFFFFFFFFFFFFFFFFFFFFFFFFFFFFFFFFFFFFFFFFFFFFFFFF3A
:2026C000FFFFFFFFFFFFFFFFFFFFFFFFFFFFFFFFFFFFFFFFFFFFFFFFFFFFFFFFFFFFFFFF1A
:2026E000FFFFFFFFFFFFFFFFFFFFFFFFFFFFFFFFFFFFFFFFFFFFFFFFFFFFFFFFFFFFFFFFFA
:20270000FFFFFFFFFFFFFFFFFFFFFFFFFFFFFFFFFFFFFFFFFFFFFFFFFFFFFFFFFFFFFFFFD9
:20272000FFFFFFFFFFFFFFFFFFFFFFFFFFFFFFFFFFFFFFFFFFFFFFFFFFFFFFFFFFFFFFFFB9
:20274000FFFFFFFFFFFFFFFFFFFFFFFFFFFFFFFFFFFFFFFFFFFFFFFFFFFFFFFFFFFFFFFF99
:20276000FFFFFFFFFFFFFFFFFFFFFFFFFFFFFFFFFFFFFFFFFFFFFFFFFFFFFFFFFFFFFFFF79
:20278000FFFFFFFFFFFFFFFFFFFFFFFFFFFFFFFFFFFFFFFFFFFFFFFFFFFFFFFFFFFFFFFF59
:2027A000FFFFFFFFFFFFFFFFFFFFFFFFFFFFFFFFFFFFFFFFFFFFFFFFFFFFFFFFFFFFFFFF39
:2027C000FFFFFFFFFFFFFFFFFFFFFFFFFFFFFFFFFFFFFFFFFFFFFFFFFFFFFFFFFFFFFFFF19
:2027E000FFFFFFFFFFFFFFFFFFFFFFFFFFFFFFFFFFFFFFFFFFFFFFFFFFFFFFFFFFFFFFFFF9
:20280000FFFFFFFFFFFFFFFFFFFFFFFFFFFFFFFFFFFFFFFFFFFFFFFFFFFFFFFFFFFFFFFFD8
:20282000FFFFFFFFFFFFFFFFFFFFFFFFFFFFFFFFFFFFFFFFFFFFFFFFFFFFFFFFFFFFFFFFB8
:20284000FFFFFFFFFFFFFFFFFFFFFFFFFFFFFFFFFFFFFFFFFFFFFFFFFFFFFFFFFFFFFFFF98
:20286000FFFFFFFFFFFFFFFFFFFFFFFFFFFFFFFFFFFFFFFFFFFFFFFFFFFFFFFFFFFFFFFF78
:20288000FFFFFFFFFFFFFFFFFFFFFFFFFFFFFFFFFFFFFFFFFFFFFFFFFFFFFFFFFFFFFFFF58
:2028A000FFFFFFFFFFFFFFFFFFFFFFFFFFFFFFFFFFFFFFFFFFFFFFFFFFFFFFFFFFFFFFFF38
:2028C000FFFFFFFFFFFFFFFFFFFFFFFFFFFFFFFFFFFFFFFFFFFFFFFFFFFFFFFFFFFFFFFF18
:2028E000FFFFFFFFFFFFFFFFFFFFFFFFFFFFFFFFFFFFFFFFFFFFFFFFFFFFFFFFFFFFFFFFF8
:20290000FFFFFFFFFFFFFFFFFFFFFFFFFFFFFFFFFFFFFFFFFFFFFFFFFFFFFFFFFFFFFFFFD7
:20292000FFFFFFFFFFFFFFFFFFFFFFFFFFFFFFFFFFFFFFFFFFFFFFFFFFFFFFFFFFFFFFFFB7
:20294000FFFFFFFFFFFFFFFFFFFFFFFFFFFFFFFFFFFFFFFFFFFFFFFFFFFFFFFFFFFFFFFF97
:20296000FFFFFFFFFFFFFFFFFFFFFFFFFFFFFFFFFFFFFFFFFFFFFFFFFFFFFFFFFFFFFFFF77
:20298000FFFFFFFFFFFFFFFFFFFFFFFFFFFFFFFFFFFFFFFFFFFFFFFFFFFFFFFFFFFFFFFF57
:2029A000FFFFFFFFFFFFFFFFFFFFFFFFFFFFFFFFFFFFFFFFFFFFFFFFFFFFFFFFFFFFFFFF37
:2029C000FFFFFFFFFFFFFFFFFFFFFFFFFFFFFFFFFFFFFFFFFFFFFFFFFFFFFFFFFFFFFFFF17
:2029E000FFFFFFFFFFFFFFFFFFFFFFFFFFFFFFFFFFFFFFFFFFFFFFFFFFFFFFFFFFFFFFFFF7
:202A0000FFFFFFFFFFFFFFFFFFFFFFFFFFFFFFFFFFFFFFFFFFFFFFFFFFFFFFFFFFFFFFFFD6
:202A2000FFFFFFFFFFFFFFFFFFFFFFFFFFFFFFFFFFFFFFFFFFFFFFFFFFFFFFFFFFFFFFFFB6
:202A4000FFFFFFFFFFFFFFFFFFFFFFFFFFFFFFFFFFFFFFFFFFFFFFFFFFFFFFFFFFFFFFFF96
:202A6000FFFFFFFFFFFFFFFFFFFFFFFFFFFFFFFFFFFFFFFFFFFFFFFFFFFFFFFFFFFFFFFF76
:202A8000FFFFFFFFFFFFFFFFFFFFFFFFFFFFFFFFFFFFFFFFFFFFFFFFFFFFFFFFFFFFFFFF56
:202AA000FFFFFFFFFFFFFFFFFFFFFFFFFFFFFFFFFFFFFFFFFFFFFFFFFFFFFFFFFFFFFFFF36
:202AC000FFFFFFFFFFFFFFFFFFFFFFFFFFFFFFFFFFFFFFFFFFFFFFFFFFFFFFFFFFFFFFFF16
:202AE000FFFFFFFFFFFFFFFFFFFFFFFFFFFFFFFFFFFFFFFFFFFFFFFFFFFFFFFFFFFFFFFFF6
:202B0000FFFFFFFFFFFFFFFFFFFFFFFFFFFFFFFFFFFFFFFFFFFFFFFFFFFFFFFFFFFFFFFFD5
:202B2000FFFFFFFFFFFFFFFFFFFFFFFFFFFFFFFFFFFFFFFFFFFFFFFFFFFFFFFFFFFFFFFFB5
:202B4000FFFFFFFFFFFFFFFFFFFFFFFFFFFFFFFFFFFFFFFFFFFFFFFFFFFFFFFFFFFFFFFF95
:202B6000FFFFFFFFFFFFFFFFFFFFFFFFFFFFFFFFFFFFFFFFFFFFFFFFFFFFFFFFFFFFFFFF75
:202B8000FFFFFFFFFFFFFFFFFFFFFFFFFFFFFFFFFFFFFFFFFFFFFFFFFFFFFFFFFFFFFFFF55
:202BA000FFFFFFFFFFFFFFFFFFFFFFFFFFFFFFFFFFFFFFFFFFFFFFFFFFFFFFFFFFFFFFFF35
:202BC000FFFFFFFFFFFFFFFFFFFFFFFFFFFFFFFFFFFFFFFFFFFFFFFFFFFFFFFFFFFFFFFF15
:202BE000FFFFFFFFFFFFFFFFFFFFFFFFFFFFFFFFFFFFFFFFFFFFFFFFFFFFFFFFFFFFFFFFF5
:202C0000FFFFFFFFFFFFFFFFFFFFFFFFFFFFFFFFFFFFFFFFFFFFFFFFFFFFFFFFFFFFFFFFD4
:202C2000FFFFFFFFFFFFFFFFFFFFFFFFFFFFFFFFFFFFFFFFFFFFFFFFFFFFFFFFFFFFFFFFB4
:202C4000FFFFFFFFFFFFFFFFFFFFFFFFFFFFFFFFFFFFFFFFFFFFFFFFFFFFFFFFFFFFFFFF94
:202C6000FFFFFFFFFFFFFFFFFFFFFFFFFFFFFFFFFFFFFFFFFFFFFFFFFFFFFFFFFFFFFFFF74
:202C8000FFFFFFFFFFFFFFFFFFFFFFFFFFFFFFFFFFFFFFFFFFFFFFFFFFFFFFFFFFFFFFFF54
:202CA000FFFFFFFFFFFFFFFFFFFFFFFFFFFFFFFFFFFFFFFFFFFFFFFFFFFFFFFFFFFFFFFF34
:202CC000FFFFFFFFFFFFFFFFFFFFFFFFFFFFFFFFFFFFFFFFFFFFFFFFFFFFFFFFFFFFFFFF14
:202CE000FFFFFFFFFFFFFFFFFFFFFFFFFFFFFFFFFFFFFFFFFFFFFFFFFFFFFFFFFFFFFFFFF4
:202D0000FFFFFFFFFFFFFFFFFFFFFFFFFFFFFFFFFFFFFFFFFFFFFFFFFFFFFFFFFFFFFFFFD3
:202D2000FFFFFFFFFFFFFFFFFFFFFFFFFFFFFFFFFFFFFFFFFFFFFFFFFFFFFFFFFFFFFFFFB3
:202D4000FFFFFFFFFFFFFFFFFFFFFFFFFFFFFFFFFFFFFFFFFFFFFFFFFFFFFFFFFFFFFFFF93
:202D6000FFFFFFFFFFFFFFFFFFFFFFFFFFFFFFFFFFFFFFFFFFFFFFFFFFFFFFFFFFFFFFFF73
:202D8000FFFFFFFFFFFFFFFFFFFFFFFFFFFFFFFFFFFFFFFFFFFFFFFFFFFFFFFFFFFFFFFF53
:202DA000FFFFFFFFFFFFFFFFFFFFFFFFFFFFFFFFFFFFFFFFFFFFFFFFFFFFFFFFFFFFFFFF33
:202DC000FFFFFFFFFFFFFFFFFFFFFFFFFFFFFFFFFFFFFFFFFFFFFFFFFFFFFFFFFFFFFFFF13
:202DE000FFFFFFFFFFFFFFFFFFFFFFFFFFFFFFFFFFFFFFFFFFFFFFFFFFFFFFFFFFFFFFFFF3
:202E0000FFFFFFFFFFFFFFFFFFFFFFFFFFFFFFFFFFFFFFFFFFFFFFFFFFFFFFFFFFFFFFFFD2
:202E2000FFFFFFFFFFFFFFFFFFFFFFFFFFFFFFFFFFFFFFFFFFFFFFFFFFFFFFFFFFFFFFFFB2
:202E4000FFFFFFFFFFFFFFFFFFFFFFFFFFFFFFFFFFFFFFFFFFFFFFFFFFFFFFFFFFFFFFFF92
:202E6000FFFFFFFFFFFFFFFFFFFFFFFFFFFFFFFFFFFFFFFFFFFFFFFFFFFFFFFFFFFFFFFF72
:202E8000FFFFFFFFFFFFFFFFFFFFFFFFFFFFFFFFFFFFFFFFFFFFFFFFFFFFFFFFFFFFFFFF52
:202EA000FFFFFFFFFFFFFFFFFFFFFFFFFFFFFFFFFFFFFFFFFFFFFFFFFFFFFFFFFFFFFFFF32
:202EC000FFFFFFFFFFFFFFFFFFFFFFFFFFFFFFFFFFFFFFFFFFFFFFFFFFFFFFFFFFFFFFFF12
:202EE000FFFFFFFFFFFFFFFFFFFFFFFFFFFFFFFFFFFFFFFFFFFFFFFFFFFFFFFFFFFFFFFFF2
:202F0000FFFFFFFFFFFFFFFFFFFFFFFFFFFFFFFFFFFFFFFFFFFFFFFFFFFFFFFFFFFFFFFFD1
:202F2000FFFFFFFFFFFFFFFFFFFFFFFFFFFFFFFFFFFFFFFFFFFFFFFFFFFFFFFFFFFFFFFFB1
:202F4000FFFFFFFFFFFFFFFFFFFFFFFFFFFFFFFFFFFFFFFFFFFFFFFFFFFFFFFFFFFFFFFF91
:202F6000FFFFFFFFFFFFFFFFFFFFFFFFFFFFFFFFFFFFFFFFFFFFFFFFFFFFFFFFFFFFFFFF71
:202F8000FFFFFFFFFFFFFFFFFFFFFFFFFFFFFFFFFFFFFFFFFFFFFFFFFFFFFFFFFFFFFFFF51
:202FA000FFFFFFFFFFFFFFFFFFFFFFFFFFFFFFFFFFFFFFFFFFFFFFFFFFFFFFFFFFFFFFFF31
:202FC000FFFFFFFFFFFFFFFFFFFFFFFFFFFFFFFFFFFFFFFFFFFFFFFFFFFFFFFFFFFFFFFF11
:202FE000FFFFFFFFFFFFFFFFFFFFFFFFFFFFFFFFFFFFFFFFFFFFFFFFFFFFFFFFFFFFFFFFF1
:20300000FFFFFFFFFFFFFFFFFFFFFFFFFFFFFFFFFFFFFFFFFFFFFFFFFFFFFFFFFFFFFFFFD0
:20302000FFFFFFFFFFFFFFFFFFFFFFFFFFFFFFFFFFFFFFFFFFFFFFFFFFFFFFFFFFFFFFFFB0
:20304000FFFFFFFFFFFFFFFFFFFFFFFFFFFFFFFFFFFFFFFFFFFFFFFFFFFFFFFFFFFFFFFF90
:20306000FFFFFFFFFFFFFFFFFFFFFFFFFFFFFFFFFFFFFFFFFFFFFFFFFFFFFFFFFFFFFFFF70
:20308000FFFFFFFFFFFFFFFFFFFFFFFFFFFFFFFFFFFFFFFFFFFFFFFFFFFFFFFFFFFFFFFF50
:2030A000FFFFFFFFFFFFFFFFFFFFFFFFFFFFFFFFFFFFFFFFFFFFFFFFFFFFFFFFFFFFFFFF30
:2030C000FFFFFFFFFFFFFFFFFFFFFFFFFFFFFFFFFFFFFFFFFFFFFFFFFFFFFFFFFFFFFFFF10
:2030E000FFFFFFFFFFFFFFFFFFFFFFFFFFFFFFFFFFFFFFFFFFFFFFFFFFFFFFFFFFFFFFFFF0
:20310000FFFFFFFFFFFFFFFFFFFFFFFFFFFFFFFFFFFFFFFFFFFFFFFFFFFFFFFFFFFFFFFFCF
:20312000FFFFFFFFFFFFFFFFFFFFFFFFFFFFFFFFFFFFFFFFFFFFFFFFFFFFFFFFFFFFFFFFAF
:20314000FFFFFFFFFFFFFFFFFFFFFFFFFFFFFFFFFFFFFFFFFFFFFFFFFFFFFFFFFFFFFFFF8F
:20316000FFFFFFFFFFFFFFFFFFFFFFFFFFFFFFFFFFFFFFFFFFFFFFFFFFFFFFFFFFFFFFFF6F
:20318000FFFFFFFFFFFFFFFFFFFFFFFFFFFFFFFFFFFFFFFFFFFFFFFFFFFFFFFFFFFFFFFF4F
:2031A000FFFFFFFFFFFFFFFFFFFFFFFFFFFFFFFFFFFFFFFFFFFFFFFFFFFFFFFFFFFFFFFF2F
:2031C000FFFFFFFFFFFFFFFFFFFFFFFFFFFFFFFFFFFFFFFFFFFFFFFFFFFFFFFFFFFFFFFF0F
:2031E000FFFFFFFFFFFFFFFFFFFFFFFFFFFFFFFFFFFFFFFFFFFFFFFFFFFFFFFFFFFFFFFFEF
:20320000FFFFFFFFFFFFFFFFFFFFFFFFFFFFFFFFFFFFFFFFFFFFFFFFFFFFFFFFFFFFFFFFCE
:20322000FFFFFFFFFFFFFFFFFFFFFFFFFFFFFFFFFFFFFFFFFFFFFFFFFFFFFFFFFFFFFFFFAE
:20324000FFFFFFFFFFFFFFFFFFFFFFFFFFFFFFFFFFFFFFFFFFFFFFFFFFFFFFFFFFFFFFFF8E
:20326000FFFFFFFFFFFFFFFFFFFFFFFFFFFFFFFFFFFFFFFFFFFFFFFFFFFFFFFFFFFFFFFF6E
:20328000FFFFFFFFFFFFFFFFFFFFFFFFFFFFFFFFFFFFFFFFFFFFFFFFFFFFFFFFFFFFFFFF4E
:2032A000FFFFFFFFFFFFFFFFFFFFFFFFFFFFFFFFFFFFFFFFFFFFFFFFFFFFFFFFFFFFFFFF2E
:2032C000FFFFFFFFFFFFFFFFFFFFFFFFFFFFFFFFFFFFFFFFFFFFFFFFFFFFFFFFFFFFFFFF0E
:2032E000FFFFFFFFFFFFFFFFFFFFFFFFFFFFFFFFFFFFFFFFFFFFFFFFFFFFFFFFFFFFFFFFEE
:20330000FFFFFFFFFFFFFFFFFFFFFFFFFFFFFFFFFFFFFFFFFFFFFFFFFFFFFFFFFFFFFFFFCD
:20332000FFFFFFFFFFFFFFFFFFFFFFFFFFFFFFFFFFFFFFFFFFFFFFFFFFFFFFFFFFFFFFFFAD
:20334000FFFFFFFFFFFFFFFFFFFFFFFFFFFFFFFFFFFFFFFFFFFFFFFFFFFFFFFFFFFFFFFF8D
:20336000FFFFFFFFFFFFFFFFFFFFFFFFFFFFFFFFFFFFFFFFFFFFFFFFFFFFFFFFFFFFFFFF6D
:20338000FFFFFFFFFFFFFFFFFFFFFFFFFFFFFFFFFFFFFFFFFFFFFFFFFFFFFFFFFFFFFFFF4D
:2033A000FFFFFFFFFFFFFFFFFFFFFFFFFFFFFFFFFFFFFFFFFFFFFFFFFFFFFFFFFFFFFFFF2D
:2033C000FFFFFFFFFFFFFFFFFFFFFFFFFFFFFFFFFFFFFFFFFFFFFFFFFFFFFFFFFFFFFFFF0D
:2033E000FFFFFFFFFFFFFFFFFFFFFFFFFFFFFFFFFFFFFFFFFFFFFFFFFFFFFFFFFFFFFFFFED
:20340000FFFFFFFFFFFFFFFFFFFFFFFFFFFFFFFFFFFFFFFFFFFFFFFFFFFFFFFFFFFFFFFFCC
:20342000FFFFFFFFFFFFFFFFFFFFFFFFFFFFFFFFFFFFFFFFFFFFFFFFFFFFFFFFFFFFFFFFAC
:20344000FFFFFFFFFFFFFFFFFFFFFFFFFFFFFFFFFFFFFFFFFFFFFFFFFFFFFFFFFFFFFFFF8C
:20346000FFFFFFFFFFFFFFFFFFFFFFFFFFFFFFFFFFFFFFFFFFFFFFFFFFFFFFFFFFFFFFFF6C
:20348000FFFFFFFFFFFFFFFFFFFFFFFFFFFFFFFFFFFFFFFFFFFFFFFFFFFFFFFFFFFFFFFF4C
:2034A000FFFFFFFFFFFFFFFFFFFFFFFFFFFFFFFFFFFFFFFFFFFFFFFFFFFFFFFFFFFFFFFF2C
:2034C000FFFFFFFFFFFFFFFFFFFFFFFFFFFFFFFFFFFFFFFFFFFFFFFFFFFFFFFFFFFFFFFF0C
:2034E000FFFFFFFFFFFFFFFFFFFFFFFFFFFFFFFFFFFFFFFFFFFFFFFFFFFFFFFFFFFFFFFFEC
:20350000FFFFFFFFFFFFFFFFFFFFFFFFFFFFFFFFFFFFFFFFFFFFFFFFFFFFFFFFFFFFFFFFCB
:20352000FFFFFFFFFFFFFFFFFFFFFFFFFFFFFFFFFFFFFFFFFFFFFFFFFFFFFFFFFFFFFFFFAB
:20354000FFFFFFFFFFFFFFFFFFFFFFFFFFFFFFFFFFFFFFFFFFFFFFFFFFFFFFFFFFFFFFFF8B
:20356000FFFFFFFFFFFFFFFFFFFFFFFFFFFFFFFFFFFFFFFFFFFFFFFFFFFFFFFFFFFFFFFF6B
:20358000FFFFFFFFFFFFFFFFFFFFFFFFFFFFFFFFFFFFFFFFFFFFFFFFFFFFFFFFFFFFFFFF4B
:2035A000FFFFFFFFFFFFFFFFFFFFFFFFFFFFFFFFFFFFFFFFFFFFFFFFFFFFFFFFFFFFFFFF2B
:2035C000FFFFFFFFFFFFFFFFFFFFFFFFFFFFFFFFFFFFFFFFFFFFFFFFFFFFFFFFFFFFFFFF0B
:2035E000FFFFFFFFFFFFFFFFFFFFFFFFFFFFFFFFFFFFFFFFFFFFFFFFFFFFFFFFFFFFFFFFEB
:20360000FFFFFFFFFFFFFFFFFFFFFFFFFFFFFFFFFFFFFFFFFFFFFFFFFFFFFFFFFFFFFFFFCA
:20362000FFFFFFFFFFFFFFFFFFFFFFFFFFFFFFFFFFFFFFFFFFFFFFFFFFFFFFFFFFFFFFFFAA
:20364000FFFFFFFFFFFFFFFFFFFFFFFFFFFFFFFFFFFFFFFFFFFFFFFFFFFFFFFFFFFFFFFF8A
:20366000FFFFFFFFFFFFFFFFFFFFFFFFFFFFFFFFFFFFFFFFFFFFFFFFFFFFFFFFFFFFFFFF6A
:20368000FFFFFFFFFFFFFFFFFFFFFFFFFFFFFFFFFFFFFFFFFFFFFFFFFFFFFFFFFFFFFFFF4A
:2036A000FFFFFFFFFFFFFFFFFFFFFFFFFFFFFFFFFFFFFFFFFFFFFFFFFFFFFFFFFFFFFFFF2A
:2036C000FFFFFFFFFFFFFFFFFFFFFFFFFFFFFFFFFFFFFFFFFFFFFFFFFFFFFFFFFFFFFFFF0A
:2036E000FFFFFFFFFFFFFFFFFFFFFFFFFFFFFFFFFFFFFFFFFFFFFFFFFFFFFFFFFFFFFFFFEA
:20370000FFFFFFFFFFFFFFFFFFFFFFFFFFFFFFFFFFFFFFFFFFFFFFFFFFFFFFFFFFFFFFFFC9
:20372000FFFFFFFFFFFFFFFFFFFFFFFFFFFFFFFFFFFFFFFFFFFFFFFFFFFFFFFFFFFFFFFFA9
:20374000FFFFFFFFFFFFFFFFFFFFFFFFFFFFFFFFFFFFFFFFFFFFFFFFFFFFFFFFFFFFFFFF89
:20376000FFFFFFFFFFFFFFFFFFFFFFFFFFFFFFFFFFFFFFFFFFFFFFFFFFFFFFFFFFFFFFFF69
:20378000FFFFFFFFFFFFFFFFFFFFFFFFFFFFFFFFFFFFFFFFFFFFFFFFFFFFFFFFFFFFFFFF49
:2037A000FFFFFFFFFFFFFFFFFFFFFFFFFFFFFFFFFFFFFFFFFFFFFFFFFFFFFFFFFFFFFFFF29
:2037C000FFFFFFFFFFFFFFFFFFFFFFFFFFFFFFFFFFFFFFFFFFFFFFFFFFFFFFFFFFFFFFFF09
:2037E000FFFFFFFFFFFFFFFFFFFFFFFFFFFFFFFFFFFFFFFFFFFFFFFFFFFFFFFFFFFFFFFFE9
:20380000FFFFFFFFFFFFFFFFFFFFFFFFFFFFFFFFFFFFFFFFFFFFFFFFFFFFFFFFFFFFFFFFC8
:20382000FFFFFFFFFFFFFFFFFFFFFFFFFFFFFFFFFFFFFFFFFFFFFFFFFFFFFFFFFFFFFFFFA8
:20384000FFFFFFFFFFFFFFFFFFFFFFFFFFFFFFFFFFFFFFFFFFFFFFFFFFFFFFFFFFFFFFFF88
:20386000FFFFFFFFFFFFFFFFFFFFFFFFFFFFFFFFFFFFFFFFFFFFFFFFFFFFFFFFFFFFFFFF68
:20388000FFFFFFFFFFFFFFFFFFFFFFFFFFFFFFFFFFFFFFFFFFFFFFFFFFFFFFFFFFFFFFFF48
:2038A000FFFFFFFFFFFFFFFFFFFFFFFFFFFFFFFFFFFFFFFFFFFFFFFFFFFFFFFFFFFFFFFF28
:2038C000FFFFFFFFFFFFFFFFFFFFFFFFFFFFFFFFFFFFFFFFFFFFFFFFFFFFFFFFFFFFFFFF08
:2038E000FFFFFFFFFFFFFFFFFFFFFFFFFFFFFFFFFFFFFFFFFFFFFFFFFFFFFFFFFFFFFFFFE8
:20390000FFFFFFFFFFFFFFFFFFFFFFFFFFFFFFFFFFFFFFFFFFFFFFFFFFFFFFFFFFFFFFFFC7
:20392000FFFFFFFFFFFFFFFFFFFFFFFFFFFFFFFFFFFFFFFFFFFFFFFFFFFFFFFFFFFFFFFFA7
:20394000FFFFFFFFFFFFFFFFFFFFFFFFFFFFFFFFFFFFFFFFFFFFFFFFFFFFFFFFFFFFFFFF87
:20396000FFFFFFFFFFFFFFFFFFFFFFFFFFFFFFFFFFFFFFFFFFFFFFFFFFFFFFFFFFFFFFFF67
:20398000FFFFFFFFFFFFFFFFFFFFFFFFFFFFFFFFFFFFFFFFFFFFFFFFFFFFFFFFFFFFFFFF47
:2039A000FFFFFFFFFFFFFFFFFFFFFFFFFFFFFFFFFFFFFFFFFFFFFFFFFFFFFFFFFFFFFFFF27
:2039C000FFFFFFFFFFFFFFFFFFFFFFFFFFFFFFFFFFFFFFFFFFFFFFFFFFFFFFFFFFFFFFFF07
:2039E000FFFFFFFFFFFFFFFFFFFFFFFFFFFFFFFFFFFFFFFFFFFFFFFFFFFFFFFFFFFFFFFFE7
:203A0000FFFFFFFFFFFFFFFFFFFFFFFFFFFFFFFFFFFFFFFFFFFFFFFFFFFFFFFFFFFFFFFFC6
:203A2000FFFFFFFFFFFFFFFFFFFFFFFFFFFFFFFFFFFFFFFFFFFFFFFFFFFFFFFFFFFFFFFFA6
:203A4000FFFFFFFFFFFFFFFFFFFFFFFFFFFFFFFFFFFFFFFFFFFFFFFFFFFFFFFFFFFFFFFF86
:203A6000FFFFFFFFFFFFFFFFFFFFFFFFFFFFFFFFFFFFFFFFFFFFFFFFFFFFFFFFFFFFFFFF66
:203A8000FFFFFFFFFFFFFFFFFFFFFFFFFFFFFFFFFFFFFFFFFFFFFFFFFFFFFFFFFFFFFFFF46
:203AA000FFFFFFFFFFFFFFFFFFFFFFFFFFFFFFFFFFFFFFFFFFFFFFFFFFFFFFFFFFFFFFFF26
:203AC000FFFFFFFFFFFFFFFFFFFFFFFFFFFFFFFFFFFFFFFFFFFFFFFFFFFFFFFFFFFFFFFF06
:203AE000FFFFFFFFFFFFFFFFFFFFFFFFFFFFFFFFFFFFFFFFFFFFFFFFFFFFFFFFFFFFFFFFE6
:203B0000FFFFFFFFFFFFFFFFFFFFFFFFFFFFFFFFFFFFFFFFFFFFFFFFFFFFFFFFFFFFFFFFC5
:203B2000FFFFFFFFFFFFFFFFFFFFFFFFFFFFFFFFFFFFFFFFFFFFFFFFFFFFFFFFFFFFFFFFA5
:203B4000FFFFFFFFFFFFFFFFFFFFFFFFFFFFFFFFFFFFFFFFFFFFFFFFFFFFFFFFFFFFFFFF85
:203B6000FFFFFFFFFFFFFFFFFFFFFFFFFFFFFFFFFFFFFFFFFFFFFFFFFFFFFFFFFFFFFFFF65
:203B8000FFFFFFFFFFFFFFFFFFFFFFFFFFFFFFFFFFFFFFFFFFFFFFFFFFFFFFFFFFFFFFFF45
:203BA000FFFFFFFFFFFFFFFFFFFFFFFFFFFFFFFFFFFFFFFFFFFFFFFFFFFFFFFFFFFFFFFF25
:203BC000FFFFFFFFFFFFFFFFFFFFFFFFFFFFFFFFFFFFFFFFFFFFFFFFFFFFFFFFFFFFFFFF05
:203BE000FFFFFFFFFFFFFFFFFFFFFFFFFFFFFFFFFFFFFFFFFFFFFFFFFFFFFFFFFFFFFFFFE5
:203C0000FFFFFFFFFFFFFFFFFFFFFFFFFFFFFFFFFFFFFFFFFFFFFFFFFFFFFFFFFFFFFFFFC4
:203C2000FFFFFFFFFFFFFFFFFFFFFFFFFFFFFFFFFFFFFFFFFFFFFFFFFFFFFFFFFFFFFFFFA4
:203C4000FFFFFFFFFFFFFFFFFFFFFFFFFFFFFFFFFFFFFFFFFFFFFFFFFFFFFFFFFFFFFFFF84
:203C6000FFFFFFFFFFFFFFFFFFFFFFFFFFFFFFFFFFFFFFFFFFFFFFFFFFFFFFFFFFFFFFFF64
:203C8000FFFFFFFFFFFFFFFFFFFFFFFFFFFFFFFFFFFFFFFFFFFFFFFFFFFFFFFFFFFFFFFF44
:203CA000FFFFFFFFFFFFFFFFFFFFFFFFFFFFFFFFFFFFFFFFFFFFFFFFFFFFFFFFFFFFFFFF24
:203CC000FFFFFFFFFFFFFFFFFFFFFFFFFFFFFFFFFFFFFFFFFFFFFFFFFFFFFFFFFFFFFFFF04
:203CE000FFFFFFFFFFFFFFFFFFFFFFFFFFFFFFFFFFFFFFFFFFFFFFFFFFFFFFFFFFFFFFFFE4
:203D0000FFFFFFFFFFFFFFFFFFFFFFFFFFFFFFFFFFFFFFFFFFFFFFFFFFFFFFFFFFFFFFFFC3
:203D2000FFFFFFFFFFFFFFFFFFFFFFFFFFFFFFFFFFFFFFFFFFFFFFFFFFFFFFFFFFFFFFFFA3
:203D4000FFFFFFFFFFFFFFFFFFFFFFFFFFFFFFFFFFFFFFFFFFFFFFFFFFFFFFFFFFFFFFFF83
:203D6000FFFFFFFFFFFFFFFFFFFFFFFFFFFFFFFFFFFFFFFFFFFFFFFFFFFFFFFFFFFFFFFF63
:203D8000FFFFFFFFFFFFFFFFFFFFFFFFFFFFFFFFFFFFFFFFFFFFFFFFFFFFFFFFFFFFFFFF43
:203DA000FFFFFFFFFFFFFFFFFFFFFFFFFFFFFFFFFFFFFFFFFFFFFFFFFFFFFFFFFFFFFFFF23
:203DC000FFFFFFFFFFFFFFFFFFFFFFFFFFFFFFFFFFFFFFFFFFFFFFFFFFFFFFFFFFFFFFFF03
:203DE000FFFFFFFFFFFFFFFFFFFFFFFFFFFFFFFFFFFFFFFFFFFFFFFFFFFFFFFFFFFFFFFFE3
:203E0000FFFFFFFFFFFFFFFFFFFFFFFFFFFFFFFFFFFFFFFFFFFFFFFFFFFFFFFFFFFFFFFFC2
:203E2000FFFFFFFFFFFFFFFFFFFFFFFFFFFFFFFFFFFFFFFFFFFFFFFFFFFFFFFFFFFFFFFFA2
:203E4000FFFFFFFFFFFFFFFFFFFFFFFFFFFFFFFFFFFFFFFFFFFFFFFFFFFFFFFFFFFFFFFF82
:203E6000FFFFFFFFFFFFFFFFFFFFFFFFFFFFFFFFFFFFFFFFFFFFFFFFFFFFFFFFFFFFFFFF62
:203E8000FFFFFFFFFFFFFFFFFFFFFFFFFFFFFFFFFFFFFFFFFFFFFFFFFFFFFFFFFFFFFFFF42
:203EA000FFFFFFFFFFFFFFFFFFFFFFFFFFFFFFFFFFFFFFFFFFFFFFFFFFFFFFFFFFFFFFFF22
:203EC000FFFFFFFFFFFFFFFFFFFFFFFFFFFFFFFFFFFFFFFFFFFFFFFFFFFFFFFFFFFFFFFF02
:203EE000FFFFFFFFFFFFFFFFFFFFFFFFFFFFFFFFFFFFFFFFFFFFFFFFFFFFFFFFFFFFFFFFE2
:203F0000FFFFFFFFFFFFFFFFFFFFFFFFFFFFFFFFFFFFFFFFFFFFFFFFFFFFFFFFFFFFFFFFC1
:203F2000FFFFFFFFFFFFFFFFFFFFFFFFFFFFFFFFFFFFFFFFFFFFFFFFFFFFFFFFFFFFFFFFA1
:203F4000FFFFFFFFFFFFFFFFFFFFFFFFFFFFFFFFFFFFFFFFFFFFFFFFFFFFFFFFFFFFFFFF81
:203F6000FFFFFFFFFFFFFFFFFFFFFFFFFFFFFFFFFFFFFFFFFFFFFFFFFFFFFFFFFFFFFFFF61
:203F8000FFFFFFFFFFFFFFFFFFFFFFFFFFFFFFFFFFFFFFFFFFFFFFFFFFFFFFFFFFFFFFFF41
:203FA000FFFFFFFFFFFFFFFFFFFFFFFFFFFFFFFFFFFFFFFFFFFFFFFFFFFFFFFFFFFFFFFF21
:203FC000FFFFFFFFFFFFFFFFFFFFFFFFFFFFFFFFFFFFFFFFFFFFFFFFFFFFFFFFFFFFFFFF01
:203FE000FFFFFFFFFFFFFFFFFFFFFFFFFFFFFFFFFFFFFFFFFFFFFFFFFFFFFFFFFFFFFFFFE1
:20400000FFFFFFFFFFFFFFFFFFFFFFFFFFFFFFFFFFFFFFFFFFFFFFFFFFFFFFFFFFFFFFFFC0
:20402000FFFFFFFFFFFFFFFFFFFFFFFFFFFFFFFFFFFFFFFFFFFFFFFFFFFFFFFFFFFFFFFFA0
:20404000FFFFFFFFFFFFFFFFFFFFFFFFFFFFFFFFFFFFFFFFFFFFFFFFFFFFFFFFFFFFFFFF80
:20406000FFFFFFFFFFFFFFFFFFFFFFFFFFFFFFFFFFFFFFFFFFFFFFFFFFFFFFFFFFFFFFFF60
:20408000FFFFFFFFFFFFFFFFFFFFFFFFFFFFFFFFFFFFFFFFFFFFFFFFFFFFFFFFFFFFFFFF40
:2040A000FFFFFFFFFFFFFFFFFFFFFFFFFFFFFFFFFFFFFFFFFFFFFFFFFFFFFFFFFFFFFFFF20
:2040C000FFFFFFFFFFFFFFFFFFFFFFFFFFFFFFFFFFFFFFFFFFFFFFFFFFFFFFFFFFFFFFFF00
:2040E000FFFFFFFFFFFFFFFFFFFFFFFFFFFFFFFFFFFFFFFFFFFFFFFFFFFFFFFFFFFFFFFFE0
:20410000FFFFFFFFFFFFFFFFFFFFFFFFFFFFFFFFFFFFFFFFFFFFFFFFFFFFFFFFFFFFFFFFBF
:20412000FFFFFFFFFFFFFFFFFFFFFFFFFFFFFFFFFFFFFFFFFFFFFFFFFFFFFFFFFFFFFFFF9F
:20414000FFFFFFFFFFFFFFFFFFFFFFFFFFFFFFFFFFFFFFFFFFFFFFFFFFFFFFFFFFFFFFFF7F
:20416000FFFFFFFFFFFFFFFFFFFFFFFFFFFFFFFFFFFFFFFFFFFFFFFFFFFFFFFFFFFFFFFF5F
:20418000FFFFFFFFFFFFFFFFFFFFFFFFFFFFFFFFFFFFFFFFFFFFFFFFFFFFFFFFFFFFFFFF3F
:2041A000FFFFFFFFFFFFFFFFFFFFFFFFFFFFFFFFFFFFFFFFFFFFFFFFFFFFFFFFFFFFFFFF1F
:2041C000FFFFFFFFFFFFFFFFFFFFFFFFFFFFFFFFFFFFFFFFFFFFFFFFFFFFFFFFFFFFFFFFFF
:2041E000FFFFFFFFFFFFFFFFFFFFFFFFFFFFFFFFFFFFFFFFFFFFFFFFFFFFFFFFFFFFFFFFDF
:20420000FFFFFFFFFFFFFFFFFFFFFFFFFFFFFFFFFFFFFFFFFFFFFFFFFFFFFFFFFFFFFFFFBE
:20422000FFFFFFFFFFFFFFFFFFFFFFFFFFFFFFFFFFFFFFFFFFFFFFFFFFFFFFFFFFFFFFFF9E
:20424000FFFFFFFFFFFFFFFFFFFFFFFFFFFFFFFFFFFFFFFFFFFFFFFFFFFFFFFFFFFFFFFF7E
:20426000FFFFFFFFFFFFFFFFFFFFFFFFFFFFFFFFFFFFFFFFFFFFFFFFFFFFFFFFFFFFFFFF5E
:20428000FFFFFFFFFFFFFFFFFFFFFFFFFFFFFFFFFFFFFFFFFFFFFFFFFFFFFFFFFFFFFFFF3E
:2042A000FFFFFFFFFFFFFFFFFFFFFFFFFFFFFFFFFFFFFFFFFFFFFFFFFFFFFFFFFFFFFFFF1E
:2042C000FFFFFFFFFFFFFFFFFFFFFFFFFFFFFFFFFFFFFFFFFFFFFFFFFFFFFFFFFFFFFFFFFE
:2042E000FFFFFFFFFFFFFFFFFFFFFFFFFFFFFFFFFFFFFFFFFFFFFFFFFFFFFFFFFFFFFFFFDE
:20430000FFFFFFFFFFFFFFFFFFFFFFFFFFFFFFFFFFFFFFFFFFFFFFFFFFFFFFFFFFFFFFFFBD
:20432000FFFFFFFFFFFFFFFFFFFFFFFFFFFFFFFFFFFFFFFFFFFFFFFFFFFFFFFFFFFFFFFF9D
:20434000FFFFFFFFFFFFFFFFFFFFFFFFFFFFFFFFFFFFFFFFFFFFFFFFFFFFFFFFFFFFFFFF7D
:20436000FFFFFFFFFFFFFFFFFFFFFFFFFFFFFFFFFFFFFFFFFFFFFFFFFFFFFFFFFFFFFFFF5D
:20438000FFFFFFFFFFFFFFFFFFFFFFFFFFFFFFFFFFFFFFFFFFFFFFFFFFFFFFFFFFFFFFFF3D
:2043A000FFFFFFFFFFFFFFFFFFFFFFFFFFFFFFFFFFFFFFFFFFFFFFFFFFFFFFFFFFFFFFFF1D
:2043C000FFFFFFFFFFFFFFFFFFFFFFFFFFFFFFFFFFFFFFFFFFFFFFFFFFFFFFFFFFFFFFFFFD
:2043E000FFFFFFFFFFFFFFFFFFFFFFFFFFFFFFFFFFFFFFFFFFFFFFFFFFFFFFFFFFFFFFFFDD
:20440000FFFFFFFFFFFFFFFFFFFFFFFFFFFFFFFFFFFFFFFFFFFFFFFFFFFFFFFFFFFFFFFFBC
:20442000FFFFFFFFFFFFFFFFFFFFFFFFFFFFFFFFFFFFFFFFFFFFFFFFFFFFFFFFFFFFFFFF9C
:20444000FFFFFFFFFFFFFFFFFFFFFFFFFFFFFFFFFFFFFFFFFFFFFFFFFFFFFFFFFFFFFFFF7C
:20446000FFFFFFFFFFFFFFFFFFFFFFFFFFFFFFFFFFFFFFFFFFFFFFFFFFFFFFFFFFFFFFFF5C
:20448000FFFFFFFFFFFFFFFFFFFFFFFFFFFFFFFFFFFFFFFFFFFFFFFFFFFFFFFFFFFFFFFF3C
:2044A000FFFFFFFFFFFFFFFFFFFFFFFFFFFFFFFFFFFFFFFFFFFFFFFFFFFFFFFFFFFFFFFF1C
:2044C000FFFFFFFFFFFFFFFFFFFFFFFFFFFFFFFFFFFFFFFFFFFFFFFFFFFFFFFFFFFFFFFFFC
:2044E000FFFFFFFFFFFFFFFFFFFFFFFFFFFFFFFFFFFFFFFFFFFFFFFFFFFFFFFFFFFFFFFFDC
:20450000FFFFFFFFFFFFFFFFFFFFFFFFFFFFFFFFFFFFFFFFFFFFFFFFFFFFFFFFFFFFFFFFBB
:20452000FFFFFFFFFFFFFFFFFFFFFFFFFFFFFFFFFFFFFFFFFFFFFFFFFFFFFFFFFFFFFFFF9B
:20454000FFFFFFFFFFFFFFFFFFFFFFFFFFFFFFFFFFFFFFFFFFFFFFFFFFFFFFFFFFFFFFFF7B
:20456000FFFFFFFFFFFFFFFFFFFFFFFFFFFFFFFFFFFFFFFFFFFFFFFFFFFFFFFFFFFFFFFF5B
:20458000FFFFFFFFFFFFFFFFFFFFFFFFFFFFFFFFFFFFFFFFFFFFFFFFFFFFFFFFFFFFFFFF3B
:2045A000FFFFFFFFFFFFFFFFFFFFFFFFFFFFFFFFFFFFFFFFFFFFFFFFFFFFFFFFFFFFFFFF1B
:2045C000FFFFFFFFFFFFFFFFFFFFFFFFFFFFFFFFFFFFFFFFFFFFFFFFFFFFFFFFFFFFFFFFFB
:2045E000FFFFFFFFFFFFFFFFFFFFFFFFFFFFFFFFFFFFFFFFFFFFFFFFFFFFFFFFFFFFFFFFDB
:20460000FFFFFFFFFFFFFFFFFFFFFFFFFFFFFFFFFFFFFFFFFFFFFFFFFFFFFFFFFFFFFFFFBA
:20462000FFFFFFFFFFFFFFFFFFFFFFFFFFFFFFFFFFFFFFFFFFFFFFFFFFFFFFFFFFFFFFFF9A
:20464000FFFFFFFFFFFFFFFFFFFFFFFFFFFFFFFFFFFFFFFFFFFFFFFFFFFFFFFFFFFFFFFF7A
:20466000FFFFFFFFFFFFFFFFFFFFFFFFFFFFFFFFFFFFFFFFFFFFFFFFFFFFFFFFFFFFFFFF5A
:20468000FFFFFFFFFFFFFFFFFFFFFFFFFFFFFFFFFFFFFFFFFFFFFFFFFFFFFFFFFFFFFFFF3A
:2046A000FFFFFFFFFFFFFFFFFFFFFFFFFFFFFFFFFFFFFFFFFFFFFFFFFFFFFFFFFFFFFFFF1A
:2046C000FFFFFFFFFFFFFFFFFFFFFFFFFFFFFFFFFFFFFFFFFFFFFFFFFFFFFFFFFFFFFFFFFA
:2046E000FFFFFFFFFFFFFFFFFFFFFFFFFFFFFFFFFFFFFFFFFFFFFFFFFFFFFFFFFFFFFFFFDA
:20470000FFFFFFFFFFFFFFFFFFFFFFFFFFFFFFFFFFFFFFFFFFFFFFFFFFFFFFFFFFFFFFFFB9
:20472000FFFFFFFFFFFFFFFFFFFFFFFFFFFFFFFFFFFFFFFFFFFFFFFFFFFFFFFFFFFFFFFF99
:20474000FFFFFFFFFFFFFFFFFFFFFFFFFFFFFFFFFFFFFFFFFFFFFFFFFFFFFFFFFFFFFFFF79
:20476000FFFFFFFFFFFFFFFFFFFFFFFFFFFFFFFFFFFFFFFFFFFFFFFFFFFFFFFFFFFFFFFF59
:20478000FFFFFFFFFFFFFFFFFFFFFFFFFFFFFFFFFFFFFFFFFFFFFFFFFFFFFFFFFFFFFFFF39
:2047A000FFFFFFFFFFFFFFFFFFFFFFFFFFFFFFFFFFFFFFFFFFFFFFFFFFFFFFFFFFFFFFFF19
:2047C000FFFFFFFFFFFFFFFFFFFFFFFFFFFFFFFFFFFFFFFFFFFFFFFFFFFFFFFFFFFFFFFFF9
:2047E000FFFFFFFFFFFFFFFFFFFFFFFFFFFFFFFFFFFFFFFFFFFFFFFFFFFFFFFFFFFFFFFFD9
:20480000FFFFFFFFFFFFFFFFFFFFFFFFFFFFFFFFFFFFFFFFFFFFFFFFFFFFFFFFFFFFFFFFB8
:20482000FFFFFFFFFFFFFFFFFFFFFFFFFFFFFFFFFFFFFFFFFFFFFFFFFFFFFFFFFFFFFFFF98
:20484000FFFFFFFFFFFFFFFFFFFFFFFFFFFFFFFFFFFFFFFFFFFFFFFFFFFFFFFFFFFFFFFF78
:20486000FFFFFFFFFFFFFFFFFFFFFFFFFFFFFFFFFFFFFFFFFFFFFFFFFFFFFFFFFFFFFFFF58
:20488000FFFFFFFFFFFFFFFFFFFFFFFFFFFFFFFFFFFFFFFFFFFFFFFFFFFFFFFFFFFFFFFF38
:2048A000FFFFFFFFFFFFFFFFFFFFFFFFFFFFFFFFFFFFFFFFFFFFFFFFFFFFFFFFFFFFFFFF18
:2048C000FFFFFFFFFFFFFFFFFFFFFFFFFFFFFFFFFFFFFFFFFFFFFFFFFFFFFFFFFFFFFFFFF8
:2048E000FFFFFFFFFFFFFFFFFFFFFFFFFFFFFFFFFFFFFFFFFFFFFFFFFFFFFFFFFFFFFFFFD8
:20490000FFFFFFFFFFFFFFFFFFFFFFFFFFFFFFFFFFFFFFFFFFFFFFFFFFFFFFFFFFFFFFFFB7
:20492000FFFFFFFFFFFFFFFFFFFFFFFFFFFFFFFFFFFFFFFFFFFFFFFFFFFFFFFFFFFFFFFF97
:20494000FFFFFFFFFFFFFFFFFFFFFFFFFFFFFFFFFFFFFFFFFFFFFFFFFFFFFFFFFFFFFFFF77
:20496000FFFFFFFFFFFFFFFFFFFFFFFFFFFFFFFFFFFFFFFFFFFFFFFFFFFFFFFFFFFFFFFF57
:20498000FFFFFFFFFFFFFFFFFFFFFFFFFFFFFFFFFFFFFFFFFFFFFFFFFFFFFFFFFFFFFFFF37
:2049A000FFFFFFFFFFFFFFFFFFFFFFFFFFFFFFFFFFFFFFFFFFFFFFFFFFFFFFFFFFFFFFFF17
:2049C000FFFFFFFFFFFFFFFFFFFFFFFFFFFFFFFFFFFFFFFFFFFFFFFFFFFFFFFFFFFFFFFFF7
:2049E000FFFFFFFFFFFFFFFFFFFFFFFFFFFFFFFFFFFFFFFFFFFFFFFFFFFFFFFFFFFFFFFFD7
:204A0000FFFFFFFFFFFFFFFFFFFFFFFFFFFFFFFFFFFFFFFFFFFFFFFFFFFFFFFFFFFFFFFFB6
:204A2000FFFFFFFFFFFFFFFFFFFFFFFFFFFFFFFFFFFFFFFFFFFFFFFFFFFFFFFFFFFFFFFF96
:204A4000FFFFFFFFFFFFFFFFFFFFFFFFFFFFFFFFFFFFFFFFFFFFFFFFFFFFFFFFFFFFFFFF76
:204A6000FFFFFFFFFFFFFFFFFFFFFFFFFFFFFFFFFFFFFFFFFFFFFFFFFFFFFFFFFFFFFFFF56
:204A8000FFFFFFFFFFFFFFFFFFFFFFFFFFFFFFFFFFFFFFFFFFFFFFFFFFFFFFFFFFFFFFFF36
:204AA000FFFFFFFFFFFFFFFFFFFFFFFFFFFFFFFFFFFFFFFFFFFFFFFFFFFFFFFFFFFFFFFF16
:204AC000FFFFFFFFFFFFFFFFFFFFFFFFFFFFFFFFFFFFFFFFFFFFFFFFFFFFFFFFFFFFFFFFF6
:204AE000FFFFFFFFFFFFFFFFFFFFFFFFFFFFFFFFFFFFFFFFFFFFFFFFFFFFFFFFFFFFFFFFD6
:204B0000FFFFFFFFFFFFFFFFFFFFFFFFFFFFFFFFFFFFFFFFFFFFFFFFFFFFFFFFFFFFFFFFB5
:204B2000FFFFFFFFFFFFFFFFFFFFFFFFFFFFFFFFFFFFFFFFFFFFFFFFFFFFFFFFFFFFFFFF95
:204B4000FFFFFFFFFFFFFFFFFFFFFFFFFFFFFFFFFFFFFFFFFFFFFFFFFFFFFFFFFFFFFFFF75
:204B6000FFFFFFFFFFFFFFFFFFFFFFFFFFFFFFFFFFFFFFFFFFFFFFFFFFFFFFFFFFFFFFFF55
:204B8000FFFFFFFFFFFFFFFFFFFFFFFFFFFFFFFFFFFFFFFFFFFFFFFFFFFFFFFFFFFFFFFF35
:204BA000FFFFFFFFFFFFFFFFFFFFFFFFFFFFFFFFFFFFFFFFFFFFFFFFFFFFFFFFFFFFFFFF15
:204BC000FFFFFFFFFFFFFFFFFFFFFFFFFFFFFFFFFFFFFFFFFFFFFFFFFFFFFFFFFFFFFFFFF5
:204BE000FFFFFFFFFFFFFFFFFFFFFFFFFFFFFFFFFFFFFFFFFFFFFFFFFFFFFFFFFFFFFFFFD5
:204C0000FFFFFFFFFFFFFFFFFFFFFFFFFFFFFFFFFFFFFFFFFFFFFFFFFFFFFFFFFFFFFFFFB4
:204C2000FFFFFFFFFFFFFFFFFFFFFFFFFFFFFFFFFFFFFFFFFFFFFFFFFFFFFFFFFFFFFFFF94
:204C4000FFFFFFFFFFFFFFFFFFFFFFFFFFFFFFFFFFFFFFFFFFFFFFFFFFFFFFFFFFFFFFFF74
:204C6000FFFFFFFFFFFFFFFFFFFFFFFFFFFFFFFFFFFFFFFFFFFFFFFFFFFFFFFFFFFFFFFF54
:204C8000FFFFFFFFFFFFFFFFFFFFFFFFFFFFFFFFFFFFFFFFFFFFFFFFFFFFFFFFFFFFFFFF34
:204CA000FFFFFFFFFFFFFFFFFFFFFFFFFFFFFFFFFFFFFFFFFFFFFFFFFFFFFFFFFFFFFFFF14
:204CC000FFFFFFFFFFFFFFFFFFFFFFFFFFFFFFFFFFFFFFFFFFFFFFFFFFFFFFFFFFFFFFFFF4
:204CE000FFFFFFFFFFFFFFFFFFFFFFFFFFFFFFFFFFFFFFFFFFFFFFFFFFFFFFFFFFFFFFFFD4
:204D0000FFFFFFFFFFFFFFFFFFFFFFFFFFFFFFFFFFFFFFFFFFFFFFFFFFFFFFFFFFFFFFFFB3
:204D2000FFFFFFFFFFFFFFFFFFFFFFFFFFFFFFFFFFFFFFFFFFFFFFFFFFFFFFFFFFFFFFFF93
:204D4000FFFFFFFFFFFFFFFFFFFFFFFFFFFFFFFFFFFFFFFFFFFFFFFFFFFFFFFFFFFFFFFF73
:204D6000FFFFFFFFFFFFFFFFFFFFFFFFFFFFFFFFFFFFFFFFFFFFFFFFFFFFFFFFFFFFFFFF53
:204D8000FFFFFFFFFFFFFFFFFFFFFFFFFFFFFFFFFFFFFFFFFFFFFFFFFFFFFFFFFFFFFFFF33
:204DA000FFFFFFFFFFFFFFFFFFFFFFFFFFFFFFFFFFFFFFFFFFFFFFFFFFFFFFFFFFFFFFFF13
:204DC000FFFFFFFFFFFFFFFFFFFFFFFFFFFFFFFFFFFFFFFFFFFFFFFFFFFFFFFFFFFFFFFFF3
:204DE000FFFFFFFFFFFFFFFFFFFFFFFFFFFFFFFFFFFFFFFFFFFFFFFFFFFFFFFFFFFFFFFFD3
:204E0000FFFFFFFFFFFFFFFFFFFFFFFFFFFFFFFFFFFFFFFFFFFFFFFFFFFFFFFFFFFFFFFFB2
:204E2000FFFFFFFFFFFFFFFFFFFFFFFFFFFFFFFFFFFFFFFFFFFFFFFFFFFFFFFFFFFFFFFF92
:204E4000FFFFFFFFFFFFFFFFFFFFFFFFFFFFFFFFFFFFFFFFFFFFFFFFFFFFFFFFFFFFFFFF72
:204E6000FFFFFFFFFFFFFFFFFFFFFFFFFFFFFFFFFFFFFFFFFFFFFFFFFFFFFFFFFFFFFFFF52
:204E8000FFFFFFFFFFFFFFFFFFFFFFFFFFFFFFFFFFFFFFFFFFFFFFFFFFFFFFFFFFFFFFFF32
:204EA000FFFFFFFFFFFFFFFFFFFFFFFFFFFFFFFFFFFFFFFFFFFFFFFFFFFFFFFFFFFFFFFF12
:204EC000FFFFFFFFFFFFFFFFFFFFFFFFFFFFFFFFFFFFFFFFFFFFFFFFFFFFFFFFFFFFFFFFF2
:204EE000FFFFFFFFFFFFFFFFFFFFFFFFFFFFFFFFFFFFFFFFFFFFFFFFFFFFFFFFFFFFFFFFD2
:204F0000FFFFFFFFFFFFFFFFFFFFFFFFFFFFFFFFFFFFFFFFFFFFFFFFFFFFFFFFFFFFFFFFB1
:204F2000FFFFFFFFFFFFFFFFFFFFFFFFFFFFFFFFFFFFFFFFFFFFFFFFFFFFFFFFFFFFFFFF91
:204F4000FFFFFFFFFFFFFFFFFFFFFFFFFFFFFFFFFFFFFFFFFFFFFFFFFFFFFFFFFFFFFFFF71
:204F6000FFFFFFFFFFFFFFFFFFFFFFFFFFFFFFFFFFFFFFFFFFFFFFFFFFFFFFFFFFFFFFFF51
:204F8000FFFFFFFFFFFFFFFFFFFFFFFFFFFFFFFFFFFFFFFFFFFFFFFFFFFFFFFFFFFFFFFF31
:204FA000FFFFFFFFFFFFFFFFFFFFFFFFFFFFFFFFFFFFFFFFFFFFFFFFFFFFFFFFFFFFFFFF11
:204FC000FFFFFFFFFFFFFFFFFFFFFFFFFFFFFFFFFFFFFFFFFFFFFFFFFFFFFFFFFFFFFFFFF1
:204FE000FFFFFFFFFFFFFFFFFFFFFFFFFFFFFFFFFFFFFFFFFFFFFFFFFFFFFFFFFFFFFFFFD1
:20500000FFFFFFFFFFFFFFFFFFFFFFFFFFFFFFFFFFFFFFFFFFFFFFFFFFFFFFFFFFFFFFFFB0
:20502000FFFFFFFFFFFFFFFFFFFFFFFFFFFFFFFFFFFFFFFFFFFFFFFFFFFFFFFFFFFFFFFF90
:20504000FFFFFFFFFFFFFFFFFFFFFFFFFFFFFFFFFFFFFFFFFFFFFFFFFFFFFFFFFFFFFFFF70
:20506000FFFFFFFFFFFFFFFFFFFFFFFFFFFFFFFFFFFFFFFFFFFFFFFFFFFFFFFFFFFFFFFF50
:20508000FFFFFFFFFFFFFFFFFFFFFFFFFFFFFFFFFFFFFFFFFFFFFFFFFFFFFFFFFFFFFFFF30
:2050A000FFFFFFFFFFFFFFFFFFFFFFFFFFFFFFFFFFFFFFFFFFFFFFFFFFFFFFFFFFFFFFFF10
:2050C000FFFFFFFFFFFFFFFFFFFFFFFFFFFFFFFFFFFFFFFFFFFFFFFFFFFFFFFFFFFFFFFFF0
:2050E000FFFFFFFFFFFFFFFFFFFFFFFFFFFFFFFFFFFFFFFFFFFFFFFFFFFFFFFFFFFFFFFFD0
:20510000FFFFFFFFFFFFFFFFFFFFFFFFFFFFFFFFFFFFFFFFFFFFFFFFFFFFFFFFFFFFFFFFAF
:20512000FFFFFFFFFFFFFFFFFFFFFFFFFFFFFFFFFFFFFFFFFFFFFFFFFFFFFFFFFFFFFFFF8F
:20514000FFFFFFFFFFFFFFFFFFFFFFFFFFFFFFFFFFFFFFFFFFFFFFFFFFFFFFFFFFFFFFFF6F
:20516000FFFFFFFFFFFFFFFFFFFFFFFFFFFFFFFFFFFFFFFFFFFFFFFFFFFFFFFFFFFFFFFF4F
:20518000FFFFFFFFFFFFFFFFFFFFFFFFFFFFFFFFFFFFFFFFFFFFFFFFFFFFFFFFFFFFFFFF2F
:2051A000FFFFFFFFFFFFFFFFFFFFFFFFFFFFFFFFFFFFFFFFFFFFFFFFFFFFFFFFFFFFFFFF0F
:2051C000FFFFFFFFFFFFFFFFFFFFFFFFFFFFFFFFFFFFFFFFFFFFFFFFFFFFFFFFFFFFFFFFEF
:2051E000FFFFFFFFFFFFFFFFFFFFFFFFFFFFFFFFFFFFFFFFFFFFFFFFFFFFFFFFFFFFFFFFCF
:20520000FFFFFFFFFFFFFFFFFFFFFFFFFFFFFFFFFFFFFFFFFFFFFFFFFFFFFFFFFFFFFFFFAE
:20522000FFFFFFFFFFFFFFFFFFFFFFFFFFFFFFFFFFFFFFFFFFFFFFFFFFFFFFFFFFFFFFFF8E
:20524000FFFFFFFFFFFFFFFFFFFFFFFFFFFFFFFFFFFFFFFFFFFFFFFFFFFFFFFFFFFFFFFF6E
:20526000FFFFFFFFFFFFFFFFFFFFFFFFFFFFFFFFFFFFFFFFFFFFFFFFFFFFFFFFFFFFFFFF4E
:20528000FFFFFFFFFFFFFFFFFFFFFFFFFFFFFFFFFFFFFFFFFFFFFFFFFFFFFFFFFFFFFFFF2E
:2052A000FFFFFFFFFFFFFFFFFFFFFFFFFFFFFFFFFFFFFFFFFFFFFFFFFFFFFFFFFFFFFFFF0E
:2052C000FFFFFFFFFFFFFFFFFFFFFFFFFFFFFFFFFFFFFFFFFFFFFFFFFFFFFFFFFFFFFFFFEE
:2052E000FFFFFFFFFFFFFFFFFFFFFFFFFFFFFFFFFFFFFFFFFFFFFFFFFFFFFFFFFFFFFFFFCE
:20530000FFFFFFFFFFFFFFFFFFFFFFFFFFFFFFFFFFFFFFFFFFFFFFFFFFFFFFFFFFFFFFFFAD
:20532000FFFFFFFFFFFFFFFFFFFFFFFFFFFFFFFFFFFFFFFFFFFFFFFFFFFFFFFFFFFFFFFF8D
:20534000FFFFFFFFFFFFFFFFFFFFFFFFFFFFFFFFFFFFFFFFFFFFFFFFFFFFFFFFFFFFFFFF6D
:20536000FFFFFFFFFFFFFFFFFFFFFFFFFFFFFFFFFFFFFFFFFFFFFFFFFFFFFFFFFFFFFFFF4D
:20538000FFFFFFFFFFFFFFFFFFFFFFFFFFFFFFFFFFFFFFFFFFFFFFFFFFFFFFFFFFFFFFFF2D
:2053A000FFFFFFFFFFFFFFFFFFFFFFFFFFFFFFFFFFFFFFFFFFFFFFFFFFFFFFFFFFFFFFFF0D
:2053C000FFFFFFFFFFFFFFFFFFFFFFFFFFFFFFFFFFFFFFFFFFFFFFFFFFFFFFFFFFFFFFFFED
:2053E000FFFFFFFFFFFFFFFFFFFFFFFFFFFFFFFFFFFFFFFFFFFFFFFFFFFFFFFFFFFFFFFFCD
:20540000FFFFFFFFFFFFFFFFFFFFFFFFFFFFFFFFFFFFFFFFFFFFFFFFFFFFFFFFFFFFFFFFAC
:20542000FFFFFFFFFFFFFFFFFFFFFFFFFFFFFFFFFFFFFFFFFFFFFFFFFFFFFFFFFFFFFFFF8C
:20544000FFFFFFFFFFFFFFFFFFFFFFFFFFFFFFFFFFFFFFFFFFFFFFFFFFFFFFFFFFFFFFFF6C
:20546000FFFFFFFFFFFFFFFFFFFFFFFFFFFFFFFFFFFFFFFFFFFFFFFFFFFFFFFFFFFFFFFF4C
:20548000FFFFFFFFFFFFFFFFFFFFFFFFFFFFFFFFFFFFFFFFFFFFFFFFFFFFFFFFFFFFFFFF2C
:2054A000FFFFFFFFFFFFFFFFFFFFFFFFFFFFFFFFFFFFFFFFFFFFFFFFFFFFFFFFFFFFFFFF0C
:2054C000FFFFFFFFFFFFFFFFFFFFFFFFFFFFFFFFFFFFFFFFFFFFFFFFFFFFFFFFFFFFFFFFEC
:2054E000FFFFFFFFFFFFFFFFFFFFFFFFFFFFFFFFFFFFFFFFFFFFFFFFFFFFFFFFFFFFFFFFCC
:20550000FFFFFFFFFFFFFFFFFFFFFFFFFFFFFFFFFFFFFFFFFFFFFFFFFFFFFFFFFFFFFFFFAB
:20552000FFFFFFFFFFFFFFFFFFFFFFFFFFFFFFFFFFFFFFFFFFFFFFFFFFFFFFFFFFFFFFFF8B
:20554000FFFFFFFFFFFFFFFFFFFFFFFFFFFFFFFFFFFFFFFFFFFFFFFFFFFFFFFFFFFFFFFF6B
:20556000FFFFFFFFFFFFFFFFFFFFFFFFFFFFFFFFFFFFFFFFFFFFFFFFFFFFFFFFFFFFFFFF4B
:20558000FFFFFFFFFFFFFFFFFFFFFFFFFFFFFFFFFFFFFFFFFFFFFFFFFFFFFFFFFFFFFFFF2B
:2055A000FFFFFFFFFFFFFFFFFFFFFFFFFFFFFFFFFFFFFFFFFFFFFFFFFFFFFFFFFFFFFFFF0B
:2055C000FFFFFFFFFFFFFFFFFFFFFFFFFFFFFFFFFFFFFFFFFFFFFFFFFFFFFFFFFFFFFFFFEB
:2055E000FFFFFFFFFFFFFFFFFFFFFFFFFFFFFFFFFFFFFFFFFFFFFFFFFFFFFFFFFFFFFFFFCB
:20560000FFFFFFFFFFFFFFFFFFFFFFFFFFFFFFFFFFFFFFFFFFFFFFFFFFFFFFFFFFFFFFFFAA
:20562000FFFFFFFFFFFFFFFFFFFFFFFFFFFFFFFFFFFFFFFFFFFFFFFFFFFFFFFFFFFFFFFF8A
:20564000FFFFFFFFFFFFFFFFFFFFFFFFFFFFFFFFFFFFFFFFFFFFFFFFFFFFFFFFFFFFFFFF6A
:20566000FFFFFFFFFFFFFFFFFFFFFFFFFFFFFFFFFFFFFFFFFFFFFFFFFFFFFFFFFFFFFFFF4A
:20568000FFFFFFFFFFFFFFFFFFFFFFFFFFFFFFFFFFFFFFFFFFFFFFFFFFFFFFFFFFFFFFFF2A
:2056A000FFFFFFFFFFFFFFFFFFFFFFFFFFFFFFFFFFFFFFFFFFFFFFFFFFFFFFFFFFFFFFFF0A
:2056C000FFFFFFFFFFFFFFFFFFFFFFFFFFFFFFFFFFFFFFFFFFFFFFFFFFFFFFFFFFFFFFFFEA
:2056E000FFFFFFFFFFFFFFFFFFFFFFFFFFFFFFFFFFFFFFFFFFFFFFFFFFFFFFFFFFFFFFFFCA
:20570000FFFFFFFFFFFFFFFFFFFFFFFFFFFFFFFFFFFFFFFFFFFFFFFFFFFFFFFFFFFFFFFFA9
:20572000FFFFFFFFFFFFFFFFFFFFFFFFFFFFFFFFFFFFFFFFFFFFFFFFFFFFFFFFFFFFFFFF89
:20574000FFFFFFFFFFFFFFFFFFFFFFFFFFFFFFFFFFFFFFFFFFFFFFFFFFFFFFFFFFFFFFFF69
:20576000FFFFFFFFFFFFFFFFFFFFFFFFFFFFFFFFFFFFFFFFFFFFFFFFFFFFFFFFFFFFFFFF49
:20578000FFFFFFFFFFFFFFFFFFFFFFFFFFFFFFFFFFFFFFFFFFFFFFFFFFFFFFFFFFFFFFFF29
:2057A000FFFFFFFFFFFFFFFFFFFFFFFFFFFFFFFFFFFFFFFFFFFFFFFFFFFFFFFFFFFFFFFF09
:2057C000FFFFFFFFFFFFFFFFFFFFFFFFFFFFFFFFFFFFFFFFFFFFFFFFFFFFFFFFFFFFFFFFE9
:2057E000FFFFFFFFFFFFFFFFFFFFFFFFFFFFFFFFFFFFFFFFFFFFFFFFFFFFFFFFFFFFFFFFC9
:20580000FFFFFFFFFFFFFFFFFFFFFFFFFFFFFFFFFFFFFFFFFFFFFFFFFFFFFFFFFFFFFFFFA8
:20582000FFFFFFFFFFFFFFFFFFFFFFFFFFFFFFFFFFFFFFFFFFFFFFFFFFFFFFFFFFFFFFFF88
:20584000FFFFFFFFFFFFFFFFFFFFFFFFFFFFFFFFFFFFFFFFFFFFFFFFFFFFFFFFFFFFFFFF68
:20586000FFFFFFFFFFFFFFFFFFFFFFFFFFFFFFFFFFFFFFFFFFFFFFFFFFFFFFFFFFFFFFFF48
:20588000FFFFFFFFFFFFFFFFFFFFFFFFFFFFFFFFFFFFFFFFFFFFFFFFFFFFFFFFFFFFFFFF28
:2058A000FFFFFFFFFFFFFFFFFFFFFFFFFFFFFFFFFFFFFFFFFFFFFFFFFFFFFFFFFFFFFFFF08
:2058C000FFFFFFFFFFFFFFFFFFFFFFFFFFFFFFFFFFFFFFFFFFFFFFFFFFFFFFFFFFFFFFFFE8
:2058E000FFFFFFFFFFFFFFFFFFFFFFFFFFFFFFFFFFFFFFFFFFFFFFFFFFFFFFFFFFFFFFFFC8
:20590000FFFFFFFFFFFFFFFFFFFFFFFFFFFFFFFFFFFFFFFFFFFFFFFFFFFFFFFFFFFFFFFFA7
:20592000FFFFFFFFFFFFFFFFFFFFFFFFFFFFFFFFFFFFFFFFFFFFFFFFFFFFFFFFFFFFFFFF87
:20594000FFFFFFFFFFFFFFFFFFFFFFFFFFFFFFFFFFFFFFFFFFFFFFFFFFFFFFFFFFFFFFFF67
:20596000FFFFFFFFFFFFFFFFFFFFFFFFFFFFFFFFFFFFFFFFFFFFFFFFFFFFFFFFFFFFFFFF47
:20598000FFFFFFFFFFFFFFFFFFFFFFFFFFFFFFFFFFFFFFFFFFFFFFFFFFFFFFFFFFFFFFFF27
:2059A000FFFFFFFFFFFFFFFFFFFFFFFFFFFFFFFFFFFFFFFFFFFFFFFFFFFFFFFFFFFFFFFF07
:2059C000FFFFFFFFFFFFFFFFFFFFFFFFFFFFFFFFFFFFFFFFFFFFFFFFFFFFFFFFFFFFFFFFE7
:2059E000FFFFFFFFFFFFFFFFFFFFFFFFFFFFFFFFFFFFFFFFFFFFFFFFFFFFFFFFFFFFFFFFC7
:205A0000FFFFFFFFFFFFFFFFFFFFFFFFFFFFFFFFFFFFFFFFFFFFFFFFFFFFFFFFFFFFFFFFA6
:205A2000FFFFFFFFFFFFFFFFFFFFFFFFFFFFFFFFFFFFFFFFFFFFFFFFFFFFFFFFFFFFFFFF86
:205A4000FFFFFFFFFFFFFFFFFFFFFFFFFFFFFFFFFFFFFFFFFFFFFFFFFFFFFFFFFFFFFFFF66
:205A6000FFFFFFFFFFFFFFFFFFFFFFFFFFFFFFFFFFFFFFFFFFFFFFFFFFFFFFFFFFFFFFFF46
:205A8000FFFFFFFFFFFFFFFFFFFFFFFFFFFFFFFFFFFFFFFFFFFFFFFFFFFFFFFFFFFFFFFF26
:205AA000FFFFFFFFFFFFFFFFFFFFFFFFFFFFFFFFFFFFFFFFFFFFFFFFFFFFFFFFFFFFFFFF06
:205AC000FFFFFFFFFFFFFFFFFFFFFFFFFFFFFFFFFFFFFFFFFFFFFFFFFFFFFFFFFFFFFFFFE6
:205AE000FFFFFFFFFFFFFFFFFFFFFFFFFFFFFFFFFFFFFFFFFFFFFFFFFFFFFFFFFFFFFFFFC6
:205B0000FFFFFFFFFFFFFFFFFFFFFFFFFFFFFFFFFFFFFFFFFFFFFFFFFFFFFFFFFFFFFFFFA5
:205B2000FFFFFFFFFFFFFFFFFFFFFFFFFFFFFFFFFFFFFFFFFFFFFFFFFFFFFFFFFFFFFFFF85
:205B4000FFFFFFFFFFFFFFFFFFFFFFFFFFFFFFFFFFFFFFFFFFFFFFFFFFFFFFFFFFFFFFFF65
:205B6000FFFFFFFFFFFFFFFFFFFFFFFFFFFFFFFFFFFFFFFFFFFFFFFFFFFFFFFFFFFFFFFF45
:205B8000FFFFFFFFFFFFFFFFFFFFFFFFFFFFFFFFFFFFFFFFFFFFFFFFFFFFFFFFFFFFFFFF25
:205BA000FFFFFFFFFFFFFFFFFFFFFFFFFFFFFFFFFFFFFFFFFFFFFFFFFFFFFFFFFFFFFFFF05
:205BC000FFFFFFFFFFFFFFFFFFFFFFFFFFFFFFFFFFFFFFFFFFFFFFFFFFFFFFFFFFFFFFFFE5
:205BE000FFFFFFFFFFFFFFFFFFFFFFFFFFFFFFFFFFFFFFFFFFFFFFFFFFFFFFFFFFFFFFFFC5
:205C0000FFFFFFFFFFFFFFFFFFFFFFFFFFFFFFFFFFFFFFFFFFFFFFFFFFFFFFFFFFFFFFFFA4
:205C2000FFFFFFFFFFFFFFFFFFFFFFFFFFFFFFFFFFFFFFFFFFFFFFFFFFFFFFFFFFFFFFFF84
:205C4000FFFFFFFFFFFFFFFFFFFFFFFFFFFFFFFFFFFFFFFFFFFFFFFFFFFFFFFFFFFFFFFF64
:205C6000FFFFFFFFFFFFFFFFFFFFFFFFFFFFFFFFFFFFFFFFFFFFFFFFFFFFFFFFFFFFFFFF44
:205C8000FFFFFFFFFFFFFFFFFFFFFFFFFFFFFFFFFFFFFFFFFFFFFFFFFFFFFFFFFFFFFFFF24
:205CA000FFFFFFFFFFFFFFFFFFFFFFFFFFFFFFFFFFFFFFFFFFFFFFFFFFFFFFFFFFFFFFFF04
:205CC000FFFFFFFFFFFFFFFFFFFFFFFFFFFFFFFFFFFFFFFFFFFFFFFFFFFFFFFFFFFFFFFFE4
:205CE000FFFFFFFFFFFFFFFFFFFFFFFFFFFFFFFFFFFFFFFFFFFFFFFFFFFFFFFFFFFFFFFFC4
:205D0000FFFFFFFFFFFFFFFFFFFFFFFFFFFFFFFFFFFFFFFFFFFFFFFFFFFFFFFFFFFFFFFFA3
:205D2000FFFFFFFFFFFFFFFFFFFFFFFFFFFFFFFFFFFFFFFFFFFFFFFFFFFFFFFFFFFFFFFF83
:205D4000FFFFFFFFFFFFFFFFFFFFFFFFFFFFFFFFFFFFFFFFFFFFFFFFFFFFFFFFFFFFFFFF63
:205D6000FFFFFFFFFFFFFFFFFFFFFFFFFFFFFFFFFFFFFFFFFFFFFFFFFFFFFFFFFFFFFFFF43
:205D8000FFFFFFFFFFFFFFFFFFFFFFFFFFFFFFFFFFFFFFFFFFFFFFFFFFFFFFFFFFFFFFFF23
:205DA000FFFFFFFFFFFFFFFFFFFFFFFFFFFFFFFFFFFFFFFFFFFFFFFFFFFFFFFFFFFFFFFF03
:205DC000FFFFFFFFFFFFFFFFFFFFFFFFFFFFFFFFFFFFFFFFFFFFFFFFFFFFFFFFFFFFFFFFE3
:205DE000FFFFFFFFFFFFFFFFFFFFFFFFFFFFFFFFFFFFFFFFFFFFFFFFFFFFFFFFFFFFFFFFC3
:205E0000FFFFFFFFFFFFFFFFFFFFFFFFFFFFFFFFFFFFFFFFFFFFFFFFFFFFFFFFFFFFFFFFA2
:205E2000FFFFFFFFFFFFFFFFFFFFFFFFFFFFFFFFFFFFFFFFFFFFFFFFFFFFFFFFFFFFFFFF82
:205E4000FFFFFFFFFFFFFFFFFFFFFFFFFFFFFFFFFFFFFFFFFFFFFFFFFFFFFFFFFFFFFFFF62
:205E6000FFFFFFFFFFFFFFFFFFFFFFFFFFFFFFFFFFFFFFFFFFFFFFFFFFFFFFFFFFFFFFFF42
:205E8000FFFFFFFFFFFFFFFFFFFFFFFFFFFFFFFFFFFFFFFFFFFFFFFFFFFFFFFFFFFFFFFF22
:205EA000FFFFFFFFFFFFFFFFFFFFFFFFFFFFFFFFFFFFFFFFFFFFFFFFFFFFFFFFFFFFFFFF02
:205EC000FFFFFFFFFFFFFFFFFFFFFFFFFFFFFFFFFFFFFFFFFFFFFFFFFFFFFFFFFFFFFFFFE2
:205EE000FFFFFFFFFFFFFFFFFFFFFFFFFFFFFFFFFFFFFFFFFFFFFFFFFFFFFFFFFFFFFFFFC2
:205F0000FFFFFFFFFFFFFFFFFFFFFFFFFFFFFFFFFFFFFFFFFFFFFFFFFFFFFFFFFFFFFFFFA1
:205F2000FFFFFFFFFFFFFFFFFFFFFFFFFFFFFFFFFFFFFFFFFFFFFFFFFFFFFFFFFFFFFFFF81
:205F4000FFFFFFFFFFFFFFFFFFFFFFFFFFFFFFFFFFFFFFFFFFFFFFFFFFFFFFFFFFFFFFFF61
:205F6000FFFFFFFFFFFFFFFFFFFFFFFFFFFFFFFFFFFFFFFFFFFFFFFFFFFFFFFFFFFFFFFF41
:205F8000FFFFFFFFFFFFFFFFFFFFFFFFFFFFFFFFFFFFFFFFFFFFFFFFFFFFFFFFFFFFFFFF21
:205FA000FFFFFFFFFFFFFFFFFFFFFFFFFFFFFFFFFFFFFFFFFFFFFFFFFFFFFFFFFFFFFFFF01
:205FC000FFFFFFFFFFFFFFFFFFFFFFFFFFFFFFFFFFFFFFFFFFFFFFFFFFFFFFFFFFFFFFFFE1
:205FE000FFFFFFFFFFFFFFFFFFFFFFFFFFFFFFFFFFFFFFFFFFFFFFFFFFFFFFFFFFFFFFFFC1
:20600000FFFFFFFFFFFFFFFFFFFFFFFFFFFFFFFFFFFFFFFFFFFFFFFFFFFFFFFFFFFFFFFFA0
:20602000FFFFFFFFFFFFFFFFFFFFFFFFFFFFFFFFFFFFFFFFFFFFFFFFFFFFFFFFFFFFFFFF80
:20604000FFFFFFFFFFFFFFFFFFFFFFFFFFFFFFFFFFFFFFFFFFFFFFFFFFFFFFFFFFFFFFFF60
:20606000FFFFFFFFFFFFFFFFFFFFFFFFFFFFFFFFFFFFFFFFFFFFFFFFFFFFFFFFFFFFFFFF40
:20608000FFFFFFFFFFFFFFFFFFFFFFFFFFFFFFFFFFFFFFFFFFFFFFFFFFFFFFFFFFFFFFFF20
:2060A000FFFFFFFFFFFFFFFFFFFFFFFFFFFFFFFFFFFFFFFFFFFFFFFFFFFFFFFFFFFFFFFF00
:2060C000FFFFFFFFFFFFFFFFFFFFFFFFFFFFFFFFFFFFFFFFFFFFFFFFFFFFFFFFFFFFFFFFE0
:2060E000FFFFFFFFFFFFFFFFFFFFFFFFFFFFFFFFFFFFFFFFFFFFFFFFFFFFFFFFFFFFFFFFC0
:20610000FFFFFFFFFFFFFFFFFFFFFFFFFFFFFFFFFFFFFFFFFFFFFFFFFFFFFFFFFFFFFFFF9F
:20612000FFFFFFFFFFFFFFFFFFFFFFFFFFFFFFFFFFFFFFFFFFFFFFFFFFFFFFFFFFFFFFFF7F
:20614000FFFFFFFFFFFFFFFFFFFFFFFFFFFFFFFFFFFFFFFFFFFFFFFFFFFFFFFFFFFFFFFF5F
:20616000FFFFFFFFFFFFFFFFFFFFFFFFFFFFFFFFFFFFFFFFFFFFFFFFFFFFFFFFFFFFFFFF3F
:20618000FFFFFFFFFFFFFFFFFFFFFFFFFFFFFFFFFFFFFFFFFFFFFFFFFFFFFFFFFFFFFFFF1F
:2061A000FFFFFFFFFFFFFFFFFFFFFFFFFFFFFFFFFFFFFFFFFFFFFFFFFFFFFFFFFFFFFFFFFF
:2061C000FFFFFFFFFFFFFFFFFFFFFFFFFFFFFFFFFFFFFFFFFFFFFFFFFFFFFFFFFFFFFFFFDF
:2061E000FFFFFFFFFFFFFFFFFFFFFFFFFFFFFFFFFFFFFFFFFFFFFFFFFFFFFFFFFFFFFFFFBF
:20620000FFFFFFFFFFFFFFFFFFFFFFFFFFFFFFFFFFFFFFFFFFFFFFFFFFFFFFFFFFFFFFFF9E
:20622000FFFFFFFFFFFFFFFFFFFFFFFFFFFFFFFFFFFFFFFFFFFFFFFFFFFFFFFFFFFFFFFF7E
:20624000FFFFFFFFFFFFFFFFFFFFFFFFFFFFFFFFFFFFFFFFFFFFFFFFFFFFFFFFFFFFFFFF5E
:20626000FFFFFFFFFFFFFFFFFFFFFFFFFFFFFFFFFFFFFFFFFFFFFFFFFFFFFFFFFFFFFFFF3E
:20628000FFFFFFFFFFFFFFFFFFFFFFFFFFFFFFFFFFFFFFFFFFFFFFFFFFFFFFFFFFFFFFFF1E
:2062A000FFFFFFFFFFFFFFFFFFFFFFFFFFFFFFFFFFFFFFFFFFFFFFFFFFFFFFFFFFFFFFFFFE
:2062C000FFFFFFFFFFFFFFFFFFFFFFFFFFFFFFFFFFFFFFFFFFFFFFFFFFFFFFFFFFFFFFFFDE
:2062E000FFFFFFFFFFFFFFFFFFFFFFFFFFFFFFFFFFFFFFFFFFFFFFFFFFFFFFFFFFFFFFFFBE
:20630000FFFFFFFFFFFFFFFFFFFFFFFFFFFFFFFFFFFFFFFFFFFFFFFFFFFFFFFFFFFFFFFF9D
:20632000FFFFFFFFFFFFFFFFFFFFFFFFFFFFFFFFFFFFFFFFFFFFFFFFFFFFFFFFFFFFFFFF7D
:20634000FFFFFFFFFFFFFFFFFFFFFFFFFFFFFFFFFFFFFFFFFFFFFFFFFFFFFFFFFFFFFFFF5D
:20636000FFFFFFFFFFFFFFFFFFFFFFFFFFFFFFFFFFFFFFFFFFFFFFFFFFFFFFFFFFFFFFFF3D
:20638000FFFFFFFFFFFFFFFFFFFFFFFFFFFFFFFFFFFFFFFFFFFFFFFFFFFFFFFFFFFFFFFF1D
:2063A000FFFFFFFFFFFFFFFFFFFFFFFFFFFFFFFFFFFFFFFFFFFFFFFFFFFFFFFFFFFFFFFFFD
:2063C000FFFFFFFFFFFFFFFFFFFFFFFFFFFFFFFFFFFFFFFFFFFFFFFFFFFFFFFFFFFFFFFFDD
:2063E000FFFFFFFFFFFFFFFFFFFFFFFFFFFFFFFFFFFFFFFFFFFFFFFFFFFFFFFFFFFFFFFFBD
:20640000FFFFFFFFFFFFFFFFFFFFFFFFFFFFFFFFFFFFFFFFFFFFFFFFFFFFFFFFFFFFFFFF9C
:20642000FFFFFFFFFFFFFFFFFFFFFFFFFFFFFFFFFFFFFFFFFFFFFFFFFFFFFFFFFFFFFFFF7C
:20644000FFFFFFFFFFFFFFFFFFFFFFFFFFFFFFFFFFFFFFFFFFFFFFFFFFFFFFFFFFFFFFFF5C
:20646000FFFFFFFFFFFFFFFFFFFFFFFFFFFFFFFFFFFFFFFFFFFFFFFFFFFFFFFFFFFFFFFF3C
:20648000FFFFFFFFFFFFFFFFFFFFFFFFFFFFFFFFFFFFFFFFFFFFFFFFFFFFFFFFFFFFFFFF1C
:2064A000FFFFFFFFFFFFFFFFFFFFFFFFFFFFFFFFFFFFFFFFFFFFFFFFFFFFFFFFFFFFFFFFFC
:2064C000FFFFFFFFFFFFFFFFFFFFFFFFFFFFFFFFFFFFFFFFFFFFFFFFFFFFFFFFFFFFFFFFDC
:2064E000FFFFFFFFFFFFFFFFFFFFFFFFFFFFFFFFFFFFFFFFFFFFFFFFFFFFFFFFFFFFFFFFBC
:20650000FFFFFFFFFFFFFFFFFFFFFFFFFFFFFFFFFFFFFFFFFFFFFFFFFFFFFFFFFFFFFFFF9B
:20652000FFFFFFFFFFFFFFFFFFFFFFFFFFFFFFFFFFFFFFFFFFFFFFFFFFFFFFFFFFFFFFFF7B
:20654000FFFFFFFFFFFFFFFFFFFFFFFFFFFFFFFFFFFFFFFFFFFFFFFFFFFFFFFFFFFFFFFF5B
:20656000FFFFFFFFFFFFFFFFFFFFFFFFFFFFFFFFFFFFFFFFFFFFFFFFFFFFFFFFFFFFFFFF3B
:20658000FFFFFFFFFFFFFFFFFFFFFFFFFFFFFFFFFFFFFFFFFFFFFFFFFFFFFFFFFFFFFFFF1B
:2065A000FFFFFFFFFFFFFFFFFFFFFFFFFFFFFFFFFFFFFFFFFFFFFFFFFFFFFFFFFFFFFFFFFB
:2065C000FFFFFFFFFFFFFFFFFFFFFFFFFFFFFFFFFFFFFFFFFFFFFFFFFFFFFFFFFFFFFFFFDB
:2065E000FFFFFFFFFFFFFFFFFFFFFFFFFFFFFFFFFFFFFFFFFFFFFFFFFFFFFFFFFFFFFFFFBB
:20660000FFFFFFFFFFFFFFFFFFFFFFFFFFFFFFFFFFFFFFFFFFFFFFFFFFFFFFFFFFFFFFFF9A
:20662000FFFFFFFFFFFFFFFFFFFFFFFFFFFFFFFFFFFFFFFFFFFFFFFFFFFFFFFFFFFFFFFF7A
:20664000FFFFFFFFFFFFFFFFFFFFFFFFFFFFFFFFFFFFFFFFFFFFFFFFFFFFFFFFFFFFFFFF5A
:20666000FFFFFFFFFFFFFFFFFFFFFFFFFFFFFFFFFFFFFFFFFFFFFFFFFFFFFFFFFFFFFFFF3A
:20668000FFFFFFFFFFFFFFFFFFFFFFFFFFFFFFFFFFFFFFFFFFFFFFFFFFFFFFFFFFFFFFFF1A
:2066A000FFFFFFFFFFFFFFFFFFFFFFFFFFFFFFFFFFFFFFFFFFFFFFFFFFFFFFFFFFFFFFFFFA
:2066C000FFFFFFFFFFFFFFFFFFFFFFFFFFFFFFFFFFFFFFFFFFFFFFFFFFFFFFFFFFFFFFFFDA
:2066E000FFFFFFFFFFFFFFFFFFFFFFFFFFFFFFFFFFFFFFFFFFFFFFFFFFFFFFFFFFFFFFFFBA
:20670000FFFFFFFFFFFFFFFFFFFFFFFFFFFFFFFFFFFFFFFFFFFFFFFFFFFFFFFFFFFFFFFF99
:20672000FFFFFFFFFFFFFFFFFFFFFFFFFFFFFFFFFFFFFFFFFFFFFFFFFFFFFFFFFFFFFFFF79
:20674000FFFFFFFFFFFFFFFFFFFFFFFFFFFFFFFFFFFFFFFFFFFFFFFFFFFFFFFFFFFFFFFF59
:20676000FFFFFFFFFFFFFFFFFFFFFFFFFFFFFFFFFFFFFFFFFFFFFFFFFFFFFFFFFFFFFFFF39
:20678000FFFFFFFFFFFFFFFFFFFFFFFFFFFFFFFFFFFFFFFFFFFFFFFFFFFFFFFFFFFFFFFF19
:2067A000FFFFFFFFFFFFFFFFFFFFFFFFFFFFFFFFFFFFFFFFFFFFFFFFFFFFFFFFFFFFFFFFF9
:2067C000FFFFFFFFFFFFFFFFFFFFFFFFFFFFFFFFFFFFFFFFFFFFFFFFFFFFFFFFFFFFFFFFD9
:2067E000FFFFFFFFFFFFFFFFFFFFFFFFFFFFFFFFFFFFFFFFFFFFFFFFFFFFFFFFFFFFFFFFB9
:20680000FFFFFFFFFFFFFFFFFFFFFFFFFFFFFFFFFFFFFFFFFFFFFFFFFFFFFFFFFFFFFFFF98
:20682000FFFFFFFFFFFFFFFFFFFFFFFFFFFFFFFFFFFFFFFFFFFFFFFFFFFFFFFFFFFFFFFF78
:20684000FFFFFFFFFFFFFFFFFFFFFFFFFFFFFFFFFFFFFFFFFFFFFFFFFFFFFFFFFFFFFFFF58
:20686000FFFFFFFFFFFFFFFFFFFFFFFFFFFFFFFFFFFFFFFFFFFFFFFFFFFFFFFFFFFFFFFF38
:20688000FFFFFFFFFFFFFFFFFFFFFFFFFFFFFFFFFFFFFFFFFFFFFFFFFFFFFFFFFFFFFFFF18
:2068A000FFFFFFFFFFFFFFFFFFFFFFFFFFFFFFFFFFFFFFFFFFFFFFFFFFFFFFFFFFFFFFFFF8
:2068C000FFFFFFFFFFFFFFFFFFFFFFFFFFFFFFFFFFFFFFFFFFFFFFFFFFFFFFFFFFFFFFFFD8
:2068E000FFFFFFFFFFFFFFFFFFFFFFFFFFFFFFFFFFFFFFFFFFFFFFFFFFFFFFFFFFFFFFFFB8
:20690000FFFFFFFFFFFFFFFFFFFFFFFFFFFFFFFFFFFFFFFFFFFFFFFFFFFFFFFFFFFFFFFF97
:20692000FFFFFFFFFFFFFFFFFFFFFFFFFFFFFFFFFFFFFFFFFFFFFFFFFFFFFFFFFFFFFFFF77
:20694000FFFFFFFFFFFFFFFFFFFFFFFFFFFFFFFFFFFFFFFFFFFFFFFFFFFFFFFFFFFFFFFF57
:20696000FFFFFFFFFFFFFFFFFFFFFFFFFFFFFFFFFFFFFFFFFFFFFFFFFFFFFFFFFFFFFFFF37
:20698000FFFFFFFFFFFFFFFFFFFFFFFFFFFFFFFFFFFFFFFFFFFFFFFFFFFFFFFFFFFFFFFF17
:2069A000FFFFFFFFFFFFFFFFFFFFFFFFFFFFFFFFFFFFFFFFFFFFFFFFFFFFFFFFFFFFFFFFF7
:2069C000FFFFFFFFFFFFFFFFFFFFFFFFFFFFFFFFFFFFFFFFFFFFFFFFFFFFFFFFFFFFFFFFD7
:2069E000FFFFFFFFFFFFFFFFFFFFFFFFFFFFFFFFFFFFFFFFFFFFFFFFFFFFFFFFFFFFFFFFB7
:206A0000FFFFFFFFFFFFFFFFFFFFFFFFFFFFFFFFFFFFFFFFFFFFFFFFFFFFFFFFFFFFFFFF96
:206A2000FFFFFFFFFFFFFFFFFFFFFFFFFFFFFFFFFFFFFFFFFFFFFFFFFFFFFFFFFFFFFFFF76
:206A4000FFFFFFFFFFFFFFFFFFFFFFFFFFFFFFFFFFFFFFFFFFFFFFFFFFFFFFFFFFFFFFFF56
:206A6000FFFFFFFFFFFFFFFFFFFFFFFFFFFFFFFFFFFFFFFFFFFFFFFFFFFFFFFFFFFFFFFF36
:206A8000FFFFFFFFFFFFFFFFFFFFFFFFFFFFFFFFFFFFFFFFFFFFFFFFFFFFFFFFFFFFFFFF16
:206AA000FFFFFFFFFFFFFFFFFFFFFFFFFFFFFFFFFFFFFFFFFFFFFFFFFFFFFFFFFFFFFFFFF6
:206AC000FFFFFFFFFFFFFFFFFFFFFFFFFFFFFFFFFFFFFFFFFFFFFFFFFFFFFFFFFFFFFFFFD6
:206AE000FFFFFFFFFFFFFFFFFFFFFFFFFFFFFFFFFFFFFFFFFFFFFFFFFFFFFFFFFFFFFFFFB6
:206B0000FFFFFFFFFFFFFFFFFFFFFFFFFFFFFFFFFFFFFFFFFFFFFFFFFFFFFFFFFFFFFFFF95
:206B2000FFFFFFFFFFFFFFFFFFFFFFFFFFFFFFFFFFFFFFFFFFFFFFFFFFFFFFFFFFFFFFFF75
:206B4000FFFFFFFFFFFFFFFFFFFFFFFFFFFFFFFFFFFFFFFFFFFFFFFFFFFFFFFFFFFFFFFF55
:206B6000FFFFFFFFFFFFFFFFFFFFFFFFFFFFFFFFFFFFFFFFFFFFFFFFFFFFFFFFFFFFFFFF35
:206B8000FFFFFFFFFFFFFFFFFFFFFFFFFFFFFFFFFFFFFFFFFFFFFFFFFFFFFFFFFFFFFFFF15
:206BA000FFFFFFFFFFFFFFFFFFFFFFFFFFFFFFFFFFFFFFFFFFFFFFFFFFFFFFFFFFFFFFFFF5
:206BC000FFFFFFFFFFFFFFFFFFFFFFFFFFFFFFFFFFFFFFFFFFFFFFFFFFFFFFFFFFFFFFFFD5
:206BE000FFFFFFFFFFFFFFFFFFFFFFFFFFFFFFFFFFFFFFFFFFFFFFFFFFFFFFFFFFFFFFFFB5
:206C0000FFFFFFFFFFFFFFFFFFFFFFFFFFFFFFFFFFFFFFFFFFFFFFFFFFFFFFFFFFFFFFFF94
:206C2000FFFFFFFFFFFFFFFFFFFFFFFFFFFFFFFFFFFFFFFFFFFFFFFFFFFFFFFFFFFFFFFF74
:206C4000FFFFFFFFFFFFFFFFFFFFFFFFFFFFFFFFFFFFFFFFFFFFFFFFFFFFFFFFFFFFFFFF54
:206C6000FFFFFFFFFFFFFFFFFFFFFFFFFFFFFFFFFFFFFFFFFFFFFFFFFFFFFFFFFFFFFFFF34
:206C8000FFFFFFFFFFFFFFFFFFFFFFFFFFFFFFFFFFFFFFFFFFFFFFFFFFFFFFFFFFFFFFFF14
:206CA000FFFFFFFFFFFFFFFFFFFFFFFFFFFFFFFFFFFFFFFFFFFFFFFFFFFFFFFFFFFFFFFFF4
:206CC000FFFFFFFFFFFFFFFFFFFFFFFFFFFFFFFFFFFFFFFFFFFFFFFFFFFFFFFFFFFFFFFFD4
:206CE000FFFFFFFFFFFFFFFFFFFFFFFFFFFFFFFFFFFFFFFFFFFFFFFFFFFFFFFFFFFFFFFFB4
:206D0000FFFFFFFFFFFFFFFFFFFFFFFFFFFFFFFFFFFFFFFFFFFFFFFFFFFFFFFFFFFFFFFF93
:206D2000FFFFFFFFFFFFFFFFFFFFFFFFFFFFFFFFFFFFFFFFFFFFFFFFFFFFFFFFFFFFFFFF73
:206D4000FFFFFFFFFFFFFFFFFFFFFFFFFFFFFFFFFFFFFFFFFFFFFFFFFFFFFFFFFFFFFFFF53
:206D6000FFFFFFFFFFFFFFFFFFFFFFFFFFFFFFFFFFFFFFFFFFFFFFFFFFFFFFFFFFFFFFFF33
:206D8000FFFFFFFFFFFFFFFFFFFFFFFFFFFFFFFFFFFFFFFFFFFFFFFFFFFFFFFFFFFFFFFF13
:206DA000FFFFFFFFFFFFFFFFFFFFFFFFFFFFFFFFFFFFFFFFFFFFFFFFFFFFFFFFFFFFFFFFF3
:206DC000FFFFFFFFFFFFFFFFFFFFFFFFFFFFFFFFFFFFFFFFFFFFFFFFFFFFFFFFFFFFFFFFD3
:206DE000FFFFFFFFFFFFFFFFFFFFFFFFFFFFFFFFFFFFFFFFFFFFFFFFFFFFFFFFFFFFFFFFB3
:206E0000FFFFFFFFFFFFFFFFFFFFFFFFFFFFFFFFFFFFFFFFFFFFFFFFFFFFFFFFFFFFFFFF92
:206E2000FFFFFFFFFFFFFFFFFFFFFFFFFFFFFFFFFFFFFFFFFFFFFFFFFFFFFFFFFFFFFFFF72
:206E4000FFFFFFFFFFFFFFFFFFFFFFFFFFFFFFFFFFFFFFFFFFFFFFFFFFFFFFFFFFFFFFFF52
:206E6000FFFFFFFFFFFFFFFFFFFFFFFFFFFFFFFFFFFFFFFFFFFFFFFFFFFFFFFFFFFFFFFF32
:206E8000FFFFFFFFFFFFFFFFFFFFFFFFFFFFFFFFFFFFFFFFFFFFFFFFFFFFFFFFFFFFFFFF12
:206EA000FFFFFFFFFFFFFFFFFFFFFFFFFFFFFFFFFFFFFFFFFFFFFFFFFFFFFFFFFFFFFFFFF2
:206EC000FFFFFFFFFFFFFFFFFFFFFFFFFFFFFFFFFFFFFFFFFFFFFFFFFFFFFFFFFFFFFFFFD2
:206EE000FFFFFFFFFFFFFFFFFFFFFFFFFFFFFFFFFFFFFFFFFFFFFFFFFFFFFFFFFFFFFFFFB2
:206F0000FFFFFFFFFFFFFFFFFFFFFFFFFFFFFFFFFFFFFFFFFFFFFFFFFFFFFFFFFFFFFFFF91
:206F2000FFFFFFFFFFFFFFFFFFFFFFFFFFFFFFFFFFFFFFFFFFFFFFFFFFFFFFFFFFFFFFFF71
:206F4000FFFFFFFFFFFFFFFFFFFFFFFFFFFFFFFFFFFFFFFFFFFFFFFFFFFFFFFFFFFFFFFF51
:206F6000FFFFFFFFFFFFFFFFFFFFFFFFFFFFFFFFFFFFFFFFFFFFFFFFFFFFFFFFFFFFFFFF31
:206F8000FFFFFFFFFFFFFFFFFFFFFFFFFFFFFFFFFFFFFFFFFFFFFFFFFFFFFFFFFFFFFFFF11
:206FA000FFFFFFFFFFFFFFFFFFFFFFFFFFFFFFFFFFFFFFFFFFFFFFFFFFFFFFFFFFFFFFFFF1
:206FC000FFFFFFFFFFFFFFFFFFFFFFFFFFFFFFFFFFFFFFFFFFFFFFFFFFFFFFFFFFFFFFFFD1
:206FE000FFFFFFFFFFFFFFFFFFFFFFFFFFFFFFFFFFFFFFFFFFFFFFFFFFFFFFFFFFFFFFFFB1
:20700000FFFFFFFFFFFFFFFFFFFFFFFFFFFFFFFFFFFFFFFFFFFFFFFFFFFFFFFFFFFFFFFF90
:20702000FFFFFFFFFFFFFFFFFFFFFFFFFFFFFFFFFFFFFFFFFFFFFFFFFFFFFFFFFFFFFFFF70
:20704000FFFFFFFFFFFFFFFFFFFFFFFFFFFFFFFFFFFFFFFFFFFFFFFFFFFFFFFFFFFFFFFF50
:20706000FFFFFFFFFFFFFFFFFFFFFFFFFFFFFFFFFFFFFFFFFFFFFFFFFFFFFFFFFFFFFFFF30
:20708000FFFFFFFFFFFFFFFFFFFFFFFFFFFFFFFFFFFFFFFFFFFFFFFFFFFFFFFFFFFFFFFF10
:2070A000FFFFFFFFFFFFFFFFFFFFFFFFFFFFFFFFFFFFFFFFFFFFFFFFFFFFFFFFFFFFFFFFF0
:2070C000FFFFFFFFFFFFFFFFFFFFFFFFFFFFFFFFFFFFFFFFFFFFFFFFFFFFFFFFFFFFFFFFD0
:2070E000FFFFFFFFFFFFFFFFFFFFFFFFFFFFFFFFFFFFFFFFFFFFFFFFFFFFFFFFFFFFFFFFB0
:20710000FFFFFFFFFFFFFFFFFFFFFFFFFFFFFFFFFFFFFFFFFFFFFFFFFFFFFFFFFFFFFFFF8F
:20712000FFFFFFFFFFFFFFFFFFFFFFFFFFFFFFFFFFFFFFFFFFFFFFFFFFFFFFFFFFFFFFFF6F
:20714000FFFFFFFFFFFFFFFFFFFFFFFFFFFFFFFFFFFFFFFFFFFFFFFFFFFFFFFFFFFFFFFF4F
:20716000FFFFFFFFFFFFFFFFFFFFFFFFFFFFFFFFFFFFFFFFFFFFFFFFFFFFFFFFFFFFFFFF2F
:20718000FFFFFFFFFFFFFFFFFFFFFFFFFFFFFFFFFFFFFFFFFFFFFFFFFFFFFFFFFFFFFFFF0F
:2071A000FFFFFFFFFFFFFFFFFFFFFFFFFFFFFFFFFFFFFFFFFFFFFFFFFFFFFFFFFFFFFFFFEF
:2071C000FFFFFFFFFFFFFFFFFFFFFFFFFFFFFFFFFFFFFFFFFFFFFFFFFFFFFFFFFFFFFFFFCF
:2071E000FFFFFFFFFFFFFFFFFFFFFFFFFFFFFFFFFFFFFFFFFFFFFFFFFFFFFFFFFFFFFFFFAF
:20720000FFFFFFFFFFFFFFFFFFFFFFFFFFFFFFFFFFFFFFFFFFFFFFFFFFFFFFFFFFFFFFFF8E
:20722000FFFFFFFFFFFFFFFFFFFFFFFFFFFFFFFFFFFFFFFFFFFFFFFFFFFFFFFFFFFFFFFF6E
:20724000FFFFFFFFFFFFFFFFFFFFFFFFFFFFFFFFFFFFFFFFFFFFFFFFFFFFFFFFFFFFFFFF4E
:20726000FFFFFFFFFFFFFFFFFFFFFFFFFFFFFFFFFFFFFFFFFFFFFFFFFFFFFFFFFFFFFFFF2E
:20728000FFFFFFFFFFFFFFFFFFFFFFFFFFFFFFFFFFFFFFFFFFFFFFFFFFFFFFFFFFFFFFFF0E
:2072A000FFFFFFFFFFFFFFFFFFFFFFFFFFFFFFFFFFFFFFFFFFFFFFFFFFFFFFFFFFFFFFFFEE
:2072C000FFFFFFFFFFFFFFFFFFFFFFFFFFFFFFFFFFFFFFFFFFFFFFFFFFFFFFFFFFFFFFFFCE
:2072E000FFFFFFFFFFFFFFFFFFFFFFFFFFFFFFFFFFFFFFFFFFFFFFFFFFFFFFFFFFFFFFFFAE
:20730000FFFFFFFFFFFFFFFFFFFFFFFFFFFFFFFFFFFFFFFFFFFFFFFFFFFFFFFFFFFFFFFF8D
:20732000FFFFFFFFFFFFFFFFFFFFFFFFFFFFFFFFFFFFFFFFFFFFFFFFFFFFFFFFFFFFFFFF6D
:20734000FFFFFFFFFFFFFFFFFFFFFFFFFFFFFFFFFFFFFFFFFFFFFFFFFFFFFFFFFFFFFFFF4D
:20736000FFFFFFFFFFFFFFFFFFFFFFFFFFFFFFFFFFFFFFFFFFFFFFFFFFFFFFFFFFFFFFFF2D
:20738000FFFFFFFFFFFFFFFFFFFFFFFFFFFFFFFFFFFFFFFFFFFFFFFFFFFFFFFFFFFFFFFF0D
:2073A000FFFFFFFFFFFFFFFFFFFFFFFFFFFFFFFFFFFFFFFFFFFFFFFFFFFFFFFFFFFFFFFFED
:2073C000FFFFFFFFFFFFFFFFFFFFFFFFFFFFFFFFFFFFFFFFFFFFFFFFFFFFFFFFFFFFFFFFCD
:2073E000FFFFFFFFFFFFFFFFFFFFFFFFFFFFFFFFFFFFFFFFFFFFFFFFFFFFFFFFFFFFFFFFAD
:20740000FFFFFFFFFFFFFFFFFFFFFFFFFFFFFFFFFFFFFFFFFFFFFFFFFFFFFFFFFFFFFFFF8C
:20742000FFFFFFFFFFFFFFFFFFFFFFFFFFFFFFFFFFFFFFFFFFFFFFFFFFFFFFFFFFFFFFFF6C
:20744000FFFFFFFFFFFFFFFFFFFFFFFFFFFFFFFFFFFFFFFFFFFFFFFFFFFFFFFFFFFFFFFF4C
:20746000FFFFFFFFFFFFFFFFFFFFFFFFFFFFFFFFFFFFFFFFFFFFFFFFFFFFFFFFFFFFFFFF2C
:20748000FFFFFFFFFFFFFFFFFFFFFFFFFFFFFFFFFFFFFFFFFFFFFFFFFFFFFFFFFFFFFFFF0C
:2074A000FFFFFFFFFFFFFFFFFFFFFFFFFFFFFFFFFFFFFFFFFFFFFFFFFFFFFFFFFFFFFFFFEC
:2074C000FFFFFFFFFFFFFFFFFFFFFFFFFFFFFFFFFFFFFFFFFFFFFFFFFFFFFFFFFFFFFFFFCC
:2074E000FFFFFFFFFFFFFFFFFFFFFFFFFFFFFFFFFFFFFFFFFFFFFFFFFFFFFFFFFFFFFFFFAC
:20750000FFFFFFFFFFFFFFFFFFFFFFFFFFFFFFFFFFFFFFFFFFFFFFFFFFFFFFFFFFFFFFFF8B
:20752000FFFFFFFFFFFFFFFFFFFFFFFFFFFFFFFFFFFFFFFFFFFFFFFFFFFFFFFFFFFFFFFF6B
:20754000FFFFFFFFFFFFFFFFFFFFFFFFFFFFFFFFFFFFFFFFFFFFFFFFFFFFFFFFFFFFFFFF4B
:20756000FFFFFFFFFFFFFFFFFFFFFFFFFFFFFFFFFFFFFFFFFFFFFFFFFFFFFFFFFFFFFFFF2B
:20758000FFFFFFFFFFFFFFFFFFFFFFFFFFFFFFFFFFFFFFFFFFFFFFFFFFFFFFFFFFFFFFFF0B
:2075A000FFFFFFFFFFFFFFFFFFFFFFFFFFFFFFFFFFFFFFFFFFFFFFFFFFFFFFFFFFFFFFFFEB
:2075C000FFFFFFFFFFFFFFFFFFFFFFFFFFFFFFFFFFFFFFFFFFFFFFFFFFFFFFFFFFFFFFFFCB
:2075E000FFFFFFFFFFFFFFFFFFFFFFFFFFFFFFFFFFFFFFFFFFFFFFFFFFFFFFFFFFFFFFFFAB
:20760000FFFFFFFFFFFFFFFFFFFFFFFFFFFFFFFFFFFFFFFFFFFFFFFFFFFFFFFFFFFFFFFF8A
:20762000FFFFFFFFFFFFFFFFFFFFFFFFFFFFFFFFFFFFFFFFFFFFFFFFFFFFFFFFFFFFFFFF6A
:20764000FFFFFFFFFFFFFFFFFFFFFFFFFFFFFFFFFFFFFFFFFFFFFFFFFFFFFFFFFFFFFFFF4A
:20766000FFFFFFFFFFFFFFFFFFFFFFFFFFFFFFFFFFFFFFFFFFFFFFFFFFFFFFFFFFFFFFFF2A
:20768000FFFFFFFFFFFFFFFFFFFFFFFFFFFFFFFFFFFFFFFFFFFFFFFFFFFFFFFFFFFFFFFF0A
:2076A000FFFFFFFFFFFFFFFFFFFFFFFFFFFFFFFFFFFFFFFFFFFFFFFFFFFFFFFFFFFFFFFFEA
:2076C000FFFFFFFFFFFFFFFFFFFFFFFFFFFFFFFFFFFFFFFFFFFFFFFFFFFFFFFFFFFFFFFFCA
:2076E000FFFFFFFFFFFFFFFFFFFFFFFFFFFFFFFFFFFFFFFFFFFFFFFFFFFFFFFFFFFFFFFFAA
:20770000FFFFFFFFFFFFFFFFFFFFFFFFFFFFFFFFFFFFFFFFFFFFFFFFFFFFFFFFFFFFFFFF89
:20772000FFFFFFFFFFFFFFFFFFFFFFFFFFFFFFFFFFFFFFFFFFFFFFFFFFFFFFFFFFFFFFFF69
:20774000FFFFFFFFFFFFFFFFFFFFFFFFFFFFFFFFFFFFFFFFFFFFFFFFFFFFFFFFFFFFFFFF49
:20776000FFFFFFFFFFFFFFFFFFFFFFFFFFFFFFFFFFFFFFFFFFFFFFFFFFFFFFFFFFFFFFFF29
:20778000FFFFFFFFFFFFFFFFFFFFFFFFFFFFFFFFFFFFFFFFFFFFFFFFFFFFFFFFFFFFFFFF09
:2077A000FFFFFFFFFFFFFFFFFFFFFFFFFFFFFFFFFFFFFFFFFFFFFFFFFFFFFFFFFFFFFFFFE9
:2077C000FFFFFFFFFFFFFFFFFFFFFFFFFFFFFFFFFFFFFFFFFFFFFFFFFFFFFFFFFFFFFFFFC9
:2077E000FFFFFFFFFFFFFFFFFFFFFFFFFFFFFFFFFFFFFFFFFFFFFFFFFFFFFFFFFFFFFFFFA9
:20780000FFFFFFFFFFFFFFFFFFFFFFFFFFFFFFFFFFFFFFFFFFFFFFFFFFFFFFFFFFFFFFFF88
:20782000FFFFFFFFFFFFFFFFFFFFFFFFFFFFFFFFFFFFFFFFFFFFFFFFFFFFFFFFFFFFFFFF68
:20784000FFFFFFFFFFFFFFFFFFFFFFFFFFFFFFFFFFFFFFFFFFFFFFFFFFFFFFFFFFFFFFFF48
:20786000FFFFFFFFFFFFFFFFFFFFFFFFFFFFFFFFFFFFFFFFFFFFFFFFFFFFFFFFFFFFFFFF28
:20788000FFFFFFFFFFFFFFFFFFFFFFFFFFFFFFFFFFFFFFFFFFFFFFFFFFFFFFFFFFFFFFFF08
:2078A000FFFFFFFFFFFFFFFFFFFFFFFFFFFFFFFFFFFFFFFFFFFFFFFFFFFFFFFFFFFFFFFFE8
:2078C000FFFFFFFFFFFFFFFFFFFFFFFFFFFFFFFFFFFFFFFFFFFFFFFFFFFFFFFFFFFFFFFFC8
:2078E000FFFFFFFFFFFFFFFFFFFFFFFFFFFFFFFFFFFFFFFFFFFFFFFFFFFFFFFFFFFFFFFFA8
:20790000FFFFFFFFFFFFFFFFFFFFFFFFFFFFFFFFFFFFFFFFFFFFFFFFFFFFFFFFFFFFFFFF87
:20792000FFFFFFFFFFFFFFFFFFFFFFFFFFFFFFFFFFFFFFFFFFFFFFFFFFFFFFFFFFFFFFFF67
:20794000FFFFFFFFFFFFFFFFFFFFFFFFFFFFFFFFFFFFFFFFFFFFFFFFFFFFFFFFFFFFFFFF47
:20796000FFFFFFFFFFFFFFFFFFFFFFFFFFFFFFFFFFFFFFFFFFFFFFFFFFFFFFFFFFFFFFFF27
:20798000FFFFFFFFFFFFFFFFFFFFFFFFFFFFFFFFFFFFFFFFFFFFFFFFFFFFFFFFFFFFFFFF07
:2079A000FFFFFFFFFFFFFFFFFFFFFFFFFFFFFFFFFFFFFFFFFFFFFFFFFFFFFFFFFFFFFFFFE7
:2079C000FFFFFFFFFFFFFFFFFFFFFFFFFFFFFFFFFFFFFFFFFFFFFFFFFFFFFFFFFFFFFFFFC7
:2079E000FFFFFFFFFFFFFFFFFFFFFFFFFFFFFFFFFFFFFFFFFFFFFFFFFFFFFFFFFFFFFFFFA7
:207A0000FFFFFFFFFFFFFFFFFFFFFFFFFFFFFFFFFFFFFFFFFFFFFFFFFFFFFFFFFFFFFFFF86
:207A2000FFFFFFFFFFFFFFFFFFFFFFFFFFFFFFFFFFFFFFFFFFFFFFFFFFFFFFFFFFFFFFFF66
:207A4000FFFFFFFFFFFFFFFFFFFFFFFFFFFFFFFFFFFFFFFFFFFFFFFFFFFFFFFFFFFFFFFF46
:207A6000FFFFFFFFFFFFFFFFFFFFFFFFFFFFFFFFFFFFFFFFFFFFFFFFFFFFFFFFFFFFFFFF26
:207A8000FFFFFFFFFFFFFFFFFFFFFFFFFFFFFFFFFFFFFFFFFFFFFFFFFFFFFFFFFFFFFFFF06
:207AA000FFFFFFFFFFFFFFFFFFFFFFFFFFFFFFFFFFFFFFFFFFFFFFFFFFFFFFFFFFFFFFFFE6
:207AC000FFFFFFFFFFFFFFFFFFFFFFFFFFFFFFFFFFFFFFFFFFFFFFFFFFFFFFFFFFFFFFFFC6
:207AE000FFFFFFFFFFFFFFFFFFFFFFFFFFFFFFFFFFFFFFFFFFFFFFFFFFFFFFFFFFFFFFFFA6
:207B0000FFFFFFFFFFFFFFFFFFFFFFFFFFFFFFFFFFFFFFFFFFFFFFFFFFFFFFFFFFFFFFFF85
:207B2000FFFFFFFFFFFFFFFFFFFFFFFFFFFFFFFFFFFFFFFFFFFFFFFFFFFFFFFFFFFFFFFF65
:207B4000FFFFFFFFFFFFFFFFFFFFFFFFFFFFFFFFFFFFFFFFFFFFFFFFFFFFFFFFFFFFFFFF45
:207B6000FFFFFFFFFFFFFFFFFFFFFFFFFFFFFFFFFFFFFFFFFFFFFFFFFFFFFFFFFFFFFFFF25
:207B8000FFFFFFFFFFFFFFFFFFFFFFFFFFFFFFFFFFFFFFFFFFFFFFFFFFFFFFFFFFFFFFFF05
:207BA000FFFFFFFFFFFFFFFFFFFFFFFFFFFFFFFFFFFFFFFFFFFFFFFFFFFFFFFFFFFFFFFFE5
:207BC000FFFFFFFFFFFFFFFFFFFFFFFFFFFFFFFFFFFFFFFFFFFFFFFFFFFFFFFFFFFFFFFFC5
:207BE000FFFFFFFFFFFFFFFFFFFFFFFFFFFFFFFFFFFFFFFFFFFFFFFFFFFFFFFFFFFFFFFFA5
:207C0000FFFFFFFFFFFFFFFFFFFFFFFFFFFFFFFFFFFFFFFFFFFFFFFFFFFFFFFFFFFFFFFF84
:207C2000FFFFFFFFFFFFFFFFFFFFFFFFFFFFFFFFFFFFFFFFFFFFFFFFFFFFFFFFFFFFFFFF64
:207C4000FFFFFFFFFFFFFFFFFFFFFFFFFFFFFFFFFFFFFFFFFFFFFFFFFFFFFFFFFFFFFFFF44
:207C6000FFFFFFFFFFFFFFFFFFFFFFFFFFFFFFFFFFFFFFFFFFFFFFFFFFFFFFFFFFFFFFFF24
:207C8000FFFFFFFFFFFFFFFFFFFFFFFFFFFFFFFFFFFFFFFFFFFFFFFFFFFFFFFFFFFFFFFF04
:207CA000FFFFFFFFFFFFFFFFFFFFFFFFFFFFFFFFFFFFFFFFFFFFFFFFFFFFFFFFFFFFFFFFE4
:207CC000FFFFFFFFFFFFFFFFFFFFFFFFFFFFFFFFFFFFFFFFFFFFFFFFFFFFFFFFFFFFFFFFC4
:207CE000FFFFFFFFFFFFFFFFFFFFFFFFFFFFFFFFFFFFFFFFFFFFFFFFFFFFFFFFFFFFFFFFA4
:207D0000FFFFFFFFFFFFFFFFFFFFFFFFFFFFFFFFFFFFFFFFFFFFFFFFFFFFFFFFFFFFFFFF83
:207D2000FFFFFFFFFFFFFFFFFFFFFFFFFFFFFFFFFFFFFFFFFFFFFFFFFFFFFFFFFFFFFFFF63
:207D4000FFFFFFFFFFFFFFFFFFFFFFFFFFFFFFFFFFFFFFFFFFFFFFFFFFFFFFFFFFFFFFFF43
:207D6000FFFFFFFFFFFFFFFFFFFFFFFFFFFFFFFFFFFFFFFFFFFFFFFFFFFFFFFFFFFFFFFF23
:207D8000FFFFFFFFFFFFFFFFFFFFFFFFFFFFFFFFFFFFFFFFFFFFFFFFFFFFFFFFFFFFFFFF03
:207DA000FFFFFFFFFFFFFFFFFFFFFFFFFFFFFFFFFFFFFFFFFFFFFFFFFFFFFFFFFFFFFFFFE3
:207DC000FFFFFFFFFFFFFFFFFFFFFFFFFFFFFFFFFFFFFFFFFFFFFFFFFFFFFFFFFFFFFFFFC3
:207DE000FFFFFFFFFFFFFFFFFFFFFFFFFFFFFFFFFFFFFFFFFFFFFFFFFFFFFFFFFFFFFFFFA3
:207E0000FFFFFFFFFFFFFFFFFFFFFFFFFFFFFFFFFFFFFFFFFFFFFFFFFFFFFFFFFFFFFFFF82
:207E2000FFFFFFFFFFFFFFFFFFFFFFFFFFFFFFFFFFFFFFFFFFFFFFFFFFFFFFFFFFFFFFFF62
:207E4000FFFFFFFFFFFFFFFFFFFFFFFFFFFFFFFFFFFFFFFFFFFFFFFFFFFFFFFFFFFFFFFF42
:207E6000FFFFFFFFFFFFFFFFFFFFFFFFFFFFFFFFFFFFFFFFFFFFFFFFFFFFFFFFFFFFFFFF22
:207E8000FFFFFFFFFFFFFFFFFFFFFFFFFFFFFFFFFFFFFFFFFFFFFFFFFFFFFFFFFFFFFFFF02
:207EA000FFFFFFFFFFFFFFFFFFFFFFFFFFFFFFFFFFFFFFFFFFFFFFFFFFFFFFFFFFFFFFFFE2
:207EC000FFFFFFFFFFFFFFFFFFFFFFFFFFFFFFFFFFFFFFFFFFFFFFFFFFFFFFFFFFFFFFFFC2
:207EE000FFFFFFFFFFFFFFFFFFFFFFFFFFFFFFFFFFFFFFFFFFFFFFFFFFFFFFFFFFFFFFFFA2
:207F0000FFFFFFFFFFFFFFFFFFFFFFFFFFFFFFFFFFFFFFFFFFFFFFFFFFFFFFFFFFFFFFFF81
:207F2000FFFFFFFFFFFFFFFFFFFFFFFFFFFFFFFFFFFFFFFFFFFFFFFFFFFFFFFFFFFFFFFF61
:207F4000FFFFFFFFFFFFFFFFFFFFFFFFFFFFFFFFFFFFFFFFFFFFFFFFFFFFFFFFFFFFFFFF41
:207F6000FFFFFFFFFFFFFFFFFFFFFFFFFFFFFFFFFFFFFFFFFFFFFFFFFFFFFFFFFFFFFFFF21
:207F8000FFFFFFFFFFFFFFFFFFFFFFFFFFFFFFFFFFFFFFFFFFFFFFFFFFFFFFFFFFFFFFFF01
:207FA000FFFFFFFFFFFFFFFFFFFFFFFFFFFFFFFFFFFFFFFFFFFFFFFFFFFFFFFFFFFFFFFFE1
:207FC000FFFFFFFFFFFFFFFFFFFFFFFFFFFFFFFFFFFFFFFFFFFFFFFFFFFFFFFFFFFFFFFFC1
:207FE000FFFFFFFFFFFFFFFFFFFFFFFFFFFFFFFFFFFFFFFFFFFFFFFFFFFFFFFFFFFFFFFFA1
:20800000FFFFFFFFFFFFFFFFFFFFFFFFFFFFFFFFFFFFFFFFFFFFFFFFFFFFFFFFFFFFFFFF80
:20802000FFFFFFFFFFFFFFFFFFFFFFFFFFFFFFFFFFFFFFFFFFFFFFFFFFFFFFFFFFFFFFFF60
:20804000FFFFFFFFFFFFFFFFFFFFFFFFFFFFFFFFFFFFFFFFFFFFFFFFFFFFFFFFFFFFFFFF40
:20806000FFFFFFFFFFFFFFFFFFFFFFFFFFFFFFFFFFFFFFFFFFFFFFFFFFFFFFFFFFFFFFFF20
:20808000FFFFFFFFFFFFFFFFFFFFFFFFFFFFFFFFFFFFFFFFFFFFFFFFFFFFFFFFFFFFFFFF00
:2080A000FFFFFFFFFFFFFFFFFFFFFFFFFFFFFFFFFFFFFFFFFFFFFFFFFFFFFFFFFFFFFFFFE0
:2080C000FFFFFFFFFFFFFFFFFFFFFFFFFFFFFFFFFFFFFFFFFFFFFFFFFFFFFFFFFFFFFFFFC0
:2080E000FFFFFFFFFFFFFFFFFFFFFFFFFFFFFFFFFFFFFFFFFFFFFFFFFFFFFFFFFFFFFFFFA0
:20810000FFFFFFFFFFFFFFFFFFFFFFFFFFFFFFFFFFFFFFFFFFFFFFFFFFFFFFFFFFFFFFFF7F
:20812000FFFFFFFFFFFFFFFFFFFFFFFFFFFFFFFFFFFFFFFFFFFFFFFFFFFFFFFFFFFFFFFF5F
:20814000FFFFFFFFFFFFFFFFFFFFFFFFFFFFFFFFFFFFFFFFFFFFFFFFFFFFFFFFFFFFFFFF3F
:20816000FFFFFFFFFFFFFFFFFFFFFFFFFFFFFFFFFFFFFFFFFFFFFFFFFFFFFFFFFFFFFFFF1F
:20818000FFFFFFFFFFFFFFFFFFFFFFFFFFFFFFFFFFFFFFFFFFFFFFFFFFFFFFFFFFFFFFFFFF
:2081A000FFFFFFFFFFFFFFFFFFFFFFFFFFFFFFFFFFFFFFFFFFFFFFFFFFFFFFFFFFFFFFFFDF
:2081C000FFFFFFFFFFFFFFFFFFFFFFFFFFFFFFFFFFFFFFFFFFFFFFFFFFFFFFFFFFFFFFFFBF
:2081E000FFFFFFFFFFFFFFFFFFFFFFFFFFFFFFFFFFFFFFFFFFFFFFFFFFFFFFFFFFFFFFFF9F
:20820000FFFFFFFFFFFFFFFFFFFFFFFFFFFFFFFFFFFFFFFFFFFFFFFFFFFFFFFFFFFFFFFF7E
:20822000FFFFFFFFFFFFFFFFFFFFFFFFFFFFFFFFFFFFFFFFFFFFFFFFFFFFFFFFFFFFFFFF5E
:20824000FFFFFFFFFFFFFFFFFFFFFFFFFFFFFFFFFFFFFFFFFFFFFFFFFFFFFFFFFFFFFFFF3E
:20826000FFFFFFFFFFFFFFFFFFFFFFFFFFFFFFFFFFFFFFFFFFFFFFFFFFFFFFFFFFFFFFFF1E
:20828000FFFFFFFFFFFFFFFFFFFFFFFFFFFFFFFFFFFFFFFFFFFFFFFFFFFFFFFFFFFFFFFFFE
:2082A000FFFFFFFFFFFFFFFFFFFFFFFFFFFFFFFFFFFFFFFFFFFFFFFFFFFFFFFFFFFFFFFFDE
:2082C000FFFFFFFFFFFFFFFFFFFFFFFFFFFFFFFFFFFFFFFFFFFFFFFFFFFFFFFFFFFFFFFFBE
:2082E000FFFFFFFFFFFFFFFFFFFFFFFFFFFFFFFFFFFFFFFFFFFFFFFFFFFFFFFFFFFFFFFF9E
:20830000FFFFFFFFFFFFFFFFFFFFFFFFFFFFFFFFFFFFFFFFFFFFFFFFFFFFFFFFFFFFFFFF7D
:20832000FFFFFFFFFFFFFFFFFFFFFFFFFFFFFFFFFFFFFFFFFFFFFFFFFFFFFFFFFFFFFFFF5D
:20834000FFFFFFFFFFFFFFFFFFFFFFFFFFFFFFFFFFFFFFFFFFFFFFFFFFFFFFFFFFFFFFFF3D
:20836000FFFFFFFFFFFFFFFFFFFFFFFFFFFFFFFFFFFFFFFFFFFFFFFFFFFFFFFFFFFFFFFF1D
:20838000FFFFFFFFFFFFFFFFFFFFFFFFFFFFFFFFFFFFFFFFFFFFFFFFFFFFFFFFFFFFFFFFFD
:2083A000FFFFFFFFFFFFFFFFFFFFFFFFFFFFFFFFFFFFFFFFFFFFFFFFFFFFFFFFFFFFFFFFDD
:2083C000FFFFFFFFFFFFFFFFFFFFFFFFFFFFFFFFFFFFFFFFFFFFFFFFFFFFFFFFFFFFFFFFBD
:2083E000FFFFFFFFFFFFFFFFFFFFFFFFFFFFFFFFFFFFFFFFFFFFFFFFFFFFFFFFFFFFFFFF9D
:20840000FFFFFFFFFFFFFFFFFFFFFFFFFFFFFFFFFFFFFFFFFFFFFFFFFFFFFFFFFFFFFFFF7C
:20842000FFFFFFFFFFFFFFFFFFFFFFFFFFFFFFFFFFFFFFFFFFFFFFFFFFFFFFFFFFFFFFFF5C
:20844000FFFFFFFFFFFFFFFFFFFFFFFFFFFFFFFFFFFFFFFFFFFFFFFFFFFFFFFFFFFFFFFF3C
:20846000FFFFFFFFFFFFFFFFFFFFFFFFFFFFFFFFFFFFFFFFFFFFFFFFFFFFFFFFFFFFFFFF1C
:20848000FFFFFFFFFFFFFFFFFFFFFFFFFFFFFFFFFFFFFFFFFFFFFFFFFFFFFFFFFFFFFFFFFC
:2084A000FFFFFFFFFFFFFFFFFFFFFFFFFFFFFFFFFFFFFFFFFFFFFFFFFFFFFFFFFFFFFFFFDC
:2084C000FFFFFFFFFFFFFFFFFFFFFFFFFFFFFFFFFFFFFFFFFFFFFFFFFFFFFFFFFFFFFFFFBC
:2084E000FFFFFFFFFFFFFFFFFFFFFFFFFFFFFFFFFFFFFFFFFFFFFFFFFFFFFFFFFFFFFFFF9C
:20850000FFFFFFFFFFFFFFFFFFFFFFFFFFFFFFFFFFFFFFFFFFFFFFFFFFFFFFFFFFFFFFFF7B
:20852000FFFFFFFFFFFFFFFFFFFFFFFFFFFFFFFFFFFFFFFFFFFFFFFFFFFFFFFFFFFFFFFF5B
:20854000FFFFFFFFFFFFFFFFFFFFFFFFFFFFFFFFFFFFFFFFFFFFFFFFFFFFFFFFFFFFFFFF3B
:20856000FFFFFFFFFFFFFFFFFFFFFFFFFFFFFFFFFFFFFFFFFFFFFFFFFFFFFFFFFFFFFFFF1B
:20858000FFFFFFFFFFFFFFFFFFFFFFFFFFFFFFFFFFFFFFFFFFFFFFFFFFFFFFFFFFFFFFFFFB
:2085A000FFFFFFFFFFFFFFFFFFFFFFFFFFFFFFFFFFFFFFFFFFFFFFFFFFFFFFFFFFFFFFFFDB
:2085C000FFFFFFFFFFFFFFFFFFFFFFFFFFFFFFFFFFFFFFFFFFFFFFFFFFFFFFFFFFFFFFFFBB
:2085E000FFFFFFFFFFFFFFFFFFFFFFFFFFFFFFFFFFFFFFFFFFFFFFFFFFFFFFFFFFFFFFFF9B
:20860000FFFFFFFFFFFFFFFFFFFFFFFFFFFFFFFFFFFFFFFFFFFFFFFFFFFFFFFFFFFFFFFF7A
:20862000FFFFFFFFFFFFFFFFFFFFFFFFFFFFFFFFFFFFFFFFFFFFFFFFFFFFFFFFFFFFFFFF5A
:20864000FFFFFFFFFFFFFFFFFFFFFFFFFFFFFFFFFFFFFFFFFFFFFFFFFFFFFFFFFFFFFFFF3A
:20866000FFFFFFFFFFFFFFFFFFFFFFFFFFFFFFFFFFFFFFFFFFFFFFFFFFFFFFFFFFFFFFFF1A
:20868000FFFFFFFFFFFFFFFFFFFFFFFFFFFFFFFFFFFFFFFFFFFFFFFFFFFFFFFFFFFFFFFFFA
:2086A000FFFFFFFFFFFFFFFFFFFFFFFFFFFFFFFFFFFFFFFFFFFFFFFFFFFFFFFFFFFFFFFFDA
:2086C000FFFFFFFFFFFFFFFFFFFFFFFFFFFFFFFFFFFFFFFFFFFFFFFFFFFFFFFFFFFFFFFFBA
:2086E000FFFFFFFFFFFFFFFFFFFFFFFFFFFFFFFFFFFFFFFFFFFFFFFFFFFFFFFFFFFFFFFF9A
:20870000FFFFFFFFFFFFFFFFFFFFFFFFFFFFFFFFFFFFFFFFFFFFFFFFFFFFFFFFFFFFFFFF79
:20872000FFFFFFFFFFFFFFFFFFFFFFFFFFFFFFFFFFFFFFFFFFFFFFFFFFFFFFFFFFFFFFFF59
:20874000FFFFFFFFFFFFFFFFFFFFFFFFFFFFFFFFFFFFFFFFFFFFFFFFFFFFFFFFFFFFFFFF39
:20876000FFFFFFFFFFFFFFFFFFFFFFFFFFFFFFFFFFFFFFFFFFFFFFFFFFFFFFFFFFFFFFFF19
:20878000FFFFFFFFFFFFFFFFFFFFFFFFFFFFFFFFFFFFFFFFFFFFFFFFFFFFFFFFFFFFFFFFF9
:2087A000FFFFFFFFFFFFFFFFFFFFFFFFFFFFFFFFFFFFFFFFFFFFFFFFFFFFFFFFFFFFFFFFD9
:2087C000FFFFFFFFFFFFFFFFFFFFFFFFFFFFFFFFFFFFFFFFFFFFFFFFFFFFFFFFFFFFFFFFB9
:2087E000FFFFFFFFFFFFFFFFFFFFFFFFFFFFFFFFFFFFFFFFFFFFFFFFFFFFFFFFFFFFFFFF99
:20880000FFFFFFFFFFFFFFFFFFFFFFFFFFFFFFFFFFFFFFFFFFFFFFFFFFFFFFFFFFFFFFFF78
:20882000FFFFFFFFFFFFFFFFFFFFFFFFFFFFFFFFFFFFFFFFFFFFFFFFFFFFFFFFFFFFFFFF58
:20884000FFFFFFFFFFFFFFFFFFFFFFFFFFFFFFFFFFFFFFFFFFFFFFFFFFFFFFFFFFFFFFFF38
:20886000FFFFFFFFFFFFFFFFFFFFFFFFFFFFFFFFFFFFFFFFFFFFFFFFFFFFFFFFFFFFFFFF18
:20888000FFFFFFFFFFFFFFFFFFFFFFFFFFFFFFFFFFFFFFFFFFFFFFFFFFFFFFFFFFFFFFFFF8
:2088A000FFFFFFFFFFFFFFFFFFFFFFFFFFFFFFFFFFFFFFFFFFFFFFFFFFFFFFFFFFFFFFFFD8
:2088C000FFFFFFFFFFFFFFFFFFFFFFFFFFFFFFFFFFFFFFFFFFFFFFFFFFFFFFFFFFFFFFFFB8
:2088E000FFFFFFFFFFFFFFFFFFFFFFFFFFFFFFFFFFFFFFFFFFFFFFFFFFFFFFFFFFFFFFFF98
:20890000FFFFFFFFFFFFFFFFFFFFFFFFFFFFFFFFFFFFFFFFFFFFFFFFFFFFFFFFFFFFFFFF77
:20892000FFFFFFFFFFFFFFFFFFFFFFFFFFFFFFFFFFFFFFFFFFFFFFFFFFFFFFFFFFFFFFFF57
:20894000FFFFFFFFFFFFFFFFFFFFFFFFFFFFFFFFFFFFFFFFFFFFFFFFFFFFFFFFFFFFFFFF37
:20896000FFFFFFFFFFFFFFFFFFFFFFFFFFFFFFFFFFFFFFFFFFFFFFFFFFFFFFFFFFFFFFFF17
:20898000FFFFFFFFFFFFFFFFFFFFFFFFFFFFFFFFFFFFFFFFFFFFFFFFFFFFFFFFFFFFFFFFF7
:2089A000FFFFFFFFFFFFFFFFFFFFFFFFFFFFFFFFFFFFFFFFFFFFFFFFFFFFFFFFFFFFFFFFD7
:2089C000FFFFFFFFFFFFFFFFFFFFFFFFFFFFFFFFFFFFFFFFFFFFFFFFFFFFFFFFFFFFFFFFB7
:2089E000FFFFFFFFFFFFFFFFFFFFFFFFFFFFFFFFFFFFFFFFFFFFFFFFFFFFFFFFFFFFFFFF97
:208A0000FFFFFFFFFFFFFFFFFFFFFFFFFFFFFFFFFFFFFFFFFFFFFFFFFFFFFFFFFFFFFFFF76
:208A2000FFFFFFFFFFFFFFFFFFFFFFFFFFFFFFFFFFFFFFFFFFFFFFFFFFFFFFFFFFFFFFFF56
:208A4000FFFFFFFFFFFFFFFFFFFFFFFFFFFFFFFFFFFFFFFFFFFFFFFFFFFFFFFFFFFFFFFF36
:208A6000FFFFFFFFFFFFFFFFFFFFFFFFFFFFFFFFFFFFFFFFFFFFFFFFFFFFFFFFFFFFFFFF16
:208A8000FFFFFFFFFFFFFFFFFFFFFFFFFFFFFFFFFFFFFFFFFFFFFFFFFFFFFFFFFFFFFFFFF6
:208AA000FFFFFFFFFFFFFFFFFFFFFFFFFFFFFFFFFFFFFFFFFFFFFFFFFFFFFFFFFFFFFFFFD6
:208AC000FFFFFFFFFFFFFFFFFFFFFFFFFFFFFFFFFFFFFFFFFFFFFFFFFFFFFFFFFFFFFFFFB6
:208AE000FFFFFFFFFFFFFFFFFFFFFFFFFFFFFFFFFFFFFFFFFFFFFFFFFFFFFFFFFFFFFFFF96
:208B0000FFFFFFFFFFFFFFFFFFFFFFFFFFFFFFFFFFFFFFFFFFFFFFFFFFFFFFFFFFFFFFFF75
:208B2000FFFFFFFFFFFFFFFFFFFFFFFFFFFFFFFFFFFFFFFFFFFFFFFFFFFFFFFFFFFFFFFF55
:208B4000FFFFFFFFFFFFFFFFFFFFFFFFFFFFFFFFFFFFFFFFFFFFFFFFFFFFFFFFFFFFFFFF35
:208B6000FFFFFFFFFFFFFFFFFFFFFFFFFFFFFFFFFFFFFFFFFFFFFFFFFFFFFFFFFFFFFFFF15
:208B8000FFFFFFFFFFFFFFFFFFFFFFFFFFFFFFFFFFFFFFFFFFFFFFFFFFFFFFFFFFFFFFFFF5
:208BA000FFFFFFFFFFFFFFFFFFFFFFFFFFFFFFFFFFFFFFFFFFFFFFFFFFFFFFFFFFFFFFFFD5
:208BC000FFFFFFFFFFFFFFFFFFFFFFFFFFFFFFFFFFFFFFFFFFFFFFFFFFFFFFFFFFFFFFFFB5
:208BE000FFFFFFFFFFFFFFFFFFFFFFFFFFFFFFFFFFFFFFFFFFFFFFFFFFFFFFFFFFFFFFFF95
:208C0000FFFFFFFFFFFFFFFFFFFFFFFFFFFFFFFFFFFFFFFFFFFFFFFFFFFFFFFFFFFFFFFF74
:208C2000FFFFFFFFFFFFFFFFFFFFFFFFFFFFFFFFFFFFFFFFFFFFFFFFFFFFFFFFFFFFFFFF54
:208C4000FFFFFFFFFFFFFFFFFFFFFFFFFFFFFFFFFFFFFFFFFFFFFFFFFFFFFFFFFFFFFFFF34
:208C6000FFFFFFFFFFFFFFFFFFFFFFFFFFFFFFFFFFFFFFFFFFFFFFFFFFFFFFFFFFFFFFFF14
:208C8000FFFFFFFFFFFFFFFFFFFFFFFFFFFFFFFFFFFFFFFFFFFFFFFFFFFFFFFFFFFFFFFFF4
:208CA000FFFFFFFFFFFFFFFFFFFFFFFFFFFFFFFFFFFFFFFFFFFFFFFFFFFFFFFFFFFFFFFFD4
:208CC000FFFFFFFFFFFFFFFFFFFFFFFFFFFFFFFFFFFFFFFFFFFFFFFFFFFFFFFFFFFFFFFFB4
:208CE000FFFFFFFFFFFFFFFFFFFFFFFFFFFFFFFFFFFFFFFFFFFFFFFFFFFFFFFFFFFFFFFF94
:208D0000FFFFFFFFFFFFFFFFFFFFFFFFFFFFFFFFFFFFFFFFFFFFFFFFFFFFFFFFFFFFFFFF73
:208D2000FFFFFFFFFFFFFFFFFFFFFFFFFFFFFFFFFFFFFFFFFFFFFFFFFFFFFFFFFFFFFFFF53
:208D4000FFFFFFFFFFFFFFFFFFFFFFFFFFFFFFFFFFFFFFFFFFFFFFFFFFFFFFFFFFFFFFFF33
:208D6000FFFFFFFFFFFFFFFFFFFFFFFFFFFFFFFFFFFFFFFFFFFFFFFFFFFFFFFFFFFFFFFF13
:208D8000FFFFFFFFFFFFFFFFFFFFFFFFFFFFFFFFFFFFFFFFFFFFFFFFFFFFFFFFFFFFFFFFF3
:208DA000FFFFFFFFFFFFFFFFFFFFFFFFFFFFFFFFFFFFFFFFFFFFFFFFFFFFFFFFFFFFFFFFD3
:208DC000FFFFFFFFFFFFFFFFFFFFFFFFFFFFFFFFFFFFFFFFFFFFFFFFFFFFFFFFFFFFFFFFB3
:208DE000FFFFFFFFFFFFFFFFFFFFFFFFFFFFFFFFFFFFFFFFFFFFFFFFFFFFFFFFFFFFFFFF93
:208E0000FFFFFFFFFFFFFFFFFFFFFFFFFFFFFFFFFFFFFFFFFFFFFFFFFFFFFFFFFFFFFFFF72
:208E2000FFFFFFFFFFFFFFFFFFFFFFFFFFFFFFFFFFFFFFFFFFFFFFFFFFFFFFFFFFFFFFFF52
:208E4000FFFFFFFFFFFFFFFFFFFFFFFFFFFFFFFFFFFFFFFFFFFFFFFFFFFFFFFFFFFFFFFF32
:208E6000FFFFFFFFFFFFFFFFFFFFFFFFFFFFFFFFFFFFFFFFFFFFFFFFFFFFFFFFFFFFFFFF12
:208E8000FFFFFFFFFFFFFFFFFFFFFFFFFFFFFFFFFFFFFFFFFFFFFFFFFFFFFFFFFFFFFFFFF2
:208EA000FFFFFFFFFFFFFFFFFFFFFFFFFFFFFFFFFFFFFFFFFFFFFFFFFFFFFFFFFFFFFFFFD2
:208EC000FFFFFFFFFFFFFFFFFFFFFFFFFFFFFFFFFFFFFFFFFFFFFFFFFFFFFFFFFFFFFFFFB2
:208EE000FFFFFFFFFFFFFFFFFFFFFFFFFFFFFFFFFFFFFFFFFFFFFFFFFFFFFFFFFFFFFFFF92
:208F0000FFFFFFFFFFFFFFFFFFFFFFFFFFFFFFFFFFFFFFFFFFFFFFFFFFFFFFFFFFFFFFFF71
:208F2000FFFFFFFFFFFFFFFFFFFFFFFFFFFFFFFFFFFFFFFFFFFFFFFFFFFFFFFFFFFFFFFF51
:208F4000FFFFFFFFFFFFFFFFFFFFFFFFFFFFFFFFFFFFFFFFFFFFFFFFFFFFFFFFFFFFFFFF31
:208F6000FFFFFFFFFFFFFFFFFFFFFFFFFFFFFFFFFFFFFFFFFFFFFFFFFFFFFFFFFFFFFFFF11
:208F8000FFFFFFFFFFFFFFFFFFFFFFFFFFFFFFFFFFFFFFFFFFFFFFFFFFFFFFFFFFFFFFFFF1
:208FA000FFFFFFFFFFFFFFFFFFFFFFFFFFFFFFFFFFFFFFFFFFFFFFFFFFFFFFFFFFFFFFFFD1
:208FC000FFFFFFFFFFFFFFFFFFFFFFFFFFFFFFFFFFFFFFFFFFFFFFFFFFFFFFFFFFFFFFFFB1
:208FE000FFFFFFFFFFFFFFFFFFFFFFFFFFFFFFFFFFFFFFFFFFFFFFFFFFFFFFFFFFFFFFFF91
:20900000FFFFFFFFFFFFFFFFFFFFFFFFFFFFFFFFFFFFFFFFFFFFFFFFFFFFFFFFFFFFFFFF70
:20902000FFFFFFFFFFFFFFFFFFFFFFFFFFFFFFFFFFFFFFFFFFFFFFFFFFFFFFFFFFFFFFFF50
:20904000FFFFFFFFFFFFFFFFFFFFFFFFFFFFFFFFFFFFFFFFFFFFFFFFFFFFFFFFFFFFFFFF30
:20906000FFFFFFFFFFFFFFFFFFFFFFFFFFFFFFFFFFFFFFFFFFFFFFFFFFFFFFFFFFFFFFFF10
:20908000FFFFFFFFFFFFFFFFFFFFFFFFFFFFFFFFFFFFFFFFFFFFFFFFFFFFFFFFFFFFFFFFF0
:2090A000FFFFFFFFFFFFFFFFFFFFFFFFFFFFFFFFFFFFFFFFFFFFFFFFFFFFFFFFFFFFFFFFD0
:2090C000FFFFFFFFFFFFFFFFFFFFFFFFFFFFFFFFFFFFFFFFFFFFFFFFFFFFFFFFFFFFFFFFB0
:2090E000FFFFFFFFFFFFFFFFFFFFFFFFFFFFFFFFFFFFFFFFFFFFFFFFFFFFFFFFFFFFFFFF90
:20910000FFFFFFFFFFFFFFFFFFFFFFFFFFFFFFFFFFFFFFFFFFFFFFFFFFFFFFFFFFFFFFFF6F
:20912000FFFFFFFFFFFFFFFFFFFFFFFFFFFFFFFFFFFFFFFFFFFFFFFFFFFFFFFFFFFFFFFF4F
:20914000FFFFFFFFFFFFFFFFFFFFFFFFFFFFFFFFFFFFFFFFFFFFFFFFFFFFFFFFFFFFFFFF2F
:20916000FFFFFFFFFFFFFFFFFFFFFFFFFFFFFFFFFFFFFFFFFFFFFFFFFFFFFFFFFFFFFFFF0F
:20918000FFFFFFFFFFFFFFFFFFFFFFFFFFFFFFFFFFFFFFFFFFFFFFFFFFFFFFFFFFFFFFFFEF
:2091A000FFFFFFFFFFFFFFFFFFFFFFFFFFFFFFFFFFFFFFFFFFFFFFFFFFFFFFFFFFFFFFFFCF
:2091C000FFFFFFFFFFFFFFFFFFFFFFFFFFFFFFFFFFFFFFFFFFFFFFFFFFFFFFFFFFFFFFFFAF
:2091E000FFFFFFFFFFFFFFFFFFFFFFFFFFFFFFFFFFFFFFFFFFFFFFFFFFFFFFFFFFFFFFFF8F
:20920000FFFFFFFFFFFFFFFFFFFFFFFFFFFFFFFFFFFFFFFFFFFFFFFFFFFFFFFFFFFFFFFF6E
:20922000FFFFFFFFFFFFFFFFFFFFFFFFFFFFFFFFFFFFFFFFFFFFFFFFFFFFFFFFFFFFFFFF4E
:20924000FFFFFFFFFFFFFFFFFFFFFFFFFFFFFFFFFFFFFFFFFFFFFFFFFFFFFFFFFFFFFFFF2E
:20926000FFFFFFFFFFFFFFFFFFFFFFFFFFFFFFFFFFFFFFFFFFFFFFFFFFFFFFFFFFFFFFFF0E
:20928000FFFFFFFFFFFFFFFFFFFFFFFFFFFFFFFFFFFFFFFFFFFFFFFFFFFFFFFFFFFFFFFFEE
:2092A000FFFFFFFFFFFFFFFFFFFFFFFFFFFFFFFFFFFFFFFFFFFFFFFFFFFFFFFFFFFFFFFFCE
:2092C000FFFFFFFFFFFFFFFFFFFFFFFFFFFFFFFFFFFFFFFFFFFFFFFFFFFFFFFFFFFFFFFFAE
:2092E000FFFFFFFFFFFFFFFFFFFFFFFFFFFFFFFFFFFFFFFFFFFFFFFFFFFFFFFFFFFFFFFF8E
:20930000FFFFFFFFFFFFFFFFFFFFFFFFFFFFFFFFFFFFFFFFFFFFFFFFFFFFFFFFFFFFFFFF6D
:20932000FFFFFFFFFFFFFFFFFFFFFFFFFFFFFFFFFFFFFFFFFFFFFFFFFFFFFFFFFFFFFFFF4D
:20934000FFFFFFFFFFFFFFFFFFFFFFFFFFFFFFFFFFFFFFFFFFFFFFFFFFFFFFFFFFFFFFFF2D
:20936000FFFFFFFFFFFFFFFFFFFFFFFFFFFFFFFFFFFFFFFFFFFFFFFFFFFFFFFFFFFFFFFF0D
:20938000FFFFFFFFFFFFFFFFFFFFFFFFFFFFFFFFFFFFFFFFFFFFFFFFFFFFFFFFFFFFFFFFED
:2093A000FFFFFFFFFFFFFFFFFFFFFFFFFFFFFFFFFFFFFFFFFFFFFFFFFFFFFFFFFFFFFFFFCD
:2093C000FFFFFFFFFFFFFFFFFFFFFFFFFFFFFFFFFFFFFFFFFFFFFFFFFFFFFFFFFFFFFFFFAD
:2093E000FFFFFFFFFFFFFFFFFFFFFFFFFFFFFFFFFFFFFFFFFFFFFFFFFFFFFFFFFFFFFFFF8D
:20940000FFFFFFFFFFFFFFFFFFFFFFFFFFFFFFFFFFFFFFFFFFFFFFFFFFFFFFFFFFFFFFFF6C
:20942000FFFFFFFFFFFFFFFFFFFFFFFFFFFFFFFFFFFFFFFFFFFFFFFFFFFFFFFFFFFFFFFF4C
:20944000FFFFFFFFFFFFFFFFFFFFFFFFFFFFFFFFFFFFFFFFFFFFFFFFFFFFFFFFFFFFFFFF2C
:20946000FFFFFFFFFFFFFFFFFFFFFFFFFFFFFFFFFFFFFFFFFFFFFFFFFFFFFFFFFFFFFFFF0C
:20948000FFFFFFFFFFFFFFFFFFFFFFFFFFFFFFFFFFFFFFFFFFFFFFFFFFFFFFFFFFFFFFFFEC
:2094A000FFFFFFFFFFFFFFFFFFFFFFFFFFFFFFFFFFFFFFFFFFFFFFFFFFFFFFFFFFFFFFFFCC
:2094C000FFFFFFFFFFFFFFFFFFFFFFFFFFFFFFFFFFFFFFFFFFFFFFFFFFFFFFFFFFFFFFFFAC
:2094E000FFFFFFFFFFFFFFFFFFFFFFFFFFFFFFFFFFFFFFFFFFFFFFFFFFFFFFFFFFFFFFFF8C
:20950000FFFFFFFFFFFFFFFFFFFFFFFFFFFFFFFFFFFFFFFFFFFFFFFFFFFFFFFFFFFFFFFF6B
:20952000FFFFFFFFFFFFFFFFFFFFFFFFFFFFFFFFFFFFFFFFFFFFFFFFFFFFFFFFFFFFFFFF4B
:20954000FFFFFFFFFFFFFFFFFFFFFFFFFFFFFFFFFFFFFFFFFFFFFFFFFFFFFFFFFFFFFFFF2B
:20956000FFFFFFFFFFFFFFFFFFFFFFFFFFFFFFFFFFFFFFFFFFFFFFFFFFFFFFFFFFFFFFFF0B
:20958000FFFFFFFFFFFFFFFFFFFFFFFFFFFFFFFFFFFFFFFFFFFFFFFFFFFFFFFFFFFFFFFFEB
:2095A000FFFFFFFFFFFFFFFFFFFFFFFFFFFFFFFFFFFFFFFFFFFFFFFFFFFFFFFFFFFFFFFFCB
:2095C000FFFFFFFFFFFFFFFFFFFFFFFFFFFFFFFFFFFFFFFFFFFFFFFFFFFFFFFFFFFFFFFFAB
:2095E000FFFFFFFFFFFFFFFFFFFFFFFFFFFFFFFFFFFFFFFFFFFFFFFFFFFFFFFFFFFFFFFF8B
:20960000FFFFFFFFFFFFFFFFFFFFFFFFFFFFFFFFFFFFFFFFFFFFFFFFFFFFFFFFFFFFFFFF6A
:20962000FFFFFFFFFFFFFFFFFFFFFFFFFFFFFFFFFFFFFFFFFFFFFFFFFFFFFFFFFFFFFFFF4A
:20964000FFFFFFFFFFFFFFFFFFFFFFFFFFFFFFFFFFFFFFFFFFFFFFFFFFFFFFFFFFFFFFFF2A
:20966000FFFFFFFFFFFFFFFFFFFFFFFFFFFFFFFFFFFFFFFFFFFFFFFFFFFFFFFFFFFFFFFF0A
:20968000FFFFFFFFFFFFFFFFFFFFFFFFFFFFFFFFFFFFFFFFFFFFFFFFFFFFFFFFFFFFFFFFEA
:2096A000FFFFFFFFFFFFFFFFFFFFFFFFFFFFFFFFFFFFFFFFFFFFFFFFFFFFFFFFFFFFFFFFCA
:2096C000FFFFFFFFFFFFFFFFFFFFFFFFFFFFFFFFFFFFFFFFFFFFFFFFFFFFFFFFFFFFFFFFAA
:2096E000FFFFFFFFFFFFFFFFFFFFFFFFFFFFFFFFFFFFFFFFFFFFFFFFFFFFFFFFFFFFFFFF8A
:20970000FFFFFFFFFFFFFFFFFFFFFFFFFFFFFFFFFFFFFFFFFFFFFFFFFFFFFFFFFFFFFFFF69
:20972000FFFFFFFFFFFFFFFFFFFFFFFFFFFFFFFFFFFFFFFFFFFFFFFFFFFFFFFFFFFFFFFF49
:20974000FFFFFFFFFFFFFFFFFFFFFFFFFFFFFFFFFFFFFFFFFFFFFFFFFFFFFFFFFFFFFFFF29
:20976000FFFFFFFFFFFFFFFFFFFFFFFFFFFFFFFFFFFFFFFFFFFFFFFFFFFFFFFFFFFFFFFF09
:20978000FFFFFFFFFFFFFFFFFFFFFFFFFFFFFFFFFFFFFFFFFFFFFFFFFFFFFFFFFFFFFFFFE9
:2097A000FFFFFFFFFFFFFFFFFFFFFFFFFFFFFFFFFFFFFFFFFFFFFFFFFFFFFFFFFFFFFFFFC9
:2097C000FFFFFFFFFFFFFFFFFFFFFFFFFFFFFFFFFFFFFFFFFFFFFFFFFFFFFFFFFFFFFFFFA9
:2097E000FFFFFFFFFFFFFFFFFFFFFFFFFFFFFFFFFFFFFFFFFFFFFFFFFFFFFFFFFFFFFFFF89
:20980000FFFFFFFFFFFFFFFFFFFFFFFFFFFFFFFFFFFFFFFFFFFFFFFFFFFFFFFFFFFFFFFF68
:20982000FFFFFFFFFFFFFFFFFFFFFFFFFFFFFFFFFFFFFFFFFFFFFFFFFFFFFFFFFFFFFFFF48
:20984000FFFFFFFFFFFFFFFFFFFFFFFFFFFFFFFFFFFFFFFFFFFFFFFFFFFFFFFFFFFFFFFF28
:20986000FFFFFFFFFFFFFFFFFFFFFFFFFFFFFFFFFFFFFFFFFFFFFFFFFFFFFFFFFFFFFFFF08
:20988000FFFFFFFFFFFFFFFFFFFFFFFFFFFFFFFFFFFFFFFFFFFFFFFFFFFFFFFFFFFFFFFFE8
:2098A000FFFFFFFFFFFFFFFFFFFFFFFFFFFFFFFFFFFFFFFFFFFFFFFFFFFFFFFFFFFFFFFFC8
:2098C000FFFFFFFFFFFFFFFFFFFFFFFFFFFFFFFFFFFFFFFFFFFFFFFFFFFFFFFFFFFFFFFFA8
:2098E000FFFFFFFFFFFFFFFFFFFFFFFFFFFFFFFFFFFFFFFFFFFFFFFFFFFFFFFFFFFFFFFF88
:20990000FFFFFFFFFFFFFFFFFFFFFFFFFFFFFFFFFFFFFFFFFFFFFFFFFFFFFFFFFFFFFFFF67
:20992000FFFFFFFFFFFFFFFFFFFFFFFFFFFFFFFFFFFFFFFFFFFFFFFFFFFFFFFFFFFFFFFF47
:20994000FFFFFFFFFFFFFFFFFFFFFFFFFFFFFFFFFFFFFFFFFFFFFFFFFFFFFFFFFFFFFFFF27
:20996000FFFFFFFFFFFFFFFFFFFFFFFFFFFFFFFFFFFFFFFFFFFFFFFFFFFFFFFFFFFFFFFF07
:20998000FFFFFFFFFFFFFFFFFFFFFFFFFFFFFFFFFFFFFFFFFFFFFFFFFFFFFFFFFFFFFFFFE7
:2099A000FFFFFFFFFFFFFFFFFFFFFFFFFFFFFFFFFFFFFFFFFFFFFFFFFFFFFFFFFFFFFFFFC7
:2099C000FFFFFFFFFFFFFFFFFFFFFFFFFFFFFFFFFFFFFFFFFFFFFFFFFFFFFFFFFFFFFFFFA7
:2099E000FFFFFFFFFFFFFFFFFFFFFFFFFFFFFFFFFFFFFFFFFFFFFFFFFFFFFFFFFFFFFFFF87
:209A0000FFFFFFFFFFFFFFFFFFFFFFFFFFFFFFFFFFFFFFFFFFFFFFFFFFFFFFFFFFFFFFFF66
:209A2000FFFFFFFFFFFFFFFFFFFFFFFFFFFFFFFFFFFFFFFFFFFFFFFFFFFFFFFFFFFFFFFF46
:209A4000FFFFFFFFFFFFFFFFFFFFFFFFFFFFFFFFFFFFFFFFFFFFFFFFFFFFFFFFFFFFFFFF26
:209A6000FFFFFFFFFFFFFFFFFFFFFFFFFFFFFFFFFFFFFFFFFFFFFFFFFFFFFFFFFFFFFFFF06
:209A8000FFFFFFFFFFFFFFFFFFFFFFFFFFFFFFFFFFFFFFFFFFFFFFFFFFFFFFFFFFFFFFFFE6
:209AA000FFFFFFFFFFFFFFFFFFFFFFFFFFFFFFFFFFFFFFFFFFFFFFFFFFFFFFFFFFFFFFFFC6
:209AC000FFFFFFFFFFFFFFFFFFFFFFFFFFFFFFFFFFFFFFFFFFFFFFFFFFFFFFFFFFFFFFFFA6
:209AE000FFFFFFFFFFFFFFFFFFFFFFFFFFFFFFFFFFFFFFFFFFFFFFFFFFFFFFFFFFFFFFFF86
:209B0000FFFFFFFFFFFFFFFFFFFFFFFFFFFFFFFFFFFFFFFFFFFFFFFFFFFFFFFFFFFFFFFF65
:209B2000FFFFFFFFFFFFFFFFFFFFFFFFFFFFFFFFFFFFFFFFFFFFFFFFFFFFFFFFFFFFFFFF45
:209B4000FFFFFFFFFFFFFFFFFFFFFFFFFFFFFFFFFFFFFFFFFFFFFFFFFFFFFFFFFFFFFFFF25
:209B6000FFFFFFFFFFFFFFFFFFFFFFFFFFFFFFFFFFFFFFFFFFFFFFFFFFFFFFFFFFFFFFFF05
:209B8000FFFFFFFFFFFFFFFFFFFFFFFFFFFFFFFFFFFFFFFFFFFFFFFFFFFFFFFFFFFFFFFFE5
:209BA000FFFFFFFFFFFFFFFFFFFFFFFFFFFFFFFFFFFFFFFFFFFFFFFFFFFFFFFFFFFFFFFFC5
:209BC000FFFFFFFFFFFFFFFFFFFFFFFFFFFFFFFFFFFFFFFFFFFFFFFFFFFFFFFFFFFFFFFFA5
:209BE000FFFFFFFFFFFFFFFFFFFFFFFFFFFFFFFFFFFFFFFFFFFFFFFFFFFFFFFFFFFFFFFF85
:209C0000FFFFFFFFFFFFFFFFFFFFFFFFFFFFFFFFFFFFFFFFFFFFFFFFFFFFFFFFFFFFFFFF64
:209C2000FFFFFFFFFFFFFFFFFFFFFFFFFFFFFFFFFFFFFFFFFFFFFFFFFFFFFFFFFFFFFFFF44
:209C4000FFFFFFFFFFFFFFFFFFFFFFFFFFFFFFFFFFFFFFFFFFFFFFFFFFFFFFFFFFFFFFFF24
:209C6000FFFFFFFFFFFFFFFFFFFFFFFFFFFFFFFFFFFFFFFFFFFFFFFFFFFFFFFFFFFFFFFF04
:209C8000FFFFFFFFFFFFFFFFFFFFFFFFFFFFFFFFFFFFFFFFFFFFFFFFFFFFFFFFFFFFFFFFE4
:209CA000FFFFFFFFFFFFFFFFFFFFFFFFFFFFFFFFFFFFFFFFFFFFFFFFFFFFFFFFFFFFFFFFC4
:209CC000FFFFFFFFFFFFFFFFFFFFFFFFFFFFFFFFFFFFFFFFFFFFFFFFFFFFFFFFFFFFFFFFA4
:209CE000FFFFFFFFFFFFFFFFFFFFFFFFFFFFFFFFFFFFFFFFFFFFFFFFFFFFFFFFFFFFFFFF84
:209D0000FFFFFFFFFFFFFFFFFFFFFFFFFFFFFFFFFFFFFFFFFFFFFFFFFFFFFFFFFFFFFFFF63
:209D2000FFFFFFFFFFFFFFFFFFFFFFFFFFFFFFFFFFFFFFFFFFFFFFFFFFFFFFFFFFFFFFFF43
:209D4000FFFFFFFFFFFFFFFFFFFFFFFFFFFFFFFFFFFFFFFFFFFFFFFFFFFFFFFFFFFFFFFF23
:209D6000FFFFFFFFFFFFFFFFFFFFFFFFFFFFFFFFFFFFFFFFFFFFFFFFFFFFFFFFFFFFFFFF03
:209D8000FFFFFFFFFFFFFFFFFFFFFFFFFFFFFFFFFFFFFFFFFFFFFFFFFFFFFFFFFFFFFFFFE3
:209DA000FFFFFFFFFFFFFFFFFFFFFFFFFFFFFFFFFFFFFFFFFFFFFFFFFFFFFFFFFFFFFFFFC3
:209DC000FFFFFFFFFFFFFFFFFFFFFFFFFFFFFFFFFFFFFFFFFFFFFFFFFFFFFFFFFFFFFFFFA3
:209DE000FFFFFFFFFFFFFFFFFFFFFFFFFFFFFFFFFFFFFFFFFFFFFFFFFFFFFFFFFFFFFFFF83
:209E0000FFFFFFFFFFFFFFFFFFFFFFFFFFFFFFFFFFFFFFFFFFFFFFFFFFFFFFFFFFFFFFFF62
:209E2000FFFFFFFFFFFFFFFFFFFFFFFFFFFFFFFFFFFFFFFFFFFFFFFFFFFFFFFFFFFFFFFF42
:209E4000FFFFFFFFFFFFFFFFFFFFFFFFFFFFFFFFFFFFFFFFFFFFFFFFFFFFFFFFFFFFFFFF22
:209E6000FFFFFFFFFFFFFFFFFFFFFFFFFFFFFFFFFFFFFFFFFFFFFFFFFFFFFFFFFFFFFFFF02
:209E8000FFFFFFFFFFFFFFFFFFFFFFFFFFFFFFFFFFFFFFFFFFFFFFFFFFFFFFFFFFFFFFFFE2
:209EA000FFFFFFFFFFFFFFFFFFFFFFFFFFFFFFFFFFFFFFFFFFFFFFFFFFFFFFFFFFFFFFFFC2
:209EC000FFFFFFFFFFFFFFFFFFFFFFFFFFFFFFFFFFFFFFFFFFFFFFFFFFFFFFFFFFFFFFFFA2
:209EE000FFFFFFFFFFFFFFFFFFFFFFFFFFFFFFFFFFFFFFFFFFFFFFFFFFFFFFFFFFFFFFFF82
:209F0000FFFFFFFFFFFFFFFFFFFFFFFFFFFFFFFFFFFFFFFFFFFFFFFFFFFFFFFFFFFFFFFF61
:209F2000FFFFFFFFFFFFFFFFFFFFFFFFFFFFFFFFFFFFFFFFFFFFFFFFFFFFFFFFFFFFFFFF41
:209F4000FFFFFFFFFFFFFFFFFFFFFFFFFFFFFFFFFFFFFFFFFFFFFFFFFFFFFFFFFFFFFFFF21
:209F6000FFFFFFFFFFFFFFFFFFFFFFFFFFFFFFFFFFFFFFFFFFFFFFFFFFFFFFFFFFFFFFFF01
:209F8000FFFFFFFFFFFFFFFFFFFFFFFFFFFFFFFFFFFFFFFFFFFFFFFFFFFFFFFFFFFFFFFFE1
:209FA000FFFFFFFFFFFFFFFFFFFFFFFFFFFFFFFFFFFFFFFFFFFFFFFFFFFFFFFFFFFFFFFFC1
:209FC000FFFFFFFFFFFFFFFFFFFFFFFFFFFFFFFFFFFFFFFFFFFFFFFFFFFFFFFFFFFFFFFFA1
:209FE000FFFFFFFFFFFFFFFFFFFFFFFFFFFFFFFFFFFFFFFFFFFFFFFFFFFFFFFFFFFFFFFF81
:20A00000FFFFFFFFFFFFFFFFFFFFFFFFFFFFFFFFFFFFFFFFFFFFFFFFFFFFFFFFFFFFFFFF60
:20A02000FFFFFFFFFFFFFFFFFFFFFFFFFFFFFFFFFFFFFFFFFFFFFFFFFFFFFFFFFFFFFFFF40
:20A04000FFFFFFFFFFFFFFFFFFFFFFFFFFFFFFFFFFFFFFFFFFFFFFFFFFFFFFFFFFFFFFFF20
:20A06000FFFFFFFFFFFFFFFFFFFFFFFFFFFFFFFFFFFFFFFFFFFFFFFFFFFFFFFFFFFFFFFF00
:20A08000FFFFFFFFFFFFFFFFFFFFFFFFFFFFFFFFFFFFFFFFFFFFFFFFFFFFFFFFFFFFFFFFE0
:20A0A000FFFFFFFFFFFFFFFFFFFFFFFFFFFFFFFFFFFFFFFFFFFFFFFFFFFFFFFFFFFFFFFFC0
:20A0C000FFFFFFFFFFFFFFFFFFFFFFFFFFFFFFFFFFFFFFFFFFFFFFFFFFFFFFFFFFFFFFFFA0
:20A0E000FFFFFFFFFFFFFFFFFFFFFFFFFFFFFFFFFFFFFFFFFFFFFFFFFFFFFFFFFFFFFFFF80
:20A10000FFFFFFFFFFFFFFFFFFFFFFFFFFFFFFFFFFFFFFFFFFFFFFFFFFFFFFFFFFFFFFFF5F
:20A12000FFFFFFFFFFFFFFFFFFFFFFFFFFFFFFFFFFFFFFFFFFFFFFFFFFFFFFFFFFFFFFFF3F
:20A14000FFFFFFFFFFFFFFFFFFFFFFFFFFFFFFFFFFFFFFFFFFFFFFFFFFFFFFFFFFFFFFFF1F
:20A16000FFFFFFFFFFFFFFFFFFFFFFFFFFFFFFFFFFFFFFFFFFFFFFFFFFFFFFFFFFFFFFFFFF
:20A18000FFFFFFFFFFFFFFFFFFFFFFFFFFFFFFFFFFFFFFFFFFFFFFFFFFFFFFFFFFFFFFFFDF
:20A1A000FFFFFFFFFFFFFFFFFFFFFFFFFFFFFFFFFFFFFFFFFFFFFFFFFFFFFFFFFFFFFFFFBF
:20A1C000FFFFFFFFFFFFFFFFFFFFFFFFFFFFFFFFFFFFFFFFFFFFFFFFFFFFFFFFFFFFFFFF9F
:20A1E000FFFFFFFFFFFFFFFFFFFFFFFFFFFFFFFFFFFFFFFFFFFFFFFFFFFFFFFFFFFFFFFF7F
:20A20000FFFFFFFFFFFFFFFFFFFFFFFFFFFFFFFFFFFFFFFFFFFFFFFFFFFFFFFFFFFFFFFF5E
:20A22000FFFFFFFFFFFFFFFFFFFFFFFFFFFFFFFFFFFFFFFFFFFFFFFFFFFFFFFFFFFFFFFF3E
:20A24000FFFFFFFFFFFFFFFFFFFFFFFFFFFFFFFFFFFFFFFFFFFFFFFFFFFFFFFFFFFFFFFF1E
:20A26000FFFFFFFFFFFFFFFFFFFFFFFFFFFFFFFFFFFFFFFFFFFFFFFFFFFFFFFFFFFFFFFFFE
:20A28000FFFFFFFFFFFFFFFFFFFFFFFFFFFFFFFFFFFFFFFFFFFFFFFFFFFFFFFFFFFFFFFFDE
:20A2A000FFFFFFFFFFFFFFFFFFFFFFFFFFFFFFFFFFFFFFFFFFFFFFFFFFFFFFFFFFFFFFFFBE
:20A2C000FFFFFFFFFFFFFFFFFFFFFFFFFFFFFFFFFFFFFFFFFFFFFFFFFFFFFFFFFFFFFFFF9E
:20A2E000FFFFFFFFFFFFFFFFFFFFFFFFFFFFFFFFFFFFFFFFFFFFFFFFFFFFFFFFFFFFFFFF7E
:20A30000FFFFFFFFFFFFFFFFFFFFFFFFFFFFFFFFFFFFFFFFFFFFFFFFFFFFFFFFFFFFFFFF5D
:20A32000FFFFFFFFFFFFFFFFFFFFFFFFFFFFFFFFFFFFFFFFFFFFFFFFFFFFFFFFFFFFFFFF3D
:20A34000FFFFFFFFFFFFFFFFFFFFFFFFFFFFFFFFFFFFFFFFFFFFFFFFFFFFFFFFFFFFFFFF1D
:20A36000FFFFFFFFFFFFFFFFFFFFFFFFFFFFFFFFFFFFFFFFFFFFFFFFFFFFFFFFFFFFFFFFFD
:20A38000FFFFFFFFFFFFFFFFFFFFFFFFFFFFFFFFFFFFFFFFFFFFFFFFFFFFFFFFFFFFFFFFDD
:20A3A000FFFFFFFFFFFFFFFFFFFFFFFFFFFFFFFFFFFFFFFFFFFFFFFFFFFFFFFFFFFFFFFFBD
:20A3C000FFFFFFFFFFFFFFFFFFFFFFFFFFFFFFFFFFFFFFFFFFFFFFFFFFFFFFFFFFFFFFFF9D
:20A3E000FFFFFFFFFFFFFFFFFFFFFFFFFFFFFFFFFFFFFFFFFFFFFFFFFFFFFFFFFFFFFFFF7D
:20A40000FFFFFFFFFFFFFFFFFFFFFFFFFFFFFFFFFFFFFFFFFFFFFFFFFFFFFFFFFFFFFFFF5C
:20A42000FFFFFFFFFFFFFFFFFFFFFFFFFFFFFFFFFFFFFFFFFFFFFFFFFFFFFFFFFFFFFFFF3C
:20A44000FFFFFFFFFFFFFFFFFFFFFFFFFFFFFFFFFFFFFFFFFFFFFFFFFFFFFFFFFFFFFFFF1C
:20A46000FFFFFFFFFFFFFFFFFFFFFFFFFFFFFFFFFFFFFFFFFFFFFFFFFFFFFFFFFFFFFFFFFC
:20A48000FFFFFFFFFFFFFFFFFFFFFFFFFFFFFFFFFFFFFFFFFFFFFFFFFFFFFFFFFFFFFFFFDC
:20A4A000FFFFFFFFFFFFFFFFFFFFFFFFFFFFFFFFFFFFFFFFFFFFFFFFFFFFFFFFFFFFFFFFBC
:20A4C000FFFFFFFFFFFFFFFFFFFFFFFFFFFFFFFFFFFFFFFFFFFFFFFFFFFFFFFFFFFFFFFF9C
:20A4E000FFFFFFFFFFFFFFFFFFFFFFFFFFFFFFFFFFFFFFFFFFFFFFFFFFFFFFFFFFFFFFFF7C
:20A50000FFFFFFFFFFFFFFFFFFFFFFFFFFFFFFFFFFFFFFFFFFFFFFFFFFFFFFFFFFFFFFFF5B
:20A52000FFFFFFFFFFFFFFFFFFFFFFFFFFFFFFFFFFFFFFFFFFFFFFFFFFFFFFFFFFFFFFFF3B
:20A54000FFFFFFFFFFFFFFFFFFFFFFFFFFFFFFFFFFFFFFFFFFFFFFFFFFFFFFFFFFFFFFFF1B
:20A56000FFFFFFFFFFFFFFFFFFFFFFFFFFFFFFFFFFFFFFFFFFFFFFFFFFFFFFFFFFFFFFFFFB
:20A58000FFFFFFFFFFFFFFFFFFFFFFFFFFFFFFFFFFFFFFFFFFFFFFFFFFFFFFFFFFFFFFFFDB
:20A5A000FFFFFFFFFFFFFFFFFFFFFFFFFFFFFFFFFFFFFFFFFFFFFFFFFFFFFFFFFFFFFFFFBB
:20A5C000FFFFFFFFFFFFFFFFFFFFFFFFFFFFFFFFFFFFFFFFFFFFFFFFFFFFFFFFFFFFFFFF9B
:20A5E000FFFFFFFFFFFFFFFFFFFFFFFFFFFFFFFFFFFFFFFFFFFFFFFFFFFFFFFFFFFFFFFF7B
:20A60000FFFFFFFFFFFFFFFFFFFFFFFFFFFFFFFFFFFFFFFFFFFFFFFFFFFFFFFFFFFFFFFF5A
:20A62000FFFFFFFFFFFFFFFFFFFFFFFFFFFFFFFFFFFFFFFFFFFFFFFFFFFFFFFFFFFFFFFF3A
:20A64000FFFFFFFFFFFFFFFFFFFFFFFFFFFFFFFFFFFFFFFFFFFFFFFFFFFFFFFFFFFFFFFF1A
:20A66000FFFFFFFFFFFFFFFFFFFFFFFFFFFFFFFFFFFFFFFFFFFFFFFFFFFFFFFFFFFFFFFFFA
:20A68000FFFFFFFFFFFFFFFFFFFFFFFFFFFFFFFFFFFFFFFFFFFFFFFFFFFFFFFFFFFFFFFFDA
:20A6A000FFFFFFFFFFFFFFFFFFFFFFFFFFFFFFFFFFFFFFFFFFFFFFFFFFFFFFFFFFFFFFFFBA
:20A6C000FFFFFFFFFFFFFFFFFFFFFFFFFFFFFFFFFFFFFFFFFFFFFFFFFFFFFFFFFFFFFFFF9A
:20A6E000FFFFFFFFFFFFFFFFFFFFFFFFFFFFFFFFFFFFFFFFFFFFFFFFFFFFFFFFFFFFFFFF7A
:20A70000FFFFFFFFFFFFFFFFFFFFFFFFFFFFFFFFFFFFFFFFFFFFFFFFFFFFFFFFFFFFFFFF59
:20A72000FFFFFFFFFFFFFFFFFFFFFFFFFFFFFFFFFFFFFFFFFFFFFFFFFFFFFFFFFFFFFFFF39
:20A74000FFFFFFFFFFFFFFFFFFFFFFFFFFFFFFFFFFFFFFFFFFFFFFFFFFFFFFFFFFFFFFFF19
:20A76000FFFFFFFFFFFFFFFFFFFFFFFFFFFFFFFFFFFFFFFFFFFFFFFFFFFFFFFFFFFFFFFFF9
:20A78000FFFFFFFFFFFFFFFFFFFFFFFFFFFFFFFFFFFFFFFFFFFFFFFFFFFFFFFFFFFFFFFFD9
:20A7A000FFFFFFFFFFFFFFFFFFFFFFFFFFFFFFFFFFFFFFFFFFFFFFFFFFFFFFFFFFFFFFFFB9
:20A7C000FFFFFFFFFFFFFFFFFFFFFFFFFFFFFFFFFFFFFFFFFFFFFFFFFFFFFFFFFFFFFFFF99
:20A7E000FFFFFFFFFFFFFFFFFFFFFFFFFFFFFFFFFFFFFFFFFFFFFFFFFFFFFFFFFFFFFFFF79
:20A80000FFFFFFFFFFFFFFFFFFFFFFFFFFFFFFFFFFFFFFFFFFFFFFFFFFFFFFFFFFFFFFFF58
:20A82000FFFFFFFFFFFFFFFFFFFFFFFFFFFFFFFFFFFFFFFFFFFFFFFFFFFFFFFFFFFFFFFF38
:20A84000FFFFFFFFFFFFFFFFFFFFFFFFFFFFFFFFFFFFFFFFFFFFFFFFFFFFFFFFFFFFFFFF18
:20A86000FFFFFFFFFFFFFFFFFFFFFFFFFFFFFFFFFFFFFFFFFFFFFFFFFFFFFFFFFFFFFFFFF8
:20A88000FFFFFFFFFFFFFFFFFFFFFFFFFFFFFFFFFFFFFFFFFFFFFFFFFFFFFFFFFFFFFFFFD8
:20A8A000FFFFFFFFFFFFFFFFFFFFFFFFFFFFFFFFFFFFFFFFFFFFFFFFFFFFFFFFFFFFFFFFB8
:20A8C000FFFFFFFFFFFFFFFFFFFFFFFFFFFFFFFFFFFFFFFFFFFFFFFFFFFFFFFFFFFFFFFF98
:20A8E000FFFFFFFFFFFFFFFFFFFFFFFFFFFFFFFFFFFFFFFFFFFFFFFFFFFFFFFFFFFFFFFF78
:20A90000FFFFFFFFFFFFFFFFFFFFFFFFFFFFFFFFFFFFFFFFFFFFFFFFFFFFFFFFFFFFFFFF57
:20A92000FFFFFFFFFFFFFFFFFFFFFFFFFFFFFFFFFFFFFFFFFFFFFFFFFFFFFFFFFFFFFFFF37
:20A94000FFFFFFFFFFFFFFFFFFFFFFFFFFFFFFFFFFFFFFFFFFFFFFFFFFFFFFFFFFFFFFFF17
:20A96000FFFFFFFFFFFFFFFFFFFFFFFFFFFFFFFFFFFFFFFFFFFFFFFFFFFFFFFFFFFFFFFFF7
:20A98000FFFFFFFFFFFFFFFFFFFFFFFFFFFFFFFFFFFFFFFFFFFFFFFFFFFFFFFFFFFFFFFFD7
:20A9A000FFFFFFFFFFFFFFFFFFFFFFFFFFFFFFFFFFFFFFFFFFFFFFFFFFFFFFFFFFFFFFFFB7
:20A9C000FFFFFFFFFFFFFFFFFFFFFFFFFFFFFFFFFFFFFFFFFFFFFFFFFFFFFFFFFFFFFFFF97
:20A9E000FFFFFFFFFFFFFFFFFFFFFFFFFFFFFFFFFFFFFFFFFFFFFFFFFFFFFFFFFFFFFFFF77
:20AA0000FFFFFFFFFFFFFFFFFFFFFFFFFFFFFFFFFFFFFFFFFFFFFFFFFFFFFFFFFFFFFFFF56
:20AA2000FFFFFFFFFFFFFFFFFFFFFFFFFFFFFFFFFFFFFFFFFFFFFFFFFFFFFFFFFFFFFFFF36
:20AA4000FFFFFFFFFFFFFFFFFFFFFFFFFFFFFFFFFFFFFFFFFFFFFFFFFFFFFFFFFFFFFFFF16
:20AA6000FFFFFFFFFFFFFFFFFFFFFFFFFFFFFFFFFFFFFFFFFFFFFFFFFFFFFFFFFFFFFFFFF6
:20AA8000FFFFFFFFFFFFFFFFFFFFFFFFFFFFFFFFFFFFFFFFFFFFFFFFFFFFFFFFFFFFFFFFD6
:20AAA000FFFFFFFFFFFFFFFFFFFFFFFFFFFFFFFFFFFFFFFFFFFFFFFFFFFFFFFFFFFFFFFFB6
:20AAC000FFFFFFFFFFFFFFFFFFFFFFFFFFFFFFFFFFFFFFFFFFFFFFFFFFFFFFFFFFFFFFFF96
:20AAE000FFFFFFFFFFFFFFFFFFFFFFFFFFFFFFFFFFFFFFFFFFFFFFFFFFFFFFFFFFFFFFFF76
:20AB0000FFFFFFFFFFFFFFFFFFFFFFFFFFFFFFFFFFFFFFFFFFFFFFFFFFFFFFFFFFFFFFFF55
:20AB2000FFFFFFFFFFFFFFFFFFFFFFFFFFFFFFFFFFFFFFFFFFFFFFFFFFFFFFFFFFFFFFFF35
:20AB4000FFFFFFFFFFFFFFFFFFFFFFFFFFFFFFFFFFFFFFFFFFFFFFFFFFFFFFFFFFFFFFFF15
:20AB6000FFFFFFFFFFFFFFFFFFFFFFFFFFFFFFFFFFFFFFFFFFFFFFFFFFFFFFFFFFFFFFFFF5
:20AB8000FFFFFFFFFFFFFFFFFFFFFFFFFFFFFFFFFFFFFFFFFFFFFFFFFFFFFFFFFFFFFFFFD5
:20ABA000FFFFFFFFFFFFFFFFFFFFFFFFFFFFFFFFFFFFFFFFFFFFFFFFFFFFFFFFFFFFFFFFB5
:20ABC000FFFFFFFFFFFFFFFFFFFFFFFFFFFFFFFFFFFFFFFFFFFFFFFFFFFFFFFFFFFFFFFF95
:20ABE000FFFFFFFFFFFFFFFFFFFFFFFFFFFFFFFFFFFFFFFFFFFFFFFFFFFFFFFFFFFFFFFF75
:20AC0000FFFFFFFFFFFFFFFFFFFFFFFFFFFFFFFFFFFFFFFFFFFFFFFFFFFFFFFFFFFFFFFF54
:20AC2000FFFFFFFFFFFFFFFFFFFFFFFFFFFFFFFFFFFFFFFFFFFFFFFFFFFFFFFFFFFFFFFF34
:20AC4000FFFFFFFFFFFFFFFFFFFFFFFFFFFFFFFFFFFFFFFFFFFFFFFFFFFFFFFFFFFFFFFF14
:20AC6000FFFFFFFFFFFFFFFFFFFFFFFFFFFFFFFFFFFFFFFFFFFFFFFFFFFFFFFFFFFFFFFFF4
:20AC8000FFFFFFFFFFFFFFFFFFFFFFFFFFFFFFFFFFFFFFFFFFFFFFFFFFFFFFFFFFFFFFFFD4
:20ACA000FFFFFFFFFFFFFFFFFFFFFFFFFFFFFFFFFFFFFFFFFFFFFFFFFFFFFFFFFFFFFFFFB4
:20ACC000FFFFFFFFFFFFFFFFFFFFFFFFFFFFFFFFFFFFFFFFFFFFFFFFFFFFFFFFFFFFFFFF94
:20ACE000FFFFFFFFFFFFFFFFFFFFFFFFFFFFFFFFFFFFFFFFFFFFFFFFFFFFFFFFFFFFFFFF74
:20AD0000FFFFFFFFFFFFFFFFFFFFFFFFFFFFFFFFFFFFFFFFFFFFFFFFFFFFFFFFFFFFFFFF53
:20AD2000FFFFFFFFFFFFFFFFFFFFFFFFFFFFFFFFFFFFFFFFFFFFFFFFFFFFFFFFFFFFFFFF33
:20AD4000FFFFFFFFFFFFFFFFFFFFFFFFFFFFFFFFFFFFFFFFFFFFFFFFFFFFFFFFFFFFFFFF13
:20AD6000FFFFFFFFFFFFFFFFFFFFFFFFFFFFFFFFFFFFFFFFFFFFFFFFFFFFFFFFFFFFFFFFF3
:20AD8000FFFFFFFFFFFFFFFFFFFFFFFFFFFFFFFFFFFFFFFFFFFFFFFFFFFFFFFFFFFFFFFFD3
:20ADA000FFFFFFFFFFFFFFFFFFFFFFFFFFFFFFFFFFFFFFFFFFFFFFFFFFFFFFFFFFFFFFFFB3
:20ADC000FFFFFFFFFFFFFFFFFFFFFFFFFFFFFFFFFFFFFFFFFFFFFFFFFFFFFFFFFFFFFFFF93
:20ADE000FFFFFFFFFFFFFFFFFFFFFFFFFFFFFFFFFFFFFFFFFFFFFFFFFFFFFFFFFFFFFFFF73
:20AE0000FFFFFFFFFFFFFFFFFFFFFFFFFFFFFFFFFFFFFFFFFFFFFFFFFFFFFFFFFFFFFFFF52
:20AE2000FFFFFFFFFFFFFFFFFFFFFFFFFFFFFFFFFFFFFFFFFFFFFFFFFFFFFFFFFFFFFFFF32
:20AE4000FFFFFFFFFFFFFFFFFFFFFFFFFFFFFFFFFFFFFFFFFFFFFFFFFFFFFFFFFFFFFFFF12
:20AE6000FFFFFFFFFFFFFFFFFFFFFFFFFFFFFFFFFFFFFFFFFFFFFFFFFFFFFFFFFFFFFFFFF2
:20AE8000FFFFFFFFFFFFFFFFFFFFFFFFFFFFFFFFFFFFFFFFFFFFFFFFFFFFFFFFFFFFFFFFD2
:20AEA000FFFFFFFFFFFFFFFFFFFFFFFFFFFFFFFFFFFFFFFFFFFFFFFFFFFFFFFFFFFFFFFFB2
:20AEC000FFFFFFFFFFFFFFFFFFFFFFFFFFFFFFFFFFFFFFFFFFFFFFFFFFFFFFFFFFFFFFFF92
:20AEE000FFFFFFFFFFFFFFFFFFFFFFFFFFFFFFFFFFFFFFFFFFFFFFFFFFFFFFFFFFFFFFFF72
:20AF0000FFFFFFFFFFFFFFFFFFFFFFFFFFFFFFFFFFFFFFFFFFFFFFFFFFFFFFFFFFFFFFFF51
:20AF2000FFFFFFFFFFFFFFFFFFFFFFFFFFFFFFFFFFFFFFFFFFFFFFFFFFFFFFFFFFFFFFFF31
:20AF4000FFFFFFFFFFFFFFFFFFFFFFFFFFFFFFFFFFFFFFFFFFFFFFFFFFFFFFFFFFFFFFFF11
:20AF6000FFFFFFFFFFFFFFFFFFFFFFFFFFFFFFFFFFFFFFFFFFFFFFFFFFFFFFFFFFFFFFFFF1
:20AF8000FFFFFFFFFFFFFFFFFFFFFFFFFFFFFFFFFFFFFFFFFFFFFFFFFFFFFFFFFFFFFFFFD1
:20AFA000FFFFFFFFFFFFFFFFFFFFFFFFFFFFFFFFFFFFFFFFFFFFFFFFFFFFFFFFFFFFFFFFB1
:20AFC000FFFFFFFFFFFFFFFFFFFFFFFFFFFFFFFFFFFFFFFFFFFFFFFFFFFFFFFFFFFFFFFF91
:20AFE000FFFFFFFFFFFFFFFFFFFFFFFFFFFFFFFFFFFFFFFFFFFFFFFFFFFFFFFFFFFFFFFF71
:20B00000FFFFFFFFFFFFFFFFFFFFFFFFFFFFFFFFFFFFFFFFFFFFFFFFFFFFFFFFFFFFFFFF50
:20B02000FFFFFFFFFFFFFFFFFFFFFFFFFFFFFFFFFFFFFFFFFFFFFFFFFFFFFFFFFFFFFFFF30
:20B04000FFFFFFFFFFFFFFFFFFFFFFFFFFFFFFFFFFFFFFFFFFFFFFFFFFFFFFFFFFFFFFFF10
:20B06000FFFFFFFFFFFFFFFFFFFFFFFFFFFFFFFFFFFFFFFFFFFFFFFFFFFFFFFFFFFFFFFFF0
:20B08000FFFFFFFFFFFFFFFFFFFFFFFFFFFFFFFFFFFFFFFFFFFFFFFFFFFFFFFFFFFFFFFFD0
:20B0A000FFFFFFFFFFFFFFFFFFFFFFFFFFFFFFFFFFFFFFFFFFFFFFFFFFFFFFFFFFFFFFFFB0
:20B0C000FFFFFFFFFFFFFFFFFFFFFFFFFFFFFFFFFFFFFFFFFFFFFFFFFFFFFFFFFFFFFFFF90
:20B0E000FFFFFFFFFFFFFFFFFFFFFFFFFFFFFFFFFFFFFFFFFFFFFFFFFFFFFFFFFFFFFFFF70
:20B10000FFFFFFFFFFFFFFFFFFFFFFFFFFFFFFFFFFFFFFFFFFFFFFFFFFFFFFFFFFFFFFFF4F
:20B12000FFFFFFFFFFFFFFFFFFFFFFFFFFFFFFFFFFFFFFFFFFFFFFFFFFFFFFFFFFFFFFFF2F
:20B14000FFFFFFFFFFFFFFFFFFFFFFFFFFFFFFFFFFFFFFFFFFFFFFFFFFFFFFFFFFFFFFFF0F
:20B16000FFFFFFFFFFFFFFFFFFFFFFFFFFFFFFFFFFFFFFFFFFFFFFFFFFFFFFFFFFFFFFFFEF
:20B18000FFFFFFFFFFFFFFFFFFFFFFFFFFFFFFFFFFFFFFFFFFFFFFFFFFFFFFFFFFFFFFFFCF
:20B1A000FFFFFFFFFFFFFFFFFFFFFFFFFFFFFFFFFFFFFFFFFFFFFFFFFFFFFFFFFFFFFFFFAF
:20B1C000FFFFFFFFFFFFFFFFFFFFFFFFFFFFFFFFFFFFFFFFFFFFFFFFFFFFFFFFFFFFFFFF8F
:20B1E000FFFFFFFFFFFFFFFFFFFFFFFFFFFFFFFFFFFFFFFFFFFFFFFFFFFFFFFFFFFFFFFF6F
:20B20000FFFFFFFFFFFFFFFFFFFFFFFFFFFFFFFFFFFFFFFFFFFFFFFFFFFFFFFFFFFFFFFF4E
:20B22000FFFFFFFFFFFFFFFFFFFFFFFFFFFFFFFFFFFFFFFFFFFFFFFFFFFFFFFFFFFFFFFF2E
:20B24000FFFFFFFFFFFFFFFFFFFFFFFFFFFFFFFFFFFFFFFFFFFFFFFFFFFFFFFFFFFFFFFF0E
:20B26000FFFFFFFFFFFFFFFFFFFFFFFFFFFFFFFFFFFFFFFFFFFFFFFFFFFFFFFFFFFFFFFFEE
:20B28000FFFFFFFFFFFFFFFFFFFFFFFFFFFFFFFFFFFFFFFFFFFFFFFFFFFFFFFFFFFFFFFFCE
:20B2A000FFFFFFFFFFFFFFFFFFFFFFFFFFFFFFFFFFFFFFFFFFFFFFFFFFFFFFFFFFFFFFFFAE
:20B2C000FFFFFFFFFFFFFFFFFFFFFFFFFFFFFFFFFFFFFFFFFFFFFFFFFFFFFFFFFFFFFFFF8E
:20B2E000FFFFFFFFFFFFFFFFFFFFFFFFFFFFFFFFFFFFFFFFFFFFFFFFFFFFFFFFFFFFFFFF6E
:20B30000FFFFFFFFFFFFFFFFFFFFFFFFFFFFFFFFFFFFFFFFFFFFFFFFFFFFFFFFFFFFFFFF4D
:20B32000FFFFFFFFFFFFFFFFFFFFFFFFFFFFFFFFFFFFFFFFFFFFFFFFFFFFFFFFFFFFFFFF2D
:20B34000FFFFFFFFFFFFFFFFFFFFFFFFFFFFFFFFFFFFFFFFFFFFFFFFFFFFFFFFFFFFFFFF0D
:20B36000FFFFFFFFFFFFFFFFFFFFFFFFFFFFFFFFFFFFFFFFFFFFFFFFFFFFFFFFFFFFFFFFED
:20B38000FFFFFFFFFFFFFFFFFFFFFFFFFFFFFFFFFFFFFFFFFFFFFFFFFFFFFFFFFFFFFFFFCD
:20B3A000FFFFFFFFFFFFFFFFFFFFFFFFFFFFFFFFFFFFFFFFFFFFFFFFFFFFFFFFFFFFFFFFAD
:20B3C000FFFFFFFFFFFFFFFFFFFFFFFFFFFFFFFFFFFFFFFFFFFFFFFFFFFFFFFFFFFFFFFF8D
:20B3E000FFFFFFFFFFFFFFFFFFFFFFFFFFFFFFFFFFFFFFFFFFFFFFFFFFFFFFFFFFFFFFFF6D
:20B40000FFFFFFFFFFFFFFFFFFFFFFFFFFFFFFFFFFFFFFFFFFFFFFFFFFFFFFFFFFFFFFFF4C
:20B42000FFFFFFFFFFFFFFFFFFFFFFFFFFFFFFFFFFFFFFFFFFFFFFFFFFFFFFFFFFFFFFFF2C
:20B44000FFFFFFFFFFFFFFFFFFFFFFFFFFFFFFFFFFFFFFFFFFFFFFFFFFFFFFFFFFFFFFFF0C
:20B46000FFFFFFFFFFFFFFFFFFFFFFFFFFFFFFFFFFFFFFFFFFFFFFFFFFFFFFFFFFFFFFFFEC
:20B48000FFFFFFFFFFFFFFFFFFFFFFFFFFFFFFFFFFFFFFFFFFFFFFFFFFFFFFFFFFFFFFFFCC
:20B4A000FFFFFFFFFFFFFFFFFFFFFFFFFFFFFFFFFFFFFFFFFFFFFFFFFFFFFFFFFFFFFFFFAC
:20B4C000FFFFFFFFFFFFFFFFFFFFFFFFFFFFFFFFFFFFFFFFFFFFFFFFFFFFFFFFFFFFFFFF8C
:20B4E000FFFFFFFFFFFFFFFFFFFFFFFFFFFFFFFFFFFFFFFFFFFFFFFFFFFFFFFFFFFFFFFF6C
:20B50000FFFFFFFFFFFFFFFFFFFFFFFFFFFFFFFFFFFFFFFFFFFFFFFFFFFFFFFFFFFFFFFF4B
:20B52000FFFFFFFFFFFFFFFFFFFFFFFFFFFFFFFFFFFFFFFFFFFFFFFFFFFFFFFFFFFFFFFF2B
:20B54000FFFFFFFFFFFFFFFFFFFFFFFFFFFFFFFFFFFFFFFFFFFFFFFFFFFFFFFFFFFFFFFF0B
:20B56000FFFFFFFFFFFFFFFFFFFFFFFFFFFFFFFFFFFFFFFFFFFFFFFFFFFFFFFFFFFFFFFFEB
:20B58000FFFFFFFFFFFFFFFFFFFFFFFFFFFFFFFFFFFFFFFFFFFFFFFFFFFFFFFFFFFFFFFFCB
:20B5A000FFFFFFFFFFFFFFFFFFFFFFFFFFFFFFFFFFFFFFFFFFFFFFFFFFFFFFFFFFFFFFFFAB
:20B5C000FFFFFFFFFFFFFFFFFFFFFFFFFFFFFFFFFFFFFFFFFFFFFFFFFFFFFFFFFFFFFFFF8B
:20B5E000FFFFFFFFFFFFFFFFFFFFFFFFFFFFFFFFFFFFFFFFFFFFFFFFFFFFFFFFFFFFFFFF6B
:20B60000FFFFFFFFFFFFFFFFFFFFFFFFFFFFFFFFFFFFFFFFFFFFFFFFFFFFFFFFFFFFFFFF4A
:20B62000FFFFFFFFFFFFFFFFFFFFFFFFFFFFFFFFFFFFFFFFFFFFFFFFFFFFFFFFFFFFFFFF2A
:20B64000FFFFFFFFFFFFFFFFFFFFFFFFFFFFFFFFFFFFFFFFFFFFFFFFFFFFFFFFFFFFFFFF0A
:20B66000FFFFFFFFFFFFFFFFFFFFFFFFFFFFFFFFFFFFFFFFFFFFFFFFFFFFFFFFFFFFFFFFEA
:20B68000FFFFFFFFFFFFFFFFFFFFFFFFFFFFFFFFFFFFFFFFFFFFFFFFFFFFFFFFFFFFFFFFCA
:20B6A000FFFFFFFFFFFFFFFFFFFFFFFFFFFFFFFFFFFFFFFFFFFFFFFFFFFFFFFFFFFFFFFFAA
:20B6C000FFFFFFFFFFFFFFFFFFFFFFFFFFFFFFFFFFFFFFFFFFFFFFFFFFFFFFFFFFFFFFFF8A
:20B6E000FFFFFFFFFFFFFFFFFFFFFFFFFFFFFFFFFFFFFFFFFFFFFFFFFFFFFFFFFFFFFFFF6A
:20B70000FFFFFFFFFFFFFFFFFFFFFFFFFFFFFFFFFFFFFFFFFFFFFFFFFFFFFFFFFFFFFFFF49
:20B72000FFFFFFFFFFFFFFFFFFFFFFFFFFFFFFFFFFFFFFFFFFFFFFFFFFFFFFFFFFFFFFFF29
:20B74000FFFFFFFFFFFFFFFFFFFFFFFFFFFFFFFFFFFFFFFFFFFFFFFFFFFFFFFFFFFFFFFF09
:20B76000FFFFFFFFFFFFFFFFFFFFFFFFFFFFFFFFFFFFFFFFFFFFFFFFFFFFFFFFFFFFFFFFE9
:20B78000FFFFFFFFFFFFFFFFFFFFFFFFFFFFFFFFFFFFFFFFFFFFFFFFFFFFFFFFFFFFFFFFC9
:20B7A000FFFFFFFFFFFFFFFFFFFFFFFFFFFFFFFFFFFFFFFFFFFFFFFFFFFFFFFFFFFFFFFFA9
:20B7C000FFFFFFFFFFFFFFFFFFFFFFFFFFFFFFFFFFFFFFFFFFFFFFFFFFFFFFFFFFFFFFFF89
:20B7E000FFFFFFFFFFFFFFFFFFFFFFFFFFFFFFFFFFFFFFFFFFFFFFFFFFFFFFFFFFFFFFFF69
:20B80000FFFFFFFFFFFFFFFFFFFFFFFFFFFFFFFFFFFFFFFFFFFFFFFFFFFFFFFFFFFFFFFF48
:20B82000FFFFFFFFFFFFFFFFFFFFFFFFFFFFFFFFFFFFFFFFFFFFFFFFFFFFFFFFFFFFFFFF28
:20B84000FFFFFFFFFFFFFFFFFFFFFFFFFFFFFFFFFFFFFFFFFFFFFFFFFFFFFFFFFFFFFFFF08
:20B86000FFFFFFFFFFFFFFFFFFFFFFFFFFFFFFFFFFFFFFFFFFFFFFFFFFFFFFFFFFFFFFFFE8
:20B88000FFFFFFFFFFFFFFFFFFFFFFFFFFFFFFFFFFFFFFFFFFFFFFFFFFFFFFFFFFFFFFFFC8
:20B8A000FFFFFFFFFFFFFFFFFFFFFFFFFFFFFFFFFFFFFFFFFFFFFFFFFFFFFFFFFFFFFFFFA8
:20B8C000FFFFFFFFFFFFFFFFFFFFFFFFFFFFFFFFFFFFFFFFFFFFFFFFFFFFFFFFFFFFFFFF88
:20B8E000FFFFFFFFFFFFFFFFFFFFFFFFFFFFFFFFFFFFFFFFFFFFFFFFFFFFFFFFFFFFFFFF68
:20B90000FFFFFFFFFFFFFFFFFFFFFFFFFFFFFFFFFFFFFFFFFFFFFFFFFFFFFFFFFFFFFFFF47
:20B92000FFFFFFFFFFFFFFFFFFFFFFFFFFFFFFFFFFFFFFFFFFFFFFFFFFFFFFFFFFFFFFFF27
:20B94000FFFFFFFFFFFFFFFFFFFFFFFFFFFFFFFFFFFFFFFFFFFFFFFFFFFFFFFFFFFFFFFF07
:20B96000FFFFFFFFFFFFFFFFFFFFFFFFFFFFFFFFFFFFFFFFFFFFFFFFFFFFFFFFFFFFFFFFE7
:20B98000FFFFFFFFFFFFFFFFFFFFFFFFFFFFFFFFFFFFFFFFFFFFFFFFFFFFFFFFFFFFFFFFC7
:20B9A000FFFFFFFFFFFFFFFFFFFFFFFFFFFFFFFFFFFFFFFFFFFFFFFFFFFFFFFFFFFFFFFFA7
:20B9C000FFFFFFFFFFFFFFFFFFFFFFFFFFFFFFFFFFFFFFFFFFFFFFFFFFFFFFFFFFFFFFFF87
:20B9E000FFFFFFFFFFFFFFFFFFFFFFFFFFFFFFFFFFFFFFFFFFFFFFFFFFFFFFFFFFFFFFFF67
:20BA0000FFFFFFFFFFFFFFFFFFFFFFFFFFFFFFFFFFFFFFFFFFFFFFFFFFFFFFFFFFFFFFFF46
:20BA2000FFFFFFFFFFFFFFFFFFFFFFFFFFFFFFFFFFFFFFFFFFFFFFFFFFFFFFFFFFFFFFFF26
:20BA4000FFFFFFFFFFFFFFFFFFFFFFFFFFFFFFFFFFFFFFFFFFFFFFFFFFFFFFFFFFFFFFFF06
:20BA6000FFFFFFFFFFFFFFFFFFFFFFFFFFFFFFFFFFFFFFFFFFFFFFFFFFFFFFFFFFFFFFFFE6
:20BA8000FFFFFFFFFFFFFFFFFFFFFFFFFFFFFFFFFFFFFFFFFFFFFFFFFFFFFFFFFFFFFFFFC6
:20BAA000FFFFFFFFFFFFFFFFFFFFFFFFFFFFFFFFFFFFFFFFFFFFFFFFFFFFFFFFFFFFFFFFA6
:20BAC000FFFFFFFFFFFFFFFFFFFFFFFFFFFFFFFFFFFFFFFFFFFFFFFFFFFFFFFFFFFFFFFF86
:20BAE000FFFFFFFFFFFFFFFFFFFFFFFFFFFFFFFFFFFFFFFFFFFFFFFFFFFFFFFFFFFFFFFF66
:20BB0000FFFFFFFFFFFFFFFFFFFFFFFFFFFFFFFFFFFFFFFFFFFFFFFFFFFFFFFFFFFFFFFF45
:20BB2000FFFFFFFFFFFFFFFFFFFFFFFFFFFFFFFFFFFFFFFFFFFFFFFFFFFFFFFFFFFFFFFF25
:20BB4000FFFFFFFFFFFFFFFFFFFFFFFFFFFFFFFFFFFFFFFFFFFFFFFFFFFFFFFFFFFFFFFF05
:20BB6000FFFFFFFFFFFFFFFFFFFFFFFFFFFFFFFFFFFFFFFFFFFFFFFFFFFFFFFFFFFFFFFFE5
:20BB8000FFFFFFFFFFFFFFFFFFFFFFFFFFFFFFFFFFFFFFFFFFFFFFFFFFFFFFFFFFFFFFFFC5
:20BBA000FFFFFFFFFFFFFFFFFFFFFFFFFFFFFFFFFFFFFFFFFFFFFFFFFFFFFFFFFFFFFFFFA5
:20BBC000FFFFFFFFFFFFFFFFFFFFFFFFFFFFFFFFFFFFFFFFFFFFFFFFFFFFFFFFFFFFFFFF85
:20BBE000FFFFFFFFFFFFFFFFFFFFFFFFFFFFFFFFFFFFFFFFFFFFFFFFFFFFFFFFFFFFFFFF65
:20BC0000FFFFFFFFFFFFFFFFFFFFFFFFFFFFFFFFFFFFFFFFFFFFFFFFFFFFFFFFFFFFFFFF44
:20BC2000FFFFFFFFFFFFFFFFFFFFFFFFFFFFFFFFFFFFFFFFFFFFFFFFFFFFFFFFFFFFFFFF24
:20BC4000FFFFFFFFFFFFFFFFFFFFFFFFFFFFFFFFFFFFFFFFFFFFFFFFFFFFFFFFFFFFFFFF04
:20BC6000FFFFFFFFFFFFFFFFFFFFFFFFFFFFFFFFFFFFFFFFFFFFFFFFFFFFFFFFFFFFFFFFE4
:20BC8000FFFFFFFFFFFFFFFFFFFFFFFFFFFFFFFFFFFFFFFFFFFFFFFFFFFFFFFFFFFFFFFFC4
:20BCA000FFFFFFFFFFFFFFFFFFFFFFFFFFFFFFFFFFFFFFFFFFFFFFFFFFFFFFFFFFFFFFFFA4
:20BCC000FFFFFFFFFFFFFFFFFFFFFFFFFFFFFFFFFFFFFFFFFFFFFFFFFFFFFFFFFFFFFFFF84
:20BCE000FFFFFFFFFFFFFFFFFFFFFFFFFFFFFFFFFFFFFFFFFFFFFFFFFFFFFFFFFFFFFFFF64
:20BD0000FFFFFFFFFFFFFFFFFFFFFFFFFFFFFFFFFFFFFFFFFFFFFFFFFFFFFFFFFFFFFFFF43
:20BD2000FFFFFFFFFFFFFFFFFFFFFFFFFFFFFFFFFFFFFFFFFFFFFFFFFFFFFFFFFFFFFFFF23
:20BD4000FFFFFFFFFFFFFFFFFFFFFFFFFFFFFFFFFFFFFFFFFFFFFFFFFFFFFFFFFFFFFFFF03
:20BD6000FFFFFFFFFFFFFFFFFFFFFFFFFFFFFFFFFFFFFFFFFFFFFFFFFFFFFFFFFFFFFFFFE3
:20BD8000FFFFFFFFFFFFFFFFFFFFFFFFFFFFFFFFFFFFFFFFFFFFFFFFFFFFFFFFFFFFFFFFC3
:20BDA000FFFFFFFFFFFFFFFFFFFFFFFFFFFFFFFFFFFFFFFFFFFFFFFFFFFFFFFFFFFFFFFFA3
:20BDC000FFFFFFFFFFFFFFFFFFFFFFFFFFFFFFFFFFFFFFFFFFFFFFFFFFFFFFFFFFFFFFFF83
:20BDE000FFFFFFFFFFFFFFFFFFFFFFFFFFFFFFFFFFFFFFFFFFFFFFFFFFFFFFFFFFFFFFFF63
:20BE0000FFFFFFFFFFFFFFFFFFFFFFFFFFFFFFFFFFFFFFFFFFFFFFFFFFFFFFFFFFFFFFFF42
:20BE2000FFFFFFFFFFFFFFFFFFFFFFFFFFFFFFFFFFFFFFFFFFFFFFFFFFFFFFFFFFFFFFFF22
:20BE4000FFFFFFFFFFFFFFFFFFFFFFFFFFFFFFFFFFFFFFFFFFFFFFFFFFFFFFFFFFFFFFFF02
:20BE6000FFFFFFFFFFFFFFFFFFFFFFFFFFFFFFFFFFFFFFFFFFFFFFFFFFFFFFFFFFFFFFFFE2
:20BE8000FFFFFFFFFFFFFFFFFFFFFFFFFFFFFFFFFFFFFFFFFFFFFFFFFFFFFFFFFFFFFFFFC2
:20BEA000FFFFFFFFFFFFFFFFFFFFFFFFFFFFFFFFFFFFFFFFFFFFFFFFFFFFFFFFFFFFFFFFA2
:20BEC000FFFFFFFFFFFFFFFFFFFFFFFFFFFFFFFFFFFFFFFFFFFFFFFFFFFFFFFFFFFFFFFF82
:20BEE000FFFFFFFFFFFFFFFFFFFFFFFFFFFFFFFFFFFFFFFFFFFFFFFFFFFFFFFFFFFFFFFF62
:20BF0000FFFFFFFFFFFFFFFFFFFFFFFFFFFFFFFFFFFFFFFFFFFFFFFFFFFFFFFFFFFFFFFF41
:20BF2000FFFFFFFFFFFFFFFFFFFFFFFFFFFFFFFFFFFFFFFFFFFFFFFFFFFFFFFFFFFFFFFF21
:20BF4000FFFFFFFFFFFFFFFFFFFFFFFFFFFFFFFFFFFFFFFFFFFFFFFFFFFFFFFFFFFFFFFF01
:20BF6000FFFFFFFFFFFFFFFFFFFFFFFFFFFFFFFFFFFFFFFFFFFFFFFFFFFFFFFFFFFFFFFFE1
:20BF8000FFFFFFFFFFFFFFFFFFFFFFFFFFFFFFFFFFFFFFFFFFFFFFFFFFFFFFFFFFFFFFFFC1
:20BFA000FFFFFFFFFFFFFFFFFFFFFFFFFFFFFFFFFFFFFFFFFFFFFFFFFFFFFFFFFFFFFFFFA1
:20BFC000FFFFFFFFFFFFFFFFFFFFFFFFFFFFFFFFFFFFFFFFFFFFFFFFFFFFFFFFFFFFFFFF81
:20BFE000FFFFFFFFFFFFFFFFFFFFFFFFFFFFFFFFFFFFFFFFFFFFFFFFFFFFFFFFFFFFFFFF61
:20C00000FFFFFFFFFFFFFFFFFFFFFFFFFFFFFFFFFFFFFFFFFFFFFFFFFFFFFFFFFFFFFFFF40
:20C02000FFFFFFFFFFFFFFFFFFFFFFFFFFFFFFFFFFFFFFFFFFFFFFFFFFFFFFFFFFFFFFFF20
:20C04000FFFFFFFFFFFFFFFFFFFFFFFFFFFFFFFFFFFFFFFFFFFFFFFFFFFFFFFFFFFFFFFF00
:20C06000FFFFFFFFFFFFFFFFFFFFFFFFFFFFFFFFFFFFFFFFFFFFFFFFFFFFFFFFFFFFFFFFE0
:20C08000FFFFFFFFFFFFFFFFFFFFFFFFFFFFFFFFFFFFFFFFFFFFFFFFFFFFFFFFFFFFFFFFC0
:20C0A000FFFFFFFFFFFFFFFFFFFFFFFFFFFFFFFFFFFFFFFFFFFFFFFFFFFFFFFFFFFFFFFFA0
:20C0C000FFFFFFFFFFFFFFFFFFFFFFFFFFFFFFFFFFFFFFFFFFFFFFFFFFFFFFFFFFFFFFFF80
:20C0E000FFFFFFFFFFFFFFFFFFFFFFFFFFFFFFFFFFFFFFFFFFFFFFFFFFFFFFFFFFFFFFFF60
:20C10000FFFFFFFFFFFFFFFFFFFFFFFFFFFFFFFFFFFFFFFFFFFFFFFFFFFFFFFFFFFFFFFF3F
:20C12000FFFFFFFFFFFFFFFFFFFFFFFFFFFFFFFFFFFFFFFFFFFFFFFFFFFFFFFFFFFFFFFF1F
:20C14000FFFFFFFFFFFFFFFFFFFFFFFFFFFFFFFFFFFFFFFFFFFFFFFFFFFFFFFFFFFFFFFFFF
:20C16000FFFFFFFFFFFFFFFFFFFFFFFFFFFFFFFFFFFFFFFFFFFFFFFFFFFFFFFFFFFFFFFFDF
:20C18000FFFFFFFFFFFFFFFFFFFFFFFFFFFFFFFFFFFFFFFFFFFFFFFFFFFFFFFFFFFFFFFFBF
:20C1A000FFFFFFFFFFFFFFFFFFFFFFFFFFFFFFFFFFFFFFFFFFFFFFFFFFFFFFFFFFFFFFFF9F
:20C1C000FFFFFFFFFFFFFFFFFFFFFFFFFFFFFFFFFFFFFFFFFFFFFFFFFFFFFFFFFFFFFFFF7F
:20C1E000FFFFFFFFFFFFFFFFFFFFFFFFFFFFFFFFFFFFFFFFFFFFFFFFFFFFFFFFFFFFFFFF5F
:20C20000FFFFFFFFFFFFFFFFFFFFFFFFFFFFFFFFFFFFFFFFFFFFFFFFFFFFFFFFFFFFFFFF3E
:20C22000FFFFFFFFFFFFFFFFFFFFFFFFFFFFFFFFFFFFFFFFFFFFFFFFFFFFFFFFFFFFFFFF1E
:20C24000FFFFFFFFFFFFFFFFFFFFFFFFFFFFFFFFFFFFFFFFFFFFFFFFFFFFFFFFFFFFFFFFFE
:20C26000FFFFFFFFFFFFFFFFFFFFFFFFFFFFFFFFFFFFFFFFFFFFFFFFFFFFFFFFFFFFFFFFDE
:20C28000FFFFFFFFFFFFFFFFFFFFFFFFFFFFFFFFFFFFFFFFFFFFFFFFFFFFFFFFFFFFFFFFBE
:20C2A000FFFFFFFFFFFFFFFFFFFFFFFFFFFFFFFFFFFFFFFFFFFFFFFFFFFFFFFFFFFFFFFF9E
:20C2C000FFFFFFFFFFFFFFFFFFFFFFFFFFFFFFFFFFFFFFFFFFFFFFFFFFFFFFFFFFFFFFFF7E
:20C2E000FFFFFFFFFFFFFFFFFFFFFFFFFFFFFFFFFFFFFFFFFFFFFFFFFFFFFFFFFFFFFFFF5E
:20C30000FFFFFFFFFFFFFFFFFFFFFFFFFFFFFFFFFFFFFFFFFFFFFFFFFFFFFFFFFFFFFFFF3D
:20C32000FFFFFFFFFFFFFFFFFFFFFFFFFFFFFFFFFFFFFFFFFFFFFFFFFFFFFFFFFFFFFFFF1D
:20C34000FFFFFFFFFFFFFFFFFFFFFFFFFFFFFFFFFFFFFFFFFFFFFFFFFFFFFFFFFFFFFFFFFD
:20C36000FFFFFFFFFFFFFFFFFFFFFFFFFFFFFFFFFFFFFFFFFFFFFFFFFFFFFFFFFFFFFFFFDD
:20C38000FFFFFFFFFFFFFFFFFFFFFFFFFFFFFFFFFFFFFFFFFFFFFFFFFFFFFFFFFFFFFFFFBD
:20C3A000FFFFFFFFFFFFFFFFFFFFFFFFFFFFFFFFFFFFFFFFFFFFFFFFFFFFFFFFFFFFFFFF9D
:20C3C000FFFFFFFFFFFFFFFFFFFFFFFFFFFFFFFFFFFFFFFFFFFFFFFFFFFFFFFFFFFFFFFF7D
:20C3E000FFFFFFFFFFFFFFFFFFFFFFFFFFFFFFFFFFFFFFFFFFFFFFFFFFFFFFFFFFFFFFFF5D
:20C40000FFFFFFFFFFFFFFFFFFFFFFFFFFFFFFFFFFFFFFFFFFFFFFFFFFFFFFFFFFFFFFFF3C
:20C42000FFFFFFFFFFFFFFFFFFFFFFFFFFFFFFFFFFFFFFFFFFFFFFFFFFFFFFFFFFFFFFFF1C
:20C44000FFFFFFFFFFFFFFFFFFFFFFFFFFFFFFFFFFFFFFFFFFFFFFFFFFFFFFFFFFFFFFFFFC
:20C46000FFFFFFFFFFFFFFFFFFFFFFFFFFFFFFFFFFFFFFFFFFFFFFFFFFFFFFFFFFFFFFFFDC
:20C48000FFFFFFFFFFFFFFFFFFFFFFFFFFFFFFFFFFFFFFFFFFFFFFFFFFFFFFFFFFFFFFFFBC
:20C4A000FFFFFFFFFFFFFFFFFFFFFFFFFFFFFFFFFFFFFFFFFFFFFFFFFFFFFFFFFFFFFFFF9C
:20C4C000FFFFFFFFFFFFFFFFFFFFFFFFFFFFFFFFFFFFFFFFFFFFFFFFFFFFFFFFFFFFFFFF7C
:20C4E000FFFFFFFFFFFFFFFFFFFFFFFFFFFFFFFFFFFFFFFFFFFFFFFFFFFFFFFFFFFFFFFF5C
:20C50000FFFFFFFFFFFFFFFFFFFFFFFFFFFFFFFFFFFFFFFFFFFFFFFFFFFFFFFFFFFFFFFF3B
:20C52000FFFFFFFFFFFFFFFFFFFFFFFFFFFFFFFFFFFFFFFFFFFFFFFFFFFFFFFFFFFFFFFF1B
:20C54000FFFFFFFFFFFFFFFFFFFFFFFFFFFFFFFFFFFFFFFFFFFFFFFFFFFFFFFFFFFFFFFFFB
:20C56000FFFFFFFFFFFFFFFFFFFFFFFFFFFFFFFFFFFFFFFFFFFFFFFFFFFFFFFFFFFFFFFFDB
:20C58000FFFFFFFFFFFFFFFFFFFFFFFFFFFFFFFFFFFFFFFFFFFFFFFFFFFFFFFFFFFFFFFFBB
:20C5A000FFFFFFFFFFFFFFFFFFFFFFFFFFFFFFFFFFFFFFFFFFFFFFFFFFFFFFFFFFFFFFFF9B
:20C5C000FFFFFFFFFFFFFFFFFFFFFFFFFFFFFFFFFFFFFFFFFFFFFFFFFFFFFFFFFFFFFFFF7B
:20C5E000FFFFFFFFFFFFFFFFFFFFFFFFFFFFFFFFFFFFFFFFFFFFFFFFFFFFFFFFFFFFFFFF5B
:20C60000FFFFFFFFFFFFFFFFFFFFFFFFFFFFFFFFFFFFFFFFFFFFFFFFFFFFFFFFFFFFFFFF3A
:20C62000FFFFFFFFFFFFFFFFFFFFFFFFFFFFFFFFFFFFFFFFFFFFFFFFFFFFFFFFFFFFFFFF1A
:20C64000FFFFFFFFFFFFFFFFFFFFFFFFFFFFFFFFFFFFFFFFFFFFFFFFFFFFFFFFFFFFFFFFFA
:20C66000FFFFFFFFFFFFFFFFFFFFFFFFFFFFFFFFFFFFFFFFFFFFFFFFFFFFFFFFFFFFFFFFDA
:20C68000FFFFFFFFFFFFFFFFFFFFFFFFFFFFFFFFFFFFFFFFFFFFFFFFFFFFFFFFFFFFFFFFBA
:20C6A000FFFFFFFFFFFFFFFFFFFFFFFFFFFFFFFFFFFFFFFFFFFFFFFFFFFFFFFFFFFFFFFF9A
:20C6C000FFFFFFFFFFFFFFFFFFFFFFFFFFFFFFFFFFFFFFFFFFFFFFFFFFFFFFFFFFFFFFFF7A
:20C6E000FFFFFFFFFFFFFFFFFFFFFFFFFFFFFFFFFFFFFFFFFFFFFFFFFFFFFFFFFFFFFFFF5A
:20C70000FFFFFFFFFFFFFFFFFFFFFFFFFFFFFFFFFFFFFFFFFFFFFFFFFFFFFFFFFFFFFFFF39
:20C72000FFFFFFFFFFFFFFFFFFFFFFFFFFFFFFFFFFFFFFFFFFFFFFFFFFFFFFFFFFFFFFFF19
:20C74000FFFFFFFFFFFFFFFFFFFFFFFFFFFFFFFFFFFFFFFFFFFFFFFFFFFFFFFFFFFFFFFFF9
:20C76000FFFFFFFFFFFFFFFFFFFFFFFFFFFFFFFFFFFFFFFFFFFFFFFFFFFFFFFFFFFFFFFFD9
:20C78000FFFFFFFFFFFFFFFFFFFFFFFFFFFFFFFFFFFFFFFFFFFFFFFFFFFFFFFFFFFFFFFFB9
:20C7A000FFFFFFFFFFFFFFFFFFFFFFFFFFFFFFFFFFFFFFFFFFFFFFFFFFFFFFFFFFFFFFFF99
:20C7C000FFFFFFFFFFFFFFFFFFFFFFFFFFFFFFFFFFFFFFFFFFFFFFFFFFFFFFFFFFFFFFFF79
:20C7E000FFFFFFFFFFFFFFFFFFFFFFFFFFFFFFFFFFFFFFFFFFFFFFFFFFFFFFFFFFFFFFFF59
:20C80000FFFFFFFFFFFFFFFFFFFFFFFFFFFFFFFFFFFFFFFFFFFFFFFFFFFFFFFFFFFFFFFF38
:20C82000FFFFFFFFFFFFFFFFFFFFFFFFFFFFFFFFFFFFFFFFFFFFFFFFFFFFFFFFFFFFFFFF18
:20C84000FFFFFFFFFFFFFFFFFFFFFFFFFFFFFFFFFFFFFFFFFFFFFFFFFFFFFFFFFFFFFFFFF8
:20C86000FFFFFFFFFFFFFFFFFFFFFFFFFFFFFFFFFFFFFFFFFFFFFFFFFFFFFFFFFFFFFFFFD8
:20C88000FFFFFFFFFFFFFFFFFFFFFFFFFFFFFFFFFFFFFFFFFFFFFFFFFFFFFFFFFFFFFFFFB8
:20C8A000FFFFFFFFFFFFFFFFFFFFFFFFFFFFFFFFFFFFFFFFFFFFFFFFFFFFFFFFFFFFFFFF98
:20C8C000FFFFFFFFFFFFFFFFFFFFFFFFFFFFFFFFFFFFFFFFFFFFFFFFFFFFFFFFFFFFFFFF78
:20C8E000FFFFFFFFFFFFFFFFFFFFFFFFFFFFFFFFFFFFFFFFFFFFFFFFFFFFFFFFFFFFFFFF58
:20C90000FFFFFFFFFFFFFFFFFFFFFFFFFFFFFFFFFFFFFFFFFFFFFFFFFFFFFFFFFFFFFFFF37
:20C92000FFFFFFFFFFFFFFFFFFFFFFFFFFFFFFFFFFFFFFFFFFFFFFFFFFFFFFFFFFFFFFFF17
:20C94000FFFFFFFFFFFFFFFFFFFFFFFFFFFFFFFFFFFFFFFFFFFFFFFFFFFFFFFFFFFFFFFFF7
:20C96000FFFFFFFFFFFFFFFFFFFFFFFFFFFFFFFFFFFFFFFFFFFFFFFFFFFFFFFFFFFFFFFFD7
:20C98000FFFFFFFFFFFFFFFFFFFFFFFFFFFFFFFFFFFFFFFFFFFFFFFFFFFFFFFFFFFFFFFFB7
:20C9A000FFFFFFFFFFFFFFFFFFFFFFFFFFFFFFFFFFFFFFFFFFFFFFFFFFFFFFFFFFFFFFFF97
:20C9C000FFFFFFFFFFFFFFFFFFFFFFFFFFFFFFFFFFFFFFFFFFFFFFFFFFFFFFFFFFFFFFFF77
:20C9E000FFFFFFFFFFFFFFFFFFFFFFFFFFFFFFFFFFFFFFFFFFFFFFFFFFFFFFFFFFFFFFFF57
:20CA0000FFFFFFFFFFFFFFFFFFFFFFFFFFFFFFFFFFFFFFFFFFFFFFFFFFFFFFFFFFFFFFFF36
:20CA2000FFFFFFFFFFFFFFFFFFFFFFFFFFFFFFFFFFFFFFFFFFFFFFFFFFFFFFFFFFFFFFFF16
:20CA4000FFFFFFFFFFFFFFFFFFFFFFFFFFFFFFFFFFFFFFFFFFFFFFFFFFFFFFFFFFFFFFFFF6
:20CA6000FFFFFFFFFFFFFFFFFFFFFFFFFFFFFFFFFFFFFFFFFFFFFFFFFFFFFFFFFFFFFFFFD6
:20CA8000FFFFFFFFFFFFFFFFFFFFFFFFFFFFFFFFFFFFFFFFFFFFFFFFFFFFFFFFFFFFFFFFB6
:20CAA000FFFFFFFFFFFFFFFFFFFFFFFFFFFFFFFFFFFFFFFFFFFFFFFFFFFFFFFFFFFFFFFF96
:20CAC000FFFFFFFFFFFFFFFFFFFFFFFFFFFFFFFFFFFFFFFFFFFFFFFFFFFFFFFFFFFFFFFF76
:20CAE000FFFFFFFFFFFFFFFFFFFFFFFFFFFFFFFFFFFFFFFFFFFFFFFFFFFFFFFFFFFFFFFF56
:20CB0000FFFFFFFFFFFFFFFFFFFFFFFFFFFFFFFFFFFFFFFFFFFFFFFFFFFFFFFFFFFFFFFF35
:20CB2000FFFFFFFFFFFFFFFFFFFFFFFFFFFFFFFFFFFFFFFFFFFFFFFFFFFFFFFFFFFFFFFF15
:20CB4000FFFFFFFFFFFFFFFFFFFFFFFFFFFFFFFFFFFFFFFFFFFFFFFFFFFFFFFFFFFFFFFFF5
:20CB6000FFFFFFFFFFFFFFFFFFFFFFFFFFFFFFFFFFFFFFFFFFFFFFFFFFFFFFFFFFFFFFFFD5
:20CB8000FFFFFFFFFFFFFFFFFFFFFFFFFFFFFFFFFFFFFFFFFFFFFFFFFFFFFFFFFFFFFFFFB5
:20CBA000FFFFFFFFFFFFFFFFFFFFFFFFFFFFFFFFFFFFFFFFFFFFFFFFFFFFFFFFFFFFFFFF95
:20CBC000FFFFFFFFFFFFFFFFFFFFFFFFFFFFFFFFFFFFFFFFFFFFFFFFFFFFFFFFFFFFFFFF75
:20CBE000FFFFFFFFFFFFFFFFFFFFFFFFFFFFFFFFFFFFFFFFFFFFFFFFFFFFFFFFFFFFFFFF55
:20CC0000FFFFFFFFFFFFFFFFFFFFFFFFFFFFFFFFFFFFFFFFFFFFFFFFFFFFFFFFFFFFFFFF34
:20CC2000FFFFFFFFFFFFFFFFFFFFFFFFFFFFFFFFFFFFFFFFFFFFFFFFFFFFFFFFFFFFFFFF14
:20CC4000FFFFFFFFFFFFFFFFFFFFFFFFFFFFFFFFFFFFFFFFFFFFFFFFFFFFFFFFFFFFFFFFF4
:20CC6000FFFFFFFFFFFFFFFFFFFFFFFFFFFFFFFFFFFFFFFFFFFFFFFFFFFFFFFFFFFFFFFFD4
:20CC8000FFFFFFFFFFFFFFFFFFFFFFFFFFFFFFFFFFFFFFFFFFFFFFFFFFFFFFFFFFFFFFFFB4
:20CCA000FFFFFFFFFFFFFFFFFFFFFFFFFFFFFFFFFFFFFFFFFFFFFFFFFFFFFFFFFFFFFFFF94
:20CCC000FFFFFFFFFFFFFFFFFFFFFFFFFFFFFFFFFFFFFFFFFFFFFFFFFFFFFFFFFFFFFFFF74
:20CCE000FFFFFFFFFFFFFFFFFFFFFFFFFFFFFFFFFFFFFFFFFFFFFFFFFFFFFFFFFFFFFFFF54
:20CD0000FFFFFFFFFFFFFFFFFFFFFFFFFFFFFFFFFFFFFFFFFFFFFFFFFFFFFFFFFFFFFFFF33
:20CD2000FFFFFFFFFFFFFFFFFFFFFFFFFFFFFFFFFFFFFFFFFFFFFFFFFFFFFFFFFFFFFFFF13
:20CD4000FFFFFFFFFFFFFFFFFFFFFFFFFFFFFFFFFFFFFFFFFFFFFFFFFFFFFFFFFFFFFFFFF3
:20CD6000FFFFFFFFFFFFFFFFFFFFFFFFFFFFFFFFFFFFFFFFFFFFFFFFFFFFFFFFFFFFFFFFD3
:20CD8000FFFFFFFFFFFFFFFFFFFFFFFFFFFFFFFFFFFFFFFFFFFFFFFFFFFFFFFFFFFFFFFFB3
:20CDA000FFFFFFFFFFFFFFFFFFFFFFFFFFFFFFFFFFFFFFFFFFFFFFFFFFFFFFFFFFFFFFFF93
:20CDC000FFFFFFFFFFFFFFFFFFFFFFFFFFFFFFFFFFFFFFFFFFFFFFFFFFFFFFFFFFFFFFFF73
:20CDE000FFFFFFFFFFFFFFFFFFFFFFFFFFFFFFFFFFFFFFFFFFFFFFFFFFFFFFFFFFFFFFFF53
:20CE0000FFFFFFFFFFFFFFFFFFFFFFFFFFFFFFFFFFFFFFFFFFFFFFFFFFFFFFFFFFFFFFFF32
:20CE2000FFFFFFFFFFFFFFFFFFFFFFFFFFFFFFFFFFFFFFFFFFFFFFFFFFFFFFFFFFFFFFFF12
:20CE4000FFFFFFFFFFFFFFFFFFFFFFFFFFFFFFFFFFFFFFFFFFFFFFFFFFFFFFFFFFFFFFFFF2
:20CE6000FFFFFFFFFFFFFFFFFFFFFFFFFFFFFFFFFFFFFFFFFFFFFFFFFFFFFFFFFFFFFFFFD2
:20CE8000FFFFFFFFFFFFFFFFFFFFFFFFFFFFFFFFFFFFFFFFFFFFFFFFFFFFFFFFFFFFFFFFB2
:20CEA000FFFFFFFFFFFFFFFFFFFFFFFFFFFFFFFFFFFFFFFFFFFFFFFFFFFFFFFFFFFFFFFF92
:20CEC000FFFFFFFFFFFFFFFFFFFFFFFFFFFFFFFFFFFFFFFFFFFFFFFFFFFFFFFFFFFFFFFF72
:20CEE000FFFFFFFFFFFFFFFFFFFFFFFFFFFFFFFFFFFFFFFFFFFFFFFFFFFFFFFFFFFFFFFF52
:20CF0000FFFFFFFFFFFFFFFFFFFFFFFFFFFFFFFFFFFFFFFFFFFFFFFFFFFFFFFFFFFFFFFF31
:20CF2000FFFFFFFFFFFFFFFFFFFFFFFFFFFFFFFFFFFFFFFFFFFFFFFFFFFFFFFFFFFFFFFF11
:20CF4000FFFFFFFFFFFFFFFFFFFFFFFFFFFFFFFFFFFFFFFFFFFFFFFFFFFFFFFFFFFFFFFFF1
:20CF6000FFFFFFFFFFFFFFFFFFFFFFFFFFFFFFFFFFFFFFFFFFFFFFFFFFFFFFFFFFFFFFFFD1
:20CF8000FFFFFFFFFFFFFFFFFFFFFFFFFFFFFFFFFFFFFFFFFFFFFFFFFFFFFFFFFFFFFFFFB1
:20CFA000FFFFFFFFFFFFFFFFFFFFFFFFFFFFFFFFFFFFFFFFFFFFFFFFFFFFFFFFFFFFFFFF91
:20CFC000FFFFFFFFFFFFFFFFFFFFFFFFFFFFFFFFFFFFFFFFFFFFFFFFFFFFFFFFFFFFFFFF71
:20CFE000FFFFFFFFFFFFFFFFFFFFFFFFFFFFFFFFFFFFFFFFFFFFFFFFFFFFFFFFFFFFFFFF51
:20D00000FFFFFFFFFFFFFFFFFFFFFFFFFFFFFFFFFFFFFFFFFFFFFFFFFFFFFFFFFFFFFFFF30
:20D02000FFFFFFFFFFFFFFFFFFFFFFFFFFFFFFFFFFFFFFFFFFFFFFFFFFFFFFFFFFFFFFFF10
:20D04000FFFFFFFFFFFFFFFFFFFFFFFFFFFFFFFFFFFFFFFFFFFFFFFFFFFFFFFFFFFFFFFFF0
:20D06000FFFFFFFFFFFFFFFFFFFFFFFFFFFFFFFFFFFFFFFFFFFFFFFFFFFFFFFFFFFFFFFFD0
:20D08000FFFFFFFFFFFFFFFFFFFFFFFFFFFFFFFFFFFFFFFFFFFFFFFFFFFFFFFFFFFFFFFFB0
:20D0A000FFFFFFFFFFFFFFFFFFFFFFFFFFFFFFFFFFFFFFFFFFFFFFFFFFFFFFFFFFFFFFFF90
:20D0C000FFFFFFFFFFFFFFFFFFFFFFFFFFFFFFFFFFFFFFFFFFFFFFFFFFFFFFFFFFFFFFFF70
:20D0E000FFFFFFFFFFFFFFFFFFFFFFFFFFFFFFFFFFFFFFFFFFFFFFFFFFFFFFFFFFFFFFFF50
:20D10000FFFFFFFFFFFFFFFFFFFFFFFFFFFFFFFFFFFFFFFFFFFFFFFFFFFFFFFFFFFFFFFF2F
:20D12000FFFFFFFFFFFFFFFFFFFFFFFFFFFFFFFFFFFFFFFFFFFFFFFFFFFFFFFFFFFFFFFF0F
:20D14000FFFFFFFFFFFFFFFFFFFFFFFFFFFFFFFFFFFFFFFFFFFFFFFFFFFFFFFFFFFFFFFFEF
:20D16000FFFFFFFFFFFFFFFFFFFFFFFFFFFFFFFFFFFFFFFFFFFFFFFFFFFFFFFFFFFFFFFFCF
:20D18000FFFFFFFFFFFFFFFFFFFFFFFFFFFFFFFFFFFFFFFFFFFFFFFFFFFFFFFFFFFFFFFFAF
:20D1A000FFFFFFFFFFFFFFFFFFFFFFFFFFFFFFFFFFFFFFFFFFFFFFFFFFFFFFFFFFFFFFFF8F
:20D1C000FFFFFFFFFFFFFFFFFFFFFFFFFFFFFFFFFFFFFFFFFFFFFFFFFFFFFFFFFFFFFFFF6F
:20D1E000FFFFFFFFFFFFFFFFFFFFFFFFFFFFFFFFFFFFFFFFFFFFFFFFFFFFFFFFFFFFFFFF4F
:20D20000FFFFFFFFFFFFFFFFFFFFFFFFFFFFFFFFFFFFFFFFFFFFFFFFFFFFFFFFFFFFFFFF2E
:20D22000FFFFFFFFFFFFFFFFFFFFFFFFFFFFFFFFFFFFFFFFFFFFFFFFFFFFFFFFFFFFFFFF0E
:20D24000FFFFFFFFFFFFFFFFFFFFFFFFFFFFFFFFFFFFFFFFFFFFFFFFFFFFFFFFFFFFFFFFEE
:20D26000FFFFFFFFFFFFFFFFFFFFFFFFFFFFFFFFFFFFFFFFFFFFFFFFFFFFFFFFFFFFFFFFCE
:20D28000FFFFFFFFFFFFFFFFFFFFFFFFFFFFFFFFFFFFFFFFFFFFFFFFFFFFFFFFFFFFFFFFAE
:20D2A000FFFFFFFFFFFFFFFFFFFFFFFFFFFFFFFFFFFFFFFFFFFFFFFFFFFFFFFFFFFFFFFF8E
:20D2C000FFFFFFFFFFFFFFFFFFFFFFFFFFFFFFFFFFFFFFFFFFFFFFFFFFFFFFFFFFFFFFFF6E
:20D2E000FFFFFFFFFFFFFFFFFFFFFFFFFFFFFFFFFFFFFFFFFFFFFFFFFFFFFFFFFFFFFFFF4E
:20D30000FFFFFFFFFFFFFFFFFFFFFFFFFFFFFFFFFFFFFFFFFFFFFFFFFFFFFFFFFFFFFFFF2D
:20D32000FFFFFFFFFFFFFFFFFFFFFFFFFFFFFFFFFFFFFFFFFFFFFFFFFFFFFFFFFFFFFFFF0D
:20D34000FFFFFFFFFFFFFFFFFFFFFFFFFFFFFFFFFFFFFFFFFFFFFFFFFFFFFFFFFFFFFFFFED
:20D36000FFFFFFFFFFFFFFFFFFFFFFFFFFFFFFFFFFFFFFFFFFFFFFFFFFFFFFFFFFFFFFFFCD
:20D38000FFFFFFFFFFFFFFFFFFFFFFFFFFFFFFFFFFFFFFFFFFFFFFFFFFFFFFFFFFFFFFFFAD
:20D3A000FFFFFFFFFFFFFFFFFFFFFFFFFFFFFFFFFFFFFFFFFFFFFFFFFFFFFFFFFFFFFFFF8D
:20D3C000FFFFFFFFFFFFFFFFFFFFFFFFFFFFFFFFFFFFFFFFFFFFFFFFFFFFFFFFFFFFFFFF6D
:20D3E000FFFFFFFFFFFFFFFFFFFFFFFFFFFFFFFFFFFFFFFFFFFFFFFFFFFFFFFFFFFFFFFF4D
:20D40000FFFFFFFFFFFFFFFFFFFFFFFFFFFFFFFFFFFFFFFFFFFFFFFFFFFFFFFFFFFFFFFF2C
:20D42000FFFFFFFFFFFFFFFFFFFFFFFFFFFFFFFFFFFFFFFFFFFFFFFFFFFFFFFFFFFFFFFF0C
:20D44000FFFFFFFFFFFFFFFFFFFFFFFFFFFFFFFFFFFFFFFFFFFFFFFFFFFFFFFFFFFFFFFFEC
:20D46000FFFFFFFFFFFFFFFFFFFFFFFFFFFFFFFFFFFFFFFFFFFFFFFFFFFFFFFFFFFFFFFFCC
:20D48000FFFFFFFFFFFFFFFFFFFFFFFFFFFFFFFFFFFFFFFFFFFFFFFFFFFFFFFFFFFFFFFFAC
:20D4A000FFFFFFFFFFFFFFFFFFFFFFFFFFFFFFFFFFFFFFFFFFFFFFFFFFFFFFFFFFFFFFFF8C
:20D4C000FFFFFFFFFFFFFFFFFFFFFFFFFFFFFFFFFFFFFFFFFFFFFFFFFFFFFFFFFFFFFFFF6C
:20D4E000FFFFFFFFFFFFFFFFFFFFFFFFFFFFFFFFFFFFFFFFFFFFFFFFFFFFFFFFFFFFFFFF4C
:20D50000FFFFFFFFFFFFFFFFFFFFFFFFFFFFFFFFFFFFFFFFFFFFFFFFFFFFFFFFFFFFFFFF2B
:20D52000FFFFFFFFFFFFFFFFFFFFFFFFFFFFFFFFFFFFFFFFFFFFFFFFFFFFFFFFFFFFFFFF0B
:20D54000FFFFFFFFFFFFFFFFFFFFFFFFFFFFFFFFFFFFFFFFFFFFFFFFFFFFFFFFFFFFFFFFEB
:20D56000FFFFFFFFFFFFFFFFFFFFFFFFFFFFFFFFFFFFFFFFFFFFFFFFFFFFFFFFFFFFFFFFCB
:20D58000FFFFFFFFFFFFFFFFFFFFFFFFFFFFFFFFFFFFFFFFFFFFFFFFFFFFFFFFFFFFFFFFAB
:20D5A000FFFFFFFFFFFFFFFFFFFFFFFFFFFFFFFFFFFFFFFFFFFFFFFFFFFFFFFFFFFFFFFF8B
:20D5C000FFFFFFFFFFFFFFFFFFFFFFFFFFFFFFFFFFFFFFFFFFFFFFFFFFFFFFFFFFFFFFFF6B
:20D5E000FFFFFFFFFFFFFFFFFFFFFFFFFFFFFFFFFFFFFFFFFFFFFFFFFFFFFFFFFFFFFFFF4B
:20D60000FFFFFFFFFFFFFFFFFFFFFFFFFFFFFFFFFFFFFFFFFFFFFFFFFFFFFFFFFFFFFFFF2A
:20D62000FFFFFFFFFFFFFFFFFFFFFFFFFFFFFFFFFFFFFFFFFFFFFFFFFFFFFFFFFFFFFFFF0A
:20D64000FFFFFFFFFFFFFFFFFFFFFFFFFFFFFFFFFFFFFFFFFFFFFFFFFFFFFFFFFFFFFFFFEA
:20D66000FFFFFFFFFFFFFFFFFFFFFFFFFFFFFFFFFFFFFFFFFFFFFFFFFFFFFFFFFFFFFFFFCA
:20D68000FFFFFFFFFFFFFFFFFFFFFFFFFFFFFFFFFFFFFFFFFFFFFFFFFFFFFFFFFFFFFFFFAA
:20D6A000FFFFFFFFFFFFFFFFFFFFFFFFFFFFFFFFFFFFFFFFFFFFFFFFFFFFFFFFFFFFFFFF8A
:20D6C000FFFFFFFFFFFFFFFFFFFFFFFFFFFFFFFFFFFFFFFFFFFFFFFFFFFFFFFFFFFFFFFF6A
:20D6E000FFFFFFFFFFFFFFFFFFFFFFFFFFFFFFFFFFFFFFFFFFFFFFFFFFFFFFFFFFFFFFFF4A
:20D70000FFFFFFFFFFFFFFFFFFFFFFFFFFFFFFFFFFFFFFFFFFFFFFFFFFFFFFFFFFFFFFFF29
:20D72000FFFFFFFFFFFFFFFFFFFFFFFFFFFFFFFFFFFFFFFFFFFFFFFFFFFFFFFFFFFFFFFF09
:20D74000FFFFFFFFFFFFFFFFFFFFFFFFFFFFFFFFFFFFFFFFFFFFFFFFFFFFFFFFFFFFFFFFE9
:20D76000FFFFFFFFFFFFFFFFFFFFFFFFFFFFFFFFFFFFFFFFFFFFFFFFFFFFFFFFFFFFFFFFC9
:20D78000FFFFFFFFFFFFFFFFFFFFFFFFFFFFFFFFFFFFFFFFFFFFFFFFFFFFFFFFFFFFFFFFA9
:20D7A000FFFFFFFFFFFFFFFFFFFFFFFFFFFFFFFFFFFFFFFFFFFFFFFFFFFFFFFFFFFFFFFF89
:20D7C000FFFFFFFFFFFFFFFFFFFFFFFFFFFFFFFFFFFFFFFFFFFFFFFFFFFFFFFFFFFFFFFF69
:20D7E000FFFFFFFFFFFFFFFFFFFFFFFFFFFFFFFFFFFFFFFFFFFFFFFFFFFFFFFFFFFFFFFF49
:20D80000FFFFFFFFFFFFFFFFFFFFFFFFFFFFFFFFFFFFFFFFFFFFFFFFFFFFFFFFFFFFFFFF28
:20D82000FFFFFFFFFFFFFFFFFFFFFFFFFFFFFFFFFFFFFFFFFFFFFFFFFFFFFFFFFFFFFFFF08
:20D84000FFFFFFFFFFFFFFFFFFFFFFFFFFFFFFFFFFFFFFFFFFFFFFFFFFFFFFFFFFFFFFFFE8
:20D86000FFFFFFFFFFFFFFFFFFFFFFFFFFFFFFFFFFFFFFFFFFFFFFFFFFFFFFFFFFFFFFFFC8
:20D88000FFFFFFFFFFFFFFFFFFFFFFFFFFFFFFFFFFFFFFFFFFFFFFFFFFFFFFFFFFFFFFFFA8
:20D8A000FFFFFFFFFFFFFFFFFFFFFFFFFFFFFFFFFFFFFFFFFFFFFFFFFFFFFFFFFFFFFFFF88
:20D8C000FFFFFFFFFFFFFFFFFFFFFFFFFFFFFFFFFFFFFFFFFFFFFFFFFFFFFFFFFFFFFFFF68
:20D8E000FFFFFFFFFFFFFFFFFFFFFFFFFFFFFFFFFFFFFFFFFFFFFFFFFFFFFFFFFFFFFFFF48
:20D90000FFFFFFFFFFFFFFFFFFFFFFFFFFFFFFFFFFFFFFFFFFFFFFFFFFFFFFFFFFFFFFFF27
:20D92000FFFFFFFFFFFFFFFFFFFFFFFFFFFFFFFFFFFFFFFFFFFFFFFFFFFFFFFFFFFFFFFF07
:20D94000FFFFFFFFFFFFFFFFFFFFFFFFFFFFFFFFFFFFFFFFFFFFFFFFFFFFFFFFFFFFFFFFE7
:20D96000FFFFFFFFFFFFFFFFFFFFFFFFFFFFFFFFFFFFFFFFFFFFFFFFFFFFFFFFFFFFFFFFC7
:20D98000FFFFFFFFFFFFFFFFFFFFFFFFFFFFFFFFFFFFFFFFFFFFFFFFFFFFFFFFFFFFFFFFA7
:20D9A000FFFFFFFFFFFFFFFFFFFFFFFFFFFFFFFFFFFFFFFFFFFFFFFFFFFFFFFFFFFFFFFF87
:20D9C000FFFFFFFFFFFFFFFFFFFFFFFFFFFFFFFFFFFFFFFFFFFFFFFFFFFFFFFFFFFFFFFF67
:20D9E000FFFFFFFFFFFFFFFFFFFFFFFFFFFFFFFFFFFFFFFFFFFFFFFFFFFFFFFFFFFFFFFF47
:20DA0000FFFFFFFFFFFFFFFFFFFFFFFFFFFFFFFFFFFFFFFFFFFFFFFFFFFFFFFFFFFFFFFF26
:20DA2000FFFFFFFFFFFFFFFFFFFFFFFFFFFFFFFFFFFFFFFFFFFFFFFFFFFFFFFFFFFFFFFF06
:20DA4000FFFFFFFFFFFFFFFFFFFFFFFFFFFFFFFFFFFFFFFFFFFFFFFFFFFFFFFFFFFFFFFFE6
:20DA6000FFFFFFFFFFFFFFFFFFFFFFFFFFFFFFFFFFFFFFFFFFFFFFFFFFFFFFFFFFFFFFFFC6
:20DA8000FFFFFFFFFFFFFFFFFFFFFFFFFFFFFFFFFFFFFFFFFFFFFFFFFFFFFFFFFFFFFFFFA6
:20DAA000FFFFFFFFFFFFFFFFFFFFFFFFFFFFFFFFFFFFFFFFFFFFFFFFFFFFFFFFFFFFFFFF86
:20DAC000FFFFFFFFFFFFFFFFFFFFFFFFFFFFFFFFFFFFFFFFFFFFFFFFFFFFFFFFFFFFFFFF66
:20DAE000FFFFFFFFFFFFFFFFFFFFFFFFFFFFFFFFFFFFFFFFFFFFFFFFFFFFFFFFFFFFFFFF46
:20DB0000FFFFFFFFFFFFFFFFFFFFFFFFFFFFFFFFFFFFFFFFFFFFFFFFFFFFFFFFFFFFFFFF25
:20DB2000FFFFFFFFFFFFFFFFFFFFFFFFFFFFFFFFFFFFFFFFFFFFFFFFFFFFFFFFFFFFFFFF05
:20DB4000FFFFFFFFFFFFFFFFFFFFFFFFFFFFFFFFFFFFFFFFFFFFFFFFFFFFFFFFFFFFFFFFE5
:20DB6000FFFFFFFFFFFFFFFFFFFFFFFFFFFFFFFFFFFFFFFFFFFFFFFFFFFFFFFFFFFFFFFFC5
:20DB8000FFFFFFFFFFFFFFFFFFFFFFFFFFFFFFFFFFFFFFFFFFFFFFFFFFFFFFFFFFFFFFFFA5
:20DBA000FFFFFFFFFFFFFFFFFFFFFFFFFFFFFFFFFFFFFFFFFFFFFFFFFFFFFFFFFFFFFFFF85
:20DBC000FFFFFFFFFFFFFFFFFFFFFFFFFFFFFFFFFFFFFFFFFFFFFFFFFFFFFFFFFFFFFFFF65
:20DBE000FFFFFFFFFFFFFFFFFFFFFFFFFFFFFFFFFFFFFFFFFFFFFFFFFFFFFFFFFFFFFFFF45
:20DC0000FFFFFFFFFFFFFFFFFFFFFFFFFFFFFFFFFFFFFFFFFFFFFFFFFFFFFFFFFFFFFFFF24
:20DC2000FFFFFFFFFFFFFFFFFFFFFFFFFFFFFFFFFFFFFFFFFFFFFFFFFFFFFFFFFFFFFFFF04
:20DC4000FFFFFFFFFFFFFFFFFFFFFFFFFFFFFFFFFFFFFFFFFFFFFFFFFFFFFFFFFFFFFFFFE4
:20DC6000FFFFFFFFFFFFFFFFFFFFFFFFFFFFFFFFFFFFFFFFFFFFFFFFFFFFFFFFFFFFFFFFC4
:20DC8000FFFFFFFFFFFFFFFFFFFFFFFFFFFFFFFFFFFFFFFFFFFFFFFFFFFFFFFFFFFFFFFFA4
:20DCA000FFFFFFFFFFFFFFFFFFFFFFFFFFFFFFFFFFFFFFFFFFFFFFFFFFFFFFFFFFFFFFFF84
:20DCC000FFFFFFFFFFFFFFFFFFFFFFFFFFFFFFFFFFFFFFFFFFFFFFFFFFFFFFFFFFFFFFFF64
:20DCE000FFFFFFFFFFFFFFFFFFFFFFFFFFFFFFFFFFFFFFFFFFFFFFFFFFFFFFFFFFFFFFFF44
:20DD0000FFFFFFFFFFFFFFFFFFFFFFFFFFFFFFFFFFFFFFFFFFFFFFFFFFFFFFFFFFFFFFFF23
:20DD2000FFFFFFFFFFFFFFFFFFFFFFFFFFFFFFFFFFFFFFFFFFFFFFFFFFFFFFFFFFFFFFFF03
:20DD4000FFFFFFFFFFFFFFFFFFFFFFFFFFFFFFFFFFFFFFFFFFFFFFFFFFFFFFFFFFFFFFFFE3
:20DD6000FFFFFFFFFFFFFFFFFFFFFFFFFFFFFFFFFFFFFFFFFFFFFFFFFFFFFFFFFFFFFFFFC3
:20DD8000FFFFFFFFFFFFFFFFFFFFFFFFFFFFFFFFFFFFFFFFFFFFFFFFFFFFFFFFFFFFFFFFA3
:20DDA000FFFFFFFFFFFFFFFFFFFFFFFFFFFFFFFFFFFFFFFFFFFFFFFFFFFFFFFFFFFFFFFF83
:20DDC000FFFFFFFFFFFFFFFFFFFFFFFFFFFFFFFFFFFFFFFFFFFFFFFFFFFFFFFFFFFFFFFF63
:20DDE000FFFFFFFFFFFFFFFFFFFFFFFFFFFFFFFFFFFFFFFFFFFFFFFFFFFFFFFFFFFFFFFF43
:20DE0000FFFFFFFFFFFFFFFFFFFFFFFFFFFFFFFFFFFFFFFFFFFFFFFFFFFFFFFFFFFFFFFF22
:20DE2000FFFFFFFFFFFFFFFFFFFFFFFFFFFFFFFFFFFFFFFFFFFFFFFFFFFFFFFFFFFFFFFF02
:20DE4000FFFFFFFFFFFFFFFFFFFFFFFFFFFFFFFFFFFFFFFFFFFFFFFFFFFFFFFFFFFFFFFFE2
:20DE6000FFFFFFFFFFFFFFFFFFFFFFFFFFFFFFFFFFFFFFFFFFFFFFFFFFFFFFFFFFFFFFFFC2
:20DE8000FFFFFFFFFFFFFFFFFFFFFFFFFFFFFFFFFFFFFFFFFFFFFFFFFFFFFFFFFFFFFFFFA2
:20DEA000FFFFFFFFFFFFFFFFFFFFFFFFFFFFFFFFFFFFFFFFFFFFFFFFFFFFFFFFFFFFFFFF82
:20DEC000FFFFFFFFFFFFFFFFFFFFFFFFFFFFFFFFFFFFFFFFFFFFFFFFFFFFFFFFFFFFFFFF62
:20DEE000FFFFFFFFFFFFFFFFFFFFFFFFFFFFFFFFFFFFFFFFFFFFFFFFFFFFFFFFFFFFFFFF42
:20DF0000FFFFFFFFFFFFFFFFFFFFFFFFFFFFFFFFFFFFFFFFFFFFFFFFFFFFFFFFFFFFFFFF21
:20DF2000FFFFFFFFFFFFFFFFFFFFFFFFFFFFFFFFFFFFFFFFFFFFFFFFFFFFFFFFFFFFFFFF01
:20DF4000FFFFFFFFFFFFFFFFFFFFFFFFFFFFFFFFFFFFFFFFFFFFFFFFFFFFFFFFFFFFFFFFE1
:20DF6000FFFFFFFFFFFFFFFFFFFFFFFFFFFFFFFFFFFFFFFFFFFFFFFFFFFFFFFFFFFFFFFFC1
:20DF8000FFFFFFFFFFFFFFFFFFFFFFFFFFFFFFFFFFFFFFFFFFFFFFFFFFFFFFFFFFFFFFFFA1
:20DFA000FFFFFFFFFFFFFFFFFFFFFFFFFFFFFFFFFFFFFFFFFFFFFFFFFFFFFFFFFFFFFFFF81
:20DFC000FFFFFFFFFFFFFFFFFFFFFFFFFFFFFFFFFFFFFFFFFFFFFFFFFFFFFFFFFFFFFFFF61
:20DFE000FFFFFFFFFFFFFFFFFFFFFFFFFFFFFFFFFFFFFFFFFFFFFFFFFFFFFFFFFFFFFFFF41
:20E00000FFFFFFFFFFFFFFFFFFFFFFFFFFFFFFFFFFFFFFFFFFFFFFFFFFFFFFFFFFFFFFFF20
:20E02000FFFFFFFFFFFFFFFFFFFFFFFFFFFFFFFFFFFFFFFFFFFFFFFFFFFFFFFFFFFFFFFF00
:20E04000FFFFFFFFFFFFFFFFFFFFFFFFFFFFFFFFFFFFFFFFFFFFFFFFFFFFFFFFFFFFFFFFE0
:20E06000FFFFFFFFFFFFFFFFFFFFFFFFFFFFFFFFFFFFFFFFFFFFFFFFFFFFFFFFFFFFFFFFC0
:20E08000FFFFFFFFFFFFFFFFFFFFFFFFFFFFFFFFFFFFFFFFFFFFFFFFFFFFFFFFFFFFFFFFA0
:20E0A000FFFFFFFFFFFFFFFFFFFFFFFFFFFFFFFFFFFFFFFFFFFFFFFFFFFFFFFFFFFFFFFF80
:20E0C000FFFFFFFFFFFFFFFFFFFFFFFFFFFFFFFFFFFFFFFFFFFFFFFFFFFFFFFFFFFFFFFF60
:20E0E000FFFFFFFFFFFFFFFFFFFFFFFFFFFFFFFFFFFFFFFFFFFFFFFFFFFFFFFFFFFFFFFF40
:20E10000FFFFFFFFFFFFFFFFFFFFFFFFFFFFFFFFFFFFFFFFFFFFFFFFFFFFFFFFFFFFFFFF1F
:20E12000FFFFFFFFFFFFFFFFFFFFFFFFFFFFFFFFFFFFFFFFFFFFFFFFFFFFFFFFFFFFFFFFFF
:20E14000FFFFFFFFFFFFFFFFFFFFFFFFFFFFFFFFFFFFFFFFFFFFFFFFFFFFFFFFFFFFFFFFDF
:20E16000FFFFFFFFFFFFFFFFFFFFFFFFFFFFFFFFFFFFFFFFFFFFFFFFFFFFFFFFFFFFFFFFBF
:20E18000FFFFFFFFFFFFFFFFFFFFFFFFFFFFFFFFFFFFFFFFFFFFFFFFFFFFFFFFFFFFFFFF9F
:20E1A000FFFFFFFFFFFFFFFFFFFFFFFFFFFFFFFFFFFFFFFFFFFFFFFFFFFFFFFFFFFFFFFF7F
:20E1C000FFFFFFFFFFFFFFFFFFFFFFFFFFFFFFFFFFFFFFFFFFFFFFFFFFFFFFFFFFFFFFFF5F
:20E1E000FFFFFFFFFFFFFFFFFFFFFFFFFFFFFFFFFFFFFFFFFFFFFFFFFFFFFFFFFFFFFFFF3F
:20E20000FFFFFFFFFFFFFFFFFFFFFFFFFFFFFFFFFFFFFFFFFFFFFFFFFFFFFFFFFFFFFFFF1E
:20E22000FFFFFFFFFFFFFFFFFFFFFFFFFFFFFFFFFFFFFFFFFFFFFFFFFFFFFFFFFFFFFFFFFE
:20E24000FFFFFFFFFFFFFFFFFFFFFFFFFFFFFFFFFFFFFFFFFFFFFFFFFFFFFFFFFFFFFFFFDE
:20E26000FFFFFFFFFFFFFFFFFFFFFFFFFFFFFFFFFFFFFFFFFFFFFFFFFFFFFFFFFFFFFFFFBE
:20E28000FFFFFFFFFFFFFFFFFFFFFFFFFFFFFFFFFFFFFFFFFFFFFFFFFFFFFFFFFFFFFFFF9E
:20E2A000FFFFFFFFFFFFFFFFFFFFFFFFFFFFFFFFFFFFFFFFFFFFFFFFFFFFFFFFFFFFFFFF7E
:20E2C000FFFFFFFFFFFFFFFFFFFFFFFFFFFFFFFFFFFFFFFFFFFFFFFFFFFFFFFFFFFFFFFF5E
:20E2E000FFFFFFFFFFFFFFFFFFFFFFFFFFFFFFFFFFFFFFFFFFFFFFFFFFFFFFFFFFFFFFFF3E
:20E30000FFFFFFFFFFFFFFFFFFFFFFFFFFFFFFFFFFFFFFFFFFFFFFFFFFFFFFFFFFFFFFFF1D
:20E32000FFFFFFFFFFFFFFFFFFFFFFFFFFFFFFFFFFFFFFFFFFFFFFFFFFFFFFFFFFFFFFFFFD
:20E34000FFFFFFFFFFFFFFFFFFFFFFFFFFFFFFFFFFFFFFFFFFFFFFFFFFFFFFFFFFFFFFFFDD
:20E36000FFFFFFFFFFFFFFFFFFFFFFFFFFFFFFFFFFFFFFFFFFFFFFFFFFFFFFFFFFFFFFFFBD
:20E38000FFFFFFFFFFFFFFFFFFFFFFFFFFFFFFFFFFFFFFFFFFFFFFFFFFFFFFFFFFFFFFFF9D
:20E3A000FFFFFFFFFFFFFFFFFFFFFFFFFFFFFFFFFFFFFFFFFFFFFFFFFFFFFFFFFFFFFFFF7D
:20E3C000FFFFFFFFFFFFFFFFFFFFFFFFFFFFFFFFFFFFFFFFFFFFFFFFFFFFFFFFFFFFFFFF5D
:20E3E000FFFFFFFFFFFFFFFFFFFFFFFFFFFFFFFFFFFFFFFFFFFFFFFFFFFFFFFFFFFFFFFF3D
:20E40000FFFFFFFFFFFFFFFFFFFFFFFFFFFFFFFFFFFFFFFFFFFFFFFFFFFFFFFFFFFFFFFF1C
:20E42000FFFFFFFFFFFFFFFFFFFFFFFFFFFFFFFFFFFFFFFFFFFFFFFFFFFFFFFFFFFFFFFFFC
:20E44000FFFFFFFFFFFFFFFFFFFFFFFFFFFFFFFFFFFFFFFFFFFFFFFFFFFFFFFFFFFFFFFFDC
:20E46000FFFFFFFFFFFFFFFFFFFFFFFFFFFFFFFFFFFFFFFFFFFFFFFFFFFFFFFFFFFFFFFFBC
:20E48000FFFFFFFFFFFFFFFFFFFFFFFFFFFFFFFFFFFFFFFFFFFFFFFFFFFFFFFFFFFFFFFF9C
:20E4A000FFFFFFFFFFFFFFFFFFFFFFFFFFFFFFFFFFFFFFFFFFFFFFFFFFFFFFFFFFFFFFFF7C
:20E4C000FFFFFFFFFFFFFFFFFFFFFFFFFFFFFFFFFFFFFFFFFFFFFFFFFFFFFFFFFFFFFFFF5C
:20E4E000FFFFFFFFFFFFFFFFFFFFFFFFFFFFFFFFFFFFFFFFFFFFFFFFFFFFFFFFFFFFFFFF3C
:20E50000FFFFFFFFFFFFFFFFFFFFFFFFFFFFFFFFFFFFFFFFFFFFFFFFFFFFFFFFFFFFFFFF1B
:20E52000FFFFFFFFFFFFFFFFFFFFFFFFFFFFFFFFFFFFFFFFFFFFFFFFFFFFFFFFFFFFFFFFFB
:20E54000FFFFFFFFFFFFFFFFFFFFFFFFFFFFFFFFFFFFFFFFFFFFFFFFFFFFFFFFFFFFFFFFDB
:20E56000FFFFFFFFFFFFFFFFFFFFFFFFFFFFFFFFFFFFFFFFFFFFFFFFFFFFFFFFFFFFFFFFBB
:20E58000FFFFFFFFFFFFFFFFFFFFFFFFFFFFFFFFFFFFFFFFFFFFFFFFFFFFFFFFFFFFFFFF9B
:20E5A000FFFFFFFFFFFFFFFFFFFFFFFFFFFFFFFFFFFFFFFFFFFFFFFFFFFFFFFFFFFFFFFF7B
:20E5C000FFFFFFFFFFFFFFFFFFFFFFFFFFFFFFFFFFFFFFFFFFFFFFFFFFFFFFFFFFFFFFFF5B
:20E5E000FFFFFFFFFFFFFFFFFFFFFFFFFFFFFFFFFFFFFFFFFFFFFFFFFFFFFFFFFFFFFFFF3B
:20E60000FFFFFFFFFFFFFFFFFFFFFFFFFFFFFFFFFFFFFFFFFFFFFFFFFFFFFFFFFFFFFFFF1A
:20E62000FFFFFFFFFFFFFFFFFFFFFFFFFFFFFFFFFFFFFFFFFFFFFFFFFFFFFFFFFFFFFFFFFA
:20E64000FFFFFFFFFFFFFFFFFFFFFFFFFFFFFFFFFFFFFFFFFFFFFFFFFFFFFFFFFFFFFFFFDA
:20E66000FFFFFFFFFFFFFFFFFFFFFFFFFFFFFFFFFFFFFFFFFFFFFFFFFFFFFFFFFFFFFFFFBA
:20E68000FFFFFFFFFFFFFFFFFFFFFFFFFFFFFFFFFFFFFFFFFFFFFFFFFFFFFFFFFFFFFFFF9A
:20E6A000FFFFFFFFFFFFFFFFFFFFFFFFFFFFFFFFFFFFFFFFFFFFFFFFFFFFFFFFFFFFFFFF7A
:20E6C000FFFFFFFFFFFFFFFFFFFFFFFFFFFFFFFFFFFFFFFFFFFFFFFFFFFFFFFFFFFFFFFF5A
:20E6E000FFFFFFFFFFFFFFFFFFFFFFFFFFFFFFFFFFFFFFFFFFFFFFFFFFFFFFFFFFFFFFFF3A
:20E70000FFFFFFFFFFFFFFFFFFFFFFFFFFFFFFFFFFFFFFFFFFFFFFFFFFFFFFFFFFFFFFFF19
:20E72000FFFFFFFFFFFFFFFFFFFFFFFFFFFFFFFFFFFFFFFFFFFFFFFFFFFFFFFFFFFFFFFFF9
:20E74000FFFFFFFFFFFFFFFFFFFFFFFFFFFFFFFFFFFFFFFFFFFFFFFFFFFFFFFFFFFFFFFFD9
:20E76000FFFFFFFFFFFFFFFFFFFFFFFFFFFFFFFFFFFFFFFFFFFFFFFFFFFFFFFFFFFFFFFFB9
:20E78000FFFFFFFFFFFFFFFFFFFFFFFFFFFFFFFFFFFFFFFFFFFFFFFFFFFFFFFFFFFFFFFF99
:20E7A000FFFFFFFFFFFFFFFFFFFFFFFFFFFFFFFFFFFFFFFFFFFFFFFFFFFFFFFFFFFFFFFF79
:20E7C000FFFFFFFFFFFFFFFFFFFFFFFFFFFFFFFFFFFFFFFFFFFFFFFFFFFFFFFFFFFFFFFF59
:20E7E000FFFFFFFFFFFFFFFFFFFFFFFFFFFFFFFFFFFFFFFFFFFFFFFFFFFFFFFFFFFFFFFF39
:20E80000FFFFFFFFFFFFFFFFFFFFFFFFFFFFFFFFFFFFFFFFFFFFFFFFFFFFFFFFFFFFFFFF18
:20E82000FFFFFFFFFFFFFFFFFFFFFFFFFFFFFFFFFFFFFFFFFFFFFFFFFFFFFFFFFFFFFFFFF8
:20E84000FFFFFFFFFFFFFFFFFFFFFFFFFFFFFFFFFFFFFFFFFFFFFFFFFFFFFFFFFFFFFFFFD8
:20E86000FFFFFFFFFFFFFFFFFFFFFFFFFFFFFFFFFFFFFFFFFFFFFFFFFFFFFFFFFFFFFFFFB8
:20E88000FFFFFFFFFFFFFFFFFFFFFFFFFFFFFFFFFFFFFFFFFFFFFFFFFFFFFFFFFFFFFFFF98
:20E8A000FFFFFFFFFFFFFFFFFFFFFFFFFFFFFFFFFFFFFFFFFFFFFFFFFFFFFFFFFFFFFFFF78
:20E8C000FFFFFFFFFFFFFFFFFFFFFFFFFFFFFFFFFFFFFFFFFFFFFFFFFFFFFFFFFFFFFFFF58
:20E8E000FFFFFFFFFFFFFFFFFFFFFFFFFFFFFFFFFFFFFFFFFFFFFFFFFFFFFFFFFFFFFFFF38
:20E90000FFFFFFFFFFFFFFFFFFFFFFFFFFFFFFFFFFFFFFFFFFFFFFFFFFFFFFFFFFFFFFFF17
:20E92000FFFFFFFFFFFFFFFFFFFFFFFFFFFFFFFFFFFFFFFFFFFFFFFFFFFFFFFFFFFFFFFFF7
:20E94000FFFFFFFFFFFFFFFFFFFFFFFFFFFFFFFFFFFFFFFFFFFFFFFFFFFFFFFFFFFFFFFFD7
:20E96000FFFFFFFFFFFFFFFFFFFFFFFFFFFFFFFFFFFFFFFFFFFFFFFFFFFFFFFFFFFFFFFFB7
:20E98000FFFFFFFFFFFFFFFFFFFFFFFFFFFFFFFFFFFFFFFFFFFFFFFFFFFFFFFFFFFFFFFF97
:20E9A000FFFFFFFFFFFFFFFFFFFFFFFFFFFFFFFFFFFFFFFFFFFFFFFFFFFFFFFFFFFFFFFF77
:20E9C000FFFFFFFFFFFFFFFFFFFFFFFFFFFFFFFFFFFFFFFFFFFFFFFFFFFFFFFFFFFFFFFF57
:20E9E000FFFFFFFFFFFFFFFFFFFFFFFFFFFFFFFFFFFFFFFFFFFFFFFFFFFFFFFFFFFFFFFF37
:20EA0000FFFFFFFFFFFFFFFFFFFFFFFFFFFFFFFFFFFFFFFFFFFFFFFFFFFFFFFFFFFFFFFF16
:20EA2000FFFFFFFFFFFFFFFFFFFFFFFFFFFFFFFFFFFFFFFFFFFFFFFFFFFFFFFFFFFFFFFFF6
:20EA4000FFFFFFFFFFFFFFFFFFFFFFFFFFFFFFFFFFFFFFFFFFFFFFFFFFFFFFFFFFFFFFFFD6
:20EA6000FFFFFFFFFFFFFFFFFFFFFFFFFFFFFFFFFFFFFFFFFFFFFFFFFFFFFFFFFFFFFFFFB6
:20EA8000FFFFFFFFFFFFFFFFFFFFFFFFFFFFFFFFFFFFFFFFFFFFFFFFFFFFFFFFFFFFFFFF96
:20EAA000FFFFFFFFFFFFFFFFFFFFFFFFFFFFFFFFFFFFFFFFFFFFFFFFFFFFFFFFFFFFFFFF76
:20EAC000FFFFFFFFFFFFFFFFFFFFFFFFFFFFFFFFFFFFFFFFFFFFFFFFFFFFFFFFFFFFFFFF56
:20EAE000FFFFFFFFFFFFFFFFFFFFFFFFFFFFFFFFFFFFFFFFFFFFFFFFFFFFFFFFFFFFFFFF36
:20EB0000FFFFFFFFFFFFFFFFFFFFFFFFFFFFFFFFFFFFFFFFFFFFFFFFFFFFFFFFFFFFFFFF15
:20EB2000FFFFFFFFFFFFFFFFFFFFFFFFFFFFFFFFFFFFFFFFFFFFFFFFFFFFFFFFFFFFFFFFF5
:20EB4000FFFFFFFFFFFFFFFFFFFFFFFFFFFFFFFFFFFFFFFFFFFFFFFFFFFFFFFFFFFFFFFFD5
:20EB6000FFFFFFFFFFFFFFFFFFFFFFFFFFFFFFFFFFFFFFFFFFFFFFFFFFFFFFFFFFFFFFFFB5
:20EB8000FFFFFFFFFFFFFFFFFFFFFFFFFFFFFFFFFFFFFFFFFFFFFFFFFFFFFFFFFFFFFFFF95
:20EBA000FFFFFFFFFFFFFFFFFFFFFFFFFFFFFFFFFFFFFFFFFFFFFFFFFFFFFFFFFFFFFFFF75
:20EBC000FFFFFFFFFFFFFFFFFFFFFFFFFFFFFFFFFFFFFFFFFFFFFFFFFFFFFFFFFFFFFFFF55
:20EBE000FFFFFFFFFFFFFFFFFFFFFFFFFFFFFFFFFFFFFFFFFFFFFFFFFFFFFFFFFFFFFFFF35
:20EC0000FFFFFFFFFFFFFFFFFFFFFFFFFFFFFFFFFFFFFFFFFFFFFFFFFFFFFFFFFFFFFFFF14
:20EC2000FFFFFFFFFFFFFFFFFFFFFFFFFFFFFFFFFFFFFFFFFFFFFFFFFFFFFFFFFFFFFFFFF4
:20EC4000FFFFFFFFFFFFFFFFFFFFFFFFFFFFFFFFFFFFFFFFFFFFFFFFFFFFFFFFFFFFFFFFD4
:20EC6000FFFFFFFFFFFFFFFFFFFFFFFFFFFFFFFFFFFFFFFFFFFFFFFFFFFFFFFFFFFFFFFFB4
:20EC8000FFFFFFFFFFFFFFFFFFFFFFFFFFFFFFFFFFFFFFFFFFFFFFFFFFFFFFFFFFFFFFFF94
:20ECA000FFFFFFFFFFFFFFFFFFFFFFFFFFFFFFFFFFFFFFFFFFFFFFFFFFFFFFFFFFFFFFFF74
:20ECC000FFFFFFFFFFFFFFFFFFFFFFFFFFFFFFFFFFFFFFFFFFFFFFFFFFFFFFFFFFFFFFFF54
:20ECE000FFFFFFFFFFFFFFFFFFFFFFFFFFFFFFFFFFFFFFFFFFFFFFFFFFFFFFFFFFFFFFFF34
:20ED0000FFFFFFFFFFFFFFFFFFFFFFFFFFFFFFFFFFFFFFFFFFFFFFFFFFFFFFFFFFFFFFFF13
:20ED2000FFFFFFFFFFFFFFFFFFFFFFFFFFFFFFFFFFFFFFFFFFFFFFFFFFFFFFFFFFFFFFFFF3
:20ED4000FFFFFFFFFFFFFFFFFFFFFFFFFFFFFFFFFFFFFFFFFFFFFFFFFFFFFFFFFFFFFFFFD3
:20ED6000FFFFFFFFFFFFFFFFFFFFFFFFFFFFFFFFFFFFFFFFFFFFFFFFFFFFFFFFFFFFFFFFB3
:20ED8000FFFFFFFFFFFFFFFFFFFFFFFFFFFFFFFFFFFFFFFFFFFFFFFFFFFFFFFFFFFFFFFF93
:20EDA000FFFFFFFFFFFFFFFFFFFFFFFFFFFFFFFFFFFFFFFFFFFFFFFFFFFFFFFFFFFFFFFF73
:20EDC000FFFFFFFFFFFFFFFFFFFFFFFFFFFFFFFFFFFFFFFFFFFFFFFFFFFFFFFFFFFFFFFF53
:20EDE000FFFFFFFFFFFFFFFFFFFFFFFFFFFFFFFFFFFFFFFFFFFFFFFFFFFFFFFFFFFFFFFF33
:20EE0000FFFFFFFFFFFFFFFFFFFFFFFFFFFFFFFFFFFFFFFFFFFFFFFFFFFFFFFFFFFFFFFF12
:20EE2000FFFFFFFFFFFFFFFFFFFFFFFFFFFFFFFFFFFFFFFFFFFFFFFFFFFFFFFFFFFFFFFFF2
:20EE4000FFFFFFFFFFFFFFFFFFFFFFFFFFFFFFFFFFFFFFFFFFFFFFFFFFFFFFFFFFFFFFFFD2
:20EE6000FFFFFFFFFFFFFFFFFFFFFFFFFFFFFFFFFFFFFFFFFFFFFFFFFFFFFFFFFFFFFFFFB2
:20EE8000FFFFFFFFFFFFFFFFFFFFFFFFFFFFFFFFFFFFFFFFFFFFFFFFFFFFFFFFFFFFFFFF92
:20EEA000FFFFFFFFFFFFFFFFFFFFFFFFFFFFFFFFFFFFFFFFFFFFFFFFFFFFFFFFFFFFFFFF72
:20EEC000FFFFFFFFFFFFFFFFFFFFFFFFFFFFFFFFFFFFFFFFFFFFFFFFFFFFFFFFFFFFFFFF52
:20EEE000FFFFFFFFFFFFFFFFFFFFFFFFFFFFFFFFFFFFFFFFFFFFFFFFFFFFFFFFFFFFFFFF32
:20EF0000FFFFFFFFFFFFFFFFFFFFFFFFFFFFFFFFFFFFFFFFFFFFFFFFFFFFFFFFFFFFFFFF11
:20EF2000FFFFFFFFFFFFFFFFFFFFFFFFFFFFFFFFFFFFFFFFFFFFFFFFFFFFFFFFFFFFFFFFF1
:20EF4000FFFFFFFFFFFFFFFFFFFFFFFFFFFFFFFFFFFFFFFFFFFFFFFFFFFFFFFFFFFFFFFFD1
:20EF6000FFFFFFFFFFFFFFFFFFFFFFFFFFFFFFFFFFFFFFFFFFFFFFFFFFFFFFFFFFFFFFFFB1
:20EF8000FFFFFFFFFFFFFFFFFFFFFFFFFFFFFFFFFFFFFFFFFFFFFFFFFFFFFFFFFFFFFFFF91
:20EFA000FFFFFFFFFFFFFFFFFFFFFFFFFFFFFFFFFFFFFFFFFFFFFFFFFFFFFFFFFFFFFFFF71
:20EFC000FFFFFFFFFFFFFFFFFFFFFFFFFFFFFFFFFFFFFFFFFFFFFFFFFFFFFFFFFFFFFFFF51
:20EFE000FFFFFFFFFFFFFFFFFFFFFFFFFFFFFFFFFFFFFFFFFFFFFFFFFFFFFFFFFFFFFFFF31
:20F00000FFFFFFFFFFFFFFFFFFFFFFFFFFFFFFFFFFFFFFFFFFFFFFFFFFFFFFFFFFFFFFFF10
:20F02000FFFFFFFFFFFFFFFFFFFFFFFFFFFFFFFFFFFFFFFFFFFFFFFFFFFFFFFFFFFFFFFFF0
:20F04000FFFFFFFFFFFFFFFFFFFFFFFFFFFFFFFFFFFFFFFFFFFFFFFFFFFFFFFFFFFFFFFFD0
:20F06000FFFFFFFFFFFFFFFFFFFFFFFFFFFFFFFFFFFFFFFFFFFFFFFFFFFFFFFFFFFFFFFFB0
:20F08000FFFFFFFFFFFFFFFFFFFFFFFFFFFFFFFFFFFFFFFFFFFFFFFFFFFFFFFFFFFFFFFF90
:20F0A000FFFFFFFFFFFFFFFFFFFFFFFFFFFFFFFFFFFFFFFFFFFFFFFFFFFFFFFFFFFFFFFF70
:20F0C000FFFFFFFFFFFFFFFFFFFFFFFFFFFFFFFFFFFFFFFFFFFFFFFFFFFFFFFFFFFFFFFF50
:20F0E000FFFFFFFFFFFFFFFFFFFFFFFFFFFFFFFFFFFFFFFFFFFFFFFFFFFFFFFFFFFFFFFF30
:20F10000FFFFFFFFFFFFFFFFFFFFFFFFFFFFFFFFFFFFFFFFFFFFFFFFFFFFFFFFFFFFFFFF0F
:20F12000FFFFFFFFFFFFFFFFFFFFFFFFFFFFFFFFFFFFFFFFFFFFFFFFFFFFFFFFFFFFFFFFEF
:20F14000FFFFFFFFFFFFFFFFFFFFFFFFFFFFFFFFFFFFFFFFFFFFFFFFFFFFFFFFFFFFFFFFCF
:20F16000FFFFFFFFFFFFFFFFFFFFFFFFFFFFFFFFFFFFFFFFFFFFFFFFFFFFFFFFFFFFFFFFAF
:20F18000FFFFFFFFFFFFFFFFFFFFFFFFFFFFFFFFFFFFFFFFFFFFFFFFFFFFFFFFFFFFFFFF8F
:20F1A000FFFFFFFFFFFFFFFFFFFFFFFFFFFFFFFFFFFFFFFFFFFFFFFFFFFFFFFFFFFFFFFF6F
:20F1C000FFFFFFFFFFFFFFFFFFFFFFFFFFFFFFFFFFFFFFFFFFFFFFFFFFFFFFFFFFFFFFFF4F
:20F1E000FFFFFFFFFFFFFFFFFFFFFFFFFFFFFFFFFFFFFFFFFFFFFFFFFFFFFFFFFFFFFFFF2F
:20F20000FFFFFFFFFFFFFFFFFFFFFFFFFFFFFFFFFFFFFFFFFFFFFFFFFFFFFFFFFFFFFFFF0E
:20F22000FFFFFFFFFFFFFFFFFFFFFFFFFFFFFFFFFFFFFFFFFFFFFFFFFFFFFFFFFFFFFFFFEE
:20F24000FFFFFFFFFFFFFFFFFFFFFFFFFFFFFFFFFFFFFFFFFFFFFFFFFFFFFFFFFFFFFFFFCE
:20F26000FFFFFFFFFFFFFFFFFFFFFFFFFFFFFFFFFFFFFFFFFFFFFFFFFFFFFFFFFFFFFFFFAE
:20F28000FFFFFFFFFFFFFFFFFFFFFFFFFFFFFFFFFFFFFFFFFFFFFFFFFFFFFFFFFFFFFFFF8E
:20F2A000FFFFFFFFFFFFFFFFFFFFFFFFFFFFFFFFFFFFFFFFFFFFFFFFFFFFFFFFFFFFFFFF6E
:20F2C000FFFFFFFFFFFFFFFFFFFFFFFFFFFFFFFFFFFFFFFFFFFFFFFFFFFFFFFFFFFFFFFF4E
:20F2E000FFFFFFFFFFFFFFFFFFFFFFFFFFFFFFFFFFFFFFFFFFFFFFFFFFFFFFFFFFFFFFFF2E
:20F30000FFFFFFFFFFFFFFFFFFFFFFFFFFFFFFFFFFFFFFFFFFFFFFFFFFFFFFFFFFFFFFFF0D
:20F32000FFFFFFFFFFFFFFFFFFFFFFFFFFFFFFFFFFFFFFFFFFFFFFFFFFFFFFFFFFFFFFFFED
:20F34000FFFFFFFFFFFFFFFFFFFFFFFFFFFFFFFFFFFFFFFFFFFFFFFFFFFFFFFFFFFFFFFFCD
:20F36000FFFFFFFFFFFFFFFFFFFFFFFFFFFFFFFFFFFFFFFFFFFFFFFFFFFFFFFFFFFFFFFFAD
:20F38000FFFFFFFFFFFFFFFFFFFFFFFFFFFFFFFFFFFFFFFFFFFFFFFFFFFFFFFFFFFFFFFF8D
:20F3A000FFFFFFFFFFFFFFFFFFFFFFFFFFFFFFFFFFFFFFFFFFFFFFFFFFFFFFFFFFFFFFFF6D
:20F3C000FFFFFFFFFFFFFFFFFFFFFFFFFFFFFFFFFFFFFFFFFFFFFFFFFFFFFFFFFFFFFFFF4D
:20F3E000FFFFFFFFFFFFFFFFFFFFFFFFFFFFFFFFFFFFFFFFFFFFFFFFFFFFFFFFFFFFFFFF2D
:20F40000FFFFFFFFFFFFFFFFFFFFFFFFFFFFFFFFFFFFFFFFFFFFFFFFFFFFFFFFFFFFFFFF0C
:20F42000FFFFFFFFFFFFFFFFFFFFFFFFFFFFFFFFFFFFFFFFFFFFFFFFFFFFFFFFFFFFFFFFEC
:20F44000FFFFFFFFFFFFFFFFFFFFFFFFFFFFFFFFFFFFFFFFFFFFFFFFFFFFFFFFFFFFFFFFCC
:20F46000FFFFFFFFFFFFFFFFFFFFFFFFFFFFFFFFFFFFFFFFFFFFFFFFFFFFFFFFFFFFFFFFAC
:20F48000FFFFFFFFFFFFFFFFFFFFFFFFFFFFFFFFFFFFFFFFFFFFFFFFFFFFFFFFFFFFFFFF8C
:20F4A000FFFFFFFFFFFFFFFFFFFFFFFFFFFFFFFFFFFFFFFFFFFFFFFFFFFFFFFFFFFFFFFF6C
:20F4C000FFFFFFFFFFFFFFFFFFFFFFFFFFFFFFFFFFFFFFFFFFFFFFFFFFFFFFFFFFFFFFFF4C
:20F4E000FFFFFFFFFFFFFFFFFFFFFFFFFFFFFFFFFFFFFFFFFFFFFFFFFFFFFFFFFFFFFFFF2C
:20F50000FFFFFFFFFFFFFFFFFFFFFFFFFFFFFFFFFFFFFFFFFFFFFFFFFFFFFFFFFFFFFFFF0B
:20F52000FFFFFFFFFFFFFFFFFFFFFFFFFFFFFFFFFFFFFFFFFFFFFFFFFFFFFFFFFFFFFFFFEB
:20F54000FFFFFFFFFFFFFFFFFFFFFFFFFFFFFFFFFFFFFFFFFFFFFFFFFFFFFFFFFFFFFFFFCB
:20F56000FFFFFFFFFFFFFFFFFFFFFFFFFFFFFFFFFFFFFFFFFFFFFFFFFFFFFFFFFFFFFFFFAB
:20F58000FFFFFFFFFFFFFFFFFFFFFFFFFFFFFFFFFFFFFFFFFFFFFFFFFFFFFFFFFFFFFFFF8B
:20F5A000FFFFFFFFFFFFFFFFFFFFFFFFFFFFFFFFFFFFFFFFFFFFFFFFFFFFFFFFFFFFFFFF6B
:20F5C000FFFFFFFFFFFFFFFFFFFFFFFFFFFFFFFFFFFFFFFFFFFFFFFFFFFFFFFFFFFFFFFF4B
:20F5E000FFFFFFFFFFFFFFFFFFFFFFFFFFFFFFFFFFFFFFFFFFFFFFFFFFFFFFFFFFFFFFFF2B
:20F60000FFFFFFFFFFFFFFFFFFFFFFFFFFFFFFFFFFFFFFFFFFFFFFFFFFFFFFFFFFFFFFFF0A
:20F62000FFFFFFFFFFFFFFFFFFFFFFFFFFFFFFFFFFFFFFFFFFFFFFFFFFFFFFFFFFFFFFFFEA
:20F64000FFFFFFFFFFFFFFFFFFFFFFFFFFFFFFFFFFFFFFFFFFFFFFFFFFFFFFFFFFFFFFFFCA
:20F66000FFFFFFFFFFFFFFFFFFFFFFFFFFFFFFFFFFFFFFFFFFFFFFFFFFFFFFFFFFFFFFFFAA
:20F68000FFFFFFFFFFFFFFFFFFFFFFFFFFFFFFFFFFFFFFFFFFFFFFFFFFFFFFFFFFFFFFFF8A
:20F6A000FFFFFFFFFFFFFFFFFFFFFFFFFFFFFFFFFFFFFFFFFFFFFFFFFFFFFFFFFFFFFFFF6A
:20F6C000FFFFFFFFFFFFFFFFFFFFFFFFFFFFFFFFFFFFFFFFFFFFFFFFFFFFFFFFFFFFFFFF4A
:20F6E000FFFFFFFFFFFFFFFFFFFFFFFFFFFFFFFFFFFFFFFFFFFFFFFFFFFFFFFFFFFFFFFF2A
:20F70000FFFFFFFFFFFFFFFFFFFFFFFFFFFFFFFFFFFFFFFFFFFFFFFFFFFFFFFFFFFFFFFF09
:20F72000FFFFFFFFFFFFFFFFFFFFFFFFFFFFFFFFFFFFFFFFFFFFFFFFFFFFFFFFFFFFFFFFE9
:20F74000FFFFFFFFFFFFFFFFFFFFFFFFFFFFFFFFFFFFFFFFFFFFFFFFFFFFFFFFFFFFFFFFC9
:20F76000FFFFFFFFFFFFFFFFFFFFFFFFFFFFFFFFFFFFFFFFFFFFFFFFFFFFFFFFFFFFFFFFA9
:20F78000FFFFFFFFFFFFFFFFFFFFFFFFFFFFFFFFFFFFFFFFFFFFFFFFFFFFFFFFFFFFFFFF89
:20F7A000FFFFFFFFFFFFFFFFFFFFFFFFFFFFFFFFFFFFFFFFFFFFFFFFFFFFFFFFFFFFFFFF69
:20F7C000FFFFFFFFFFFFFFFFFFFFFFFFFFFFFFFFFFFFFFFFFFFFFFFFFFFFFFFFFFFFFFFF49
:20F7E000FFFFFFFFFFFFFFFFFFFFFFFFFFFFFFFFFFFFFFFFFFFFFFFFFFFFFFFFFFFFFFFF29
:20F80000FFFFFFFFFFFFFFFFFFFFFFFFFFFFFFFFFFFFFFFFFFFFFFFFFFFFFFFFFFFFFFFF08
:20F82000FFFFFFFFFFFFFFFFFFFFFFFFFFFFFFFFFFFFFFFFFFFFFFFFFFFFFFFFFFFFFFFFE8
:20F84000FFFFFFFFFFFFFFFFFFFFFFFFFFFFFFFFFFFFFFFFFFFFFFFFFFFFFFFFFFFFFFFFC8
:20F86000FFFFFFFFFFFFFFFFFFFFFFFFFFFFFFFFFFFFFFFFFFFFFFFFFFFFFFFFFFFFFFFFA8
:20F88000FFFFFFFFFFFFFFFFFFFFFFFFFFFFFFFFFFFFFFFFFFFFFFFFFFFFFFFFFFFFFFFF88
:20F8A000FFFFFFFFFFFFFFFFFFFFFFFFFFFFFFFFFFFFFFFFFFFFFFFFFFFFFFFFFFFFFFFF68
:20F8C000FFFFFFFFFFFFFFFFFFFFFFFFFFFFFFFFFFFFFFFFFFFFFFFFFFFFFFFFFFFFFFFF48
:20F8E000FFFFFFFFFFFFFFFFFFFFFFFFFFFFFFFFFFFFFFFFFFFFFFFFFFFFFFFFFFFFFFFF28
:20F90000FFFFFFFFFFFFFFFFFFFFFFFFFFFFFFFFFFFFFFFFFFFFFFFFFFFFFFFFFFFFFFFF07
:20F92000FFFFFFFFFFFFFFFFFFFFFFFFFFFFFFFFFFFFFFFFFFFFFFFFFFFFFFFFFFFFFFFFE7
:20F94000FFFFFFFFFFFFFFFFFFFFFFFFFFFFFFFFFFFFFFFFFFFFFFFFFFFFFFFFFFFFFFFFC7
:20F96000FFFFFFFFFFFFFFFFFFFFFFFFFFFFFFFFFFFFFFFFFFFFFFFFFFFFFFFFFFFFFFFFA7
:20F98000FFFFFFFFFFFFFFFFFFFFFFFFFFFFFFFFFFFFFFFFFFFFFFFFFFFFFFFFFFFFFFFF87
:20F9A000FFFFFFFFFFFFFFFFFFFFFFFFFFFFFFFFFFFFFFFFFFFFFFFFFFFFFFFFFFFFFFFF67
:20F9C000FFFFFFFFFFFFFFFFFFFFFFFFFFFFFFFFFFFFFFFFFFFFFFFFFFFFFFFFFFFFFFFF47
:20F9E000FFFFFFFFFFFFFFFFFFFFFFFFFFFFFFFFFFFFFFFFFFFFFFFFFFFFFFFFFFFFFFFF27
:20FA0000FFFFFFFFFFFFFFFFFFFFFFFFFFFFFFFFFFFFFFFFFFFFFFFFFFFFFFFFFFFFFFFF06
:20FA2000FFFFFFFFFFFFFFFFFFFFFFFFFFFFFFFFFFFFFFFFFFFFFFFFFFFFFFFFFFFFFFFFE6
:20FA4000FFFFFFFFFFFFFFFFFFFFFFFFFFFFFFFFFFFFFFFFFFFFFFFFFFFFFFFFFFFFFFFFC6
:20FA6000FFFFFFFFFFFFFFFFFFFFFFFFFFFFFFFFFFFFFFFFFFFFFFFFFFFFFFFFFFFFFFFFA6
:20FA8000FFFFFFFFFFFFFFFFFFFFFFFFFFFFFFFFFFFFFFFFFFFFFFFFFFFFFFFFFFFFFFFF86
:20FAA000FFFFFFFFFFFFFFFFFFFFFFFFFFFFFFFFFFFFFFFFFFFFFFFFFFFFFFFFFFFFFFFF66
:20FAC000FFFFFFFFFFFFFFFFFFFFFFFFFFFFFFFFFFFFFFFFFFFFFFFFFFFFFFFFFFFFFFFF46
:20FAE000FFFFFFFFFFFFFFFFFFFFFFFFFFFFFFFFFFFFFFFFFFFFFFFFFFFFFFFFFFFFFFFF26
:20FB0000FFFFFFFFFFFFFFFFFFFFFFFFFFFFFFFFFFFFFFFFFFFFFFFFFFFFFFFFFFFFFFFF05
:20FB2000FFFFFFFFFFFFFFFFFFFFFFFFFFFFFFFFFFFFFFFFFFFFFFFFFFFFFFFFFFFFFFFFE5
:20FB4000FFFFFFFFFFFFFFFFFFFFFFFFFFFFFFFFFFFFFFFFFFFFFFFFFFFFFFFFFFFFFFFFC5
:20FB6000FFFFFFFFFFFFFFFFFFFFFFFFFFFFFFFFFFFFFFFFFFFFFFFFFFFFFFFFFFFFFFFFA5
:20FB8000FFFFFFFFFFFFFFFFFFFFFFFFFFFFFFFFFFFFFFFFFFFFFFFFFFFFFFFFFFFFFFFF85
:20FBA000FFFFFFFFFFFFFFFFFFFFFFFFFFFFFFFFFFFFFFFFFFFFFFFFFFFFFFFFFFFFFFFF65
:20FBC000FFFFFFFFFFFFFFFFFFFFFFFFFFFFFFFFFFFFFFFFFFFFFFFFFFFFFFFFFFFFFFFF45
:20FBE000FFFFFFFFFFFFFFFFFFFFFFFFFFFFFFFFFFFFFFFFFFFFFFFFFFFFFFFFFFFFFFFF25
:20FC0000FFFFFFFFFFFFFFFFFFFFFFFFFFFFFFFFFFFFFFFFFFFFFFFFFFFFFFFFFFFFFFFF04
:20FC2000FFFFFFFFFFFFFFFFFFFFFFFFFFFFFFFFFFFFFFFFFFFFFFFFFFFFFFFFFFFFFFFFE4
:20FC4000FFFFFFFFFFFFFFFFFFFFFFFFFFFFFFFFFFFFFFFFFFFFFFFFFFFFFFFFFFFFFFFFC4
:20FC6000FFFFFFFFFFFFFFFFFFFFFFFFFFFFFFFFFFFFFFFFFFFFFFFFFFFFFFFFFFFFFFFFA4
:20FC8000FFFFFFFFFFFFFFFFFFFFFFFFFFFFFFFFFFFFFFFFFFFFFFFFFFFFFFFFFFFFFFFF84
:20FCA000FFFFFFFFFFFFFFFFFFFFFFFFFFFFFFFFFFFFFFFFFFFFFFFFFFFFFFFFFFFFFFFF64
:20FCC000FFFFFFFFFFFFFFFFFFFFFFFFFFFFFFFFFFFFFFFFFFFFFFFFFFFFFFFFFFFFFFFF44
:20FCE000FFFFFFFFFFFFFFFFFFFFFFFFFFFFFFFFFFFFFFFFFFFFFFFFFFFFFFFFFFFFFFFF24
:20FD0000FFFFFFFFFFFFFFFFFFFFFFFFFFFFFFFFFFFFFFFFFFFFFFFFFFFFFFFFFFFFFFFF03
:20FD2000FFFFFFFFFFFFFFFFFFFFFFFFFFFFFFFFFFFFFFFFFFFFFFFFFFFFFFFFFFFFFFFFE3
:20FD4000FFFFFFFFFFFFFFFFFFFFFFFFFFFFFFFFFFFFFFFFFFFFFFFFFFFFFFFFFFFFFFFFC3
:20FD6000FFFFFFFFFFFFFFFFFFFFFFFFFFFFFFFFFFFFFFFFFFFFFFFFFFFFFFFFFFFFFFFFA3
:20FD8000FFFFFFFFFFFFFFFFFFFFFFFFFFFFFFFFFFFFFFFFFFFFFFFFFFFFFFFFFFFFFFFF83
:20FDA000FFFFFFFFFFFFFFFFFFFFFFFFFFFFFFFFFFFFFFFFFFFFFFFFFFFFFFFFFFFFFFFF63
:20FDC000FFFFFFFFFFFFFFFFFFFFFFFFFFFFFFFFFFFFFFFFFFFFFFFFFFFFFFFFFFFFFFFF43
:20FDE000FFFFFFFFFFFFFFFFFFFFFFFFFFFFFFFFFFFFFFFFFFFFFFFFFFFFFFFFFFFFFFFF23
:20FE0000FFFFFFFFFFFFFFFFFFFFFFFFFFFFFFFFFFFFFFFFFFFFFFFFFFFFFFFFFFFFFFFF02
:20FE2000FFFFFFFFFFFFFFFFFFFFFFFFFFFFFFFFFFFFFFFFFFFFFFFFFFFFFFFFFFFFFFFFE2
:20FE4000FFFFFFFFFFFFFFFFFFFFFFFFFFFFFFFFFFFFFFFFFFFFFFFFFFFFFFFFFFFFFFFFC2
:20FE6000FFFFFFFFFFFFFFFFFFFFFFFFFFFFFFFFFFFFFFFFFFFFFFFFFFFFFFFFFFFFFFFFA2
:20FE8000FFFFFFFFFFFFFFFFFFFFFFFFFFFFFFFFFFFFFFFFFFFFFFFFFFFFFFFFFFFFFFFF82
:20FEA000FFFFFFFFFFFFFFFFFFFFFFFFFFFFFFFFFFFFFFFFFFFFFFFFFFFFFFFFFFFFFFFF62
:20FEC000FFFFFFFFFFFFFFFFFFFFFFFFFFFFFFFFFFFFFFFFFFFFFFFFFFFFFFFFFFFFFFFF42
:20FEE000FFFFFFFFFFFFFFFFFFFFFFFFFFFFFFFFFFFFFFFFFFFFFFFFFFFFFFFFFFFFFFFF22
:20FF0000FFFFFFFFFFFFFFFFFFFFFFFFFFFFFFFFFFFFFFFFFFFFFFFFFFFFFFFFFFFFFFFF01
:20FF2000FFFFFFFFFFFFFFFFFFFFFFFFFFFFFFFFFFFFFFFFFFFFFFFFFFFFFFFFFFFFFFFFE1
:20FF4000FFFFFFFFFFFFFFFFFFFFFFFFFFFFFFFFFFFFFFFFFFFFFFFFFFFFFFFFFFFFFFFFC1
:20FF6000FFFFFFFFFFFFFFFFFFFFFFFFFFFFFFFFFFFFFFFFFFFFFFFFFFFFFFFFFFFFFFFFA1
:20FF8000FFFFFFFFFFFFFFFFFFFFFFFFFFFFFFFFFFFFFFFFFFFFFFFFFFFFFFFFFFFFFFFF81
:20FFA000FFFFFFFFFFFFFFFFFFFFFFFFFFFFFFFFFFFFFFFFFFFFFFFFFFFFFFFFFFFFFFFF61
:20FFC000FFFFFFFFFFFFFFFFFFFFFFFFFFFFFFFFFFFFFFFFFFFFFFFFFFFFFFFFFFFFFFFF41
:20FFE000FFFFFFFFFFFFFFFFFFFFFFFFFFFFFFFFFFFFFFFFFFFFFFFFFFFFFFFFFFFFFFFF21
:020000040003F7
:20000000FFFFFFFFFFFFFFFFFFFFFFFFFFFFFFFFFFFFFFFFFFFFFFFFFFFFFFFFFFFFFFFF00
:20002000FFFFFFFFFFFFFFFFFFFFFFFFFFFFFFFFFFFFFFFFFFFFFFFFFFFFFFFFFFFFFFFFE0
:20004000FFFFFFFFFFFFFFFFFFFFFFFFFFFFFFFFFFFFFFFFFFFFFFFFFFFFFFFFFFFFFFFFC0
:20006000FFFFFFFFFFFFFFFFFFFFFFFFFFFFFFFFFFFFFFFFFFFFFFFFFFFFFFFFFFFFFFFFA0
:20008000FFFFFFFFFFFFFFFFFFFFFFFFFFFFFFFFFFFFFFFFFFFFFFFFFFFFFFFFFFFFFFFF80
:2000A000FFFFFFFFFFFFFFFFFFFFFFFFFFFFFFFFFFFFFFFFFFFFFFFFFFFFFFFFFFFFFFFF60
:2000C000FFFFFFFFFFFFFFFFFFFFFFFFFFFFFFFFFFFFFFFFFFFFFFFFFFFFFFFFFFFFFFFF40
:2000E000FFFFFFFFFFFFFFFFFFFFFFFFFFFFFFFFFFFFFFFFFFFFFFFFFFFFFFFFFFFFFFFF20
:20010000FFFFFFFFFFFFFFFFFFFFFFFFFFFFFFFFFFFFFFFFFFFFFFFFFFFFFFFFFFFFFFFFFF
:20012000FFFFFFFFFFFFFFFFFFFFFFFFFFFFFFFFFFFFFFFFFFFFFFFFFFFFFFFFFFFFFFFFDF
:20014000FFFFFFFFFFFFFFFFFFFFFFFFFFFFFFFFFFFFFFFFFFFFFFFFFFFFFFFFFFFFFFFFBF
:20016000FFFFFFFFFFFFFFFFFFFFFFFFFFFFFFFFFFFFFFFFFFFFFFFFFFFFFFFFFFFFFFFF9F
:20018000FFFFFFFFFFFFFFFFFFFFFFFFFFFFFFFFFFFFFFFFFFFFFFFFFFFFFFFFFFFFFFFF7F
:2001A000FFFFFFFFFFFFFFFFFFFFFFFFFFFFFFFFFFFFFFFFFFFFFFFFFFFFFFFFFFFFFFFF5F
:2001C000FFFFFFFFFFFFFFFFFFFFFFFFFFFFFFFFFFFFFFFFFFFFFFFFFFFFFFFFFFFFFFFF3F
:2001E000FFFFFFFFFFFFFFFFFFFFFFFFFFFFFFFFFFFFFFFFFFFFFFFFFFFFFFFFFFFFFFFF1F
:20020000FFFFFFFFFFFFFFFFFFFFFFFFFFFFFFFFFFFFFFFFFFFFFFFFFFFFFFFFFFFFFFFFFE
:20022000FFFFFFFFFFFFFFFFFFFFFFFFFFFFFFFFFFFFFFFFFFFFFFFFFFFFFFFFFFFFFFFFDE
:20024000FFFFFFFFFFFFFFFFFFFFFFFFFFFFFFFFFFFFFFFFFFFFFFFFFFFFFFFFFFFFFFFFBE
:20026000FFFFFFFFFFFFFFFFFFFFFFFFFFFFFFFFFFFFFFFFFFFFFFFFFFFFFFFFFFFFFFFF9E
:20028000FFFFFFFFFFFFFFFFFFFFFFFFFFFFFFFFFFFFFFFFFFFFFFFFFFFFFFFFFFFFFFFF7E
:2002A000FFFFFFFFFFFFFFFFFFFFFFFFFFFFFFFFFFFFFFFFFFFFFFFFFFFFFFFFFFFFFFFF5E
:2002C000FFFFFFFFFFFFFFFFFFFFFFFFFFFFFFFFFFFFFFFFFFFFFFFFFFFFFFFFFFFFFFFF3E
:2002E000FFFFFFFFFFFFFFFFFFFFFFFFFFFFFFFFFFFFFFFFFFFFFFFFFFFFFFFFFFFFFFFF1E
:20030000FFFFFFFFFFFFFFFFFFFFFFFFFFFFFFFFFFFFFFFFFFFFFFFFFFFFFFFFFFFFFFFFFD
:20032000FFFFFFFFFFFFFFFFFFFFFFFFFFFFFFFFFFFFFFFFFFFFFFFFFFFFFFFFFFFFFFFFDD
:20034000FFFFFFFFFFFFFFFFFFFFFFFFFFFFFFFFFFFFFFFFFFFFFFFFFFFFFFFFFFFFFFFFBD
:20036000FFFFFFFFFFFFFFFFFFFFFFFFFFFFFFFFFFFFFFFFFFFFFFFFFFFFFFFFFFFFFFFF9D
:20038000FFFFFFFFFFFFFFFFFFFFFFFFFFFFFFFFFFFFFFFFFFFFFFFFFFFFFFFFFFFFFFFF7D
:2003A000FFFFFFFFFFFFFFFFFFFFFFFFFFFFFFFFFFFFFFFFFFFFFFFFFFFFFFFFFFFFFFFF5D
:2003C000FFFFFFFFFFFFFFFFFFFFFFFFFFFFFFFFFFFFFFFFFFFFFFFFFFFFFFFFFFFFFFFF3D
:2003E000FFFFFFFFFFFFFFFFFFFFFFFFFFFFFFFFFFFFFFFFFFFFFFFFFFFFFFFFFFFFFFFF1D
:20040000FFFFFFFFFFFFFFFFFFFFFFFFFFFFFFFFFFFFFFFFFFFFFFFFFFFFFFFFFFFFFFFFFC
:20042000FFFFFFFFFFFFFFFFFFFFFFFFFFFFFFFFFFFFFFFFFFFFFFFFFFFFFFFFFFFFFFFFDC
:20044000FFFFFFFFFFFFFFFFFFFFFFFFFFFFFFFFFFFFFFFFFFFFFFFFFFFFFFFFFFFFFFFFBC
:20046000FFFFFFFFFFFFFFFFFFFFFFFFFFFFFFFFFFFFFFFFFFFFFFFFFFFFFFFFFFFFFFFF9C
:20048000FFFFFFFFFFFFFFFFFFFFFFFFFFFFFFFFFFFFFFFFFFFFFFFFFFFFFFFFFFFFFFFF7C
:2004A000FFFFFFFFFFFFFFFFFFFFFFFFFFFFFFFFFFFFFFFFFFFFFFFFFFFFFFFFFFFFFFFF5C
:2004C000FFFFFFFFFFFFFFFFFFFFFFFFFFFFFFFFFFFFFFFFFFFFFFFFFFFFFFFFFFFFFFFF3C
:2004E000FFFFFFFFFFFFFFFFFFFFFFFFFFFFFFFFFFFFFFFFFFFFFFFFFFFFFFFFFFFFFFFF1C
:20050000FFFFFFFFFFFFFFFFFFFFFFFFFFFFFFFFFFFFFFFFFFFFFFFFFFFFFFFFFFFFFFFFFB
:20052000FFFFFFFFFFFFFFFFFFFFFFFFFFFFFFFFFFFFFFFFFFFFFFFFFFFFFFFFFFFFFFFFDB
:20054000FFFFFFFFFFFFFFFFFFFFFFFFFFFFFFFFFFFFFFFFFFFFFFFFFFFFFFFFFFFFFFFFBB
:20056000FFFFFFFFFFFFFFFFFFFFFFFFFFFFFFFFFFFFFFFFFFFFFFFFFFFFFFFFFFFFFFFF9B
:20058000FFFFFFFFFFFFFFFFFFFFFFFFFFFFFFFFFFFFFFFFFFFFFFFFFFFFFFFFFFFFFFFF7B
:2005A000FFFFFFFFFFFFFFFFFFFFFFFFFFFFFFFFFFFFFFFFFFFFFFFFFFFFFFFFFFFFFFFF5B
:2005C000FFFFFFFFFFFFFFFFFFFFFFFFFFFFFFFFFFFFFFFFFFFFFFFFFFFFFFFFFFFFFFFF3B
:2005E000FFFFFFFFFFFFFFFFFFFFFFFFFFFFFFFFFFFFFFFFFFFFFFFFFFFFFFFFFFFFFFFF1B
:20060000FFFFFFFFFFFFFFFFFFFFFFFFFFFFFFFFFFFFFFFFFFFFFFFFFFFFFFFFFFFFFFFFFA
:20062000FFFFFFFFFFFFFFFFFFFFFFFFFFFFFFFFFFFFFFFFFFFFFFFFFFFFFFFFFFFFFFFFDA
:20064000FFFFFFFFFFFFFFFFFFFFFFFFFFFFFFFFFFFFFFFFFFFFFFFFFFFFFFFFFFFFFFFFBA
:20066000FFFFFFFFFFFFFFFFFFFFFFFFFFFFFFFFFFFFFFFFFFFFFFFFFFFFFFFFFFFFFFFF9A
:20068000FFFFFFFFFFFFFFFFFFFFFFFFFFFFFFFFFFFFFFFFFFFFFFFFFFFFFFFFFFFFFFFF7A
:2006A000FFFFFFFFFFFFFFFFFFFFFFFFFFFFFFFFFFFFFFFFFFFFFFFFFFFFFFFFFFFFFFFF5A
:2006C000FFFFFFFFFFFFFFFFFFFFFFFFFFFFFFFFFFFFFFFFFFFFFFFFFFFFFFFFFFFFFFFF3A
:2006E000FFFFFFFFFFFFFFFFFFFFFFFFFFFFFFFFFFFFFFFFFFFFFFFFFFFFFFFFFFFFFFFF1A
:20070000FFFFFFFFFFFFFFFFFFFFFFFFFFFFFFFFFFFFFFFFFFFFFFFFFFFFFFFFFFFFFFFFF9
:20072000FFFFFFFFFFFFFFFFFFFFFFFFFFFFFFFFFFFFFFFFFFFFFFFFFFFFFFFFFFFFFFFFD9
:20074000FFFFFFFFFFFFFFFFFFFFFFFFFFFFFFFFFFFFFFFFFFFFFFFFFFFFFFFFFFFFFFFFB9
:20076000FFFFFFFFFFFFFFFFFFFFFFFFFFFFFFFFFFFFFFFFFFFFFFFFFFFFFFFFFFFFFFFF99
:20078000FFFFFFFFFFFFFFFFFFFFFFFFFFFFFFFFFFFFFFFFFFFFFFFFFFFFFFFFFFFFFFFF79
:2007A000FFFFFFFFFFFFFFFFFFFFFFFFFFFFFFFFFFFFFFFFFFFFFFFFFFFFFFFFFFFFFFFF59
:2007C000FFFFFFFFFFFFFFFFFFFFFFFFFFFFFFFFFFFFFFFFFFFFFFFFFFFFFFFFFFFFFFFF39
:2007E000FFFFFFFFFFFFFFFFFFFFFFFFFFFFFFFFFFFFFFFFFFFFFFFFFFFFFFFFFFFFFFFF19
:20080000FFFFFFFFFFFFFFFFFFFFFFFFFFFFFFFFFFFFFFFFFFFFFFFFFFFFFFFFFFFFFFFFF8
:20082000FFFFFFFFFFFFFFFFFFFFFFFFFFFFFFFFFFFFFFFFFFFFFFFFFFFFFFFFFFFFFFFFD8
:20084000FFFFFFFFFFFFFFFFFFFFFFFFFFFFFFFFFFFFFFFFFFFFFFFFFFFFFFFFFFFFFFFFB8
:20086000FFFFFFFFFFFFFFFFFFFFFFFFFFFFFFFFFFFFFFFFFFFFFFFFFFFFFFFFFFFFFFFF98
:20088000FFFFFFFFFFFFFFFFFFFFFFFFFFFFFFFFFFFFFFFFFFFFFFFFFFFFFFFFFFFFFFFF78
:2008A000FFFFFFFFFFFFFFFFFFFFFFFFFFFFFFFFFFFFFFFFFFFFFFFFFFFFFFFFFFFFFFFF58
:2008C000FFFFFFFFFFFFFFFFFFFFFFFFFFFFFFFFFFFFFFFFFFFFFFFFFFFFFFFFFFFFFFFF38
:2008E000FFFFFFFFFFFFFFFFFFFFFFFFFFFFFFFFFFFFFFFFFFFFFFFFFFFFFFFFFFFFFFFF18
:20090000FFFFFFFFFFFFFFFFFFFFFFFFFFFFFFFFFFFFFFFFFFFFFFFFFFFFFFFFFFFFFFFFF7
:20092000FFFFFFFFFFFFFFFFFFFFFFFFFFFFFFFFFFFFFFFFFFFFFFFFFFFFFFFFFFFFFFFFD7
:20094000FFFFFFFFFFFFFFFFFFFFFFFFFFFFFFFFFFFFFFFFFFFFFFFFFFFFFFFFFFFFFFFFB7
:20096000FFFFFFFFFFFFFFFFFFFFFFFFFFFFFFFFFFFFFFFFFFFFFFFFFFFFFFFFFFFFFFFF97
:20098000FFFFFFFFFFFFFFFFFFFFFFFFFFFFFFFFFFFFFFFFFFFFFFFFFFFFFFFFFFFFFFFF77
:2009A000FFFFFFFFFFFFFFFFFFFFFFFFFFFFFFFFFFFFFFFFFFFFFFFFFFFFFFFFFFFFFFFF57
:2009C000FFFFFFFFFFFFFFFFFFFFFFFFFFFFFFFFFFFFFFFFFFFFFFFFFFFFFFFFFFFFFFFF37
:2009E000FFFFFFFFFFFFFFFFFFFFFFFFFFFFFFFFFFFFFFFFFFFFFFFFFFFFFFFFFFFFFFFF17
:200A0000FFFFFFFFFFFFFFFFFFFFFFFFFFFFFFFFFFFFFFFFFFFFFFFFFFFFFFFFFFFFFFFFF6
:200A2000FFFFFFFFFFFFFFFFFFFFFFFFFFFFFFFFFFFFFFFFFFFFFFFFFFFFFFFFFFFFFFFFD6
:200A4000FFFFFFFFFFFFFFFFFFFFFFFFFFFFFFFFFFFFFFFFFFFFFFFFFFFFFFFFFFFFFFFFB6
:200A6000FFFFFFFFFFFFFFFFFFFFFFFFFFFFFFFFFFFFFFFFFFFFFFFFFFFFFFFFFFFFFFFF96
:200A8000FFFFFFFFFFFFFFFFFFFFFFFFFFFFFFFFFFFFFFFFFFFFFFFFFFFFFFFFFFFFFFFF76
:200AA000FFFFFFFFFFFFFFFFFFFFFFFFFFFFFFFFFFFFFFFFFFFFFFFFFFFFFFFFFFFFFFFF56
:200AC000FFFFFFFFFFFFFFFFFFFFFFFFFFFFFFFFFFFFFFFFFFFFFFFFFFFFFFFFFFFFFFFF36
:200AE000FFFFFFFFFFFFFFFFFFFFFFFFFFFFFFFFFFFFFFFFFFFFFFFFFFFFFFFFFFFFFFFF16
:200B0000FFFFFFFFFFFFFFFFFFFFFFFFFFFFFFFFFFFFFFFFFFFFFFFFFFFFFFFFFFFFFFFFF5
:200B2000FFFFFFFFFFFFFFFFFFFFFFFFFFFFFFFFFFFFFFFFFFFFFFFFFFFFFFFFFFFFFFFFD5
:200B4000FFFFFFFFFFFFFFFFFFFFFFFFFFFFFFFFFFFFFFFFFFFFFFFFFFFFFFFFFFFFFFFFB5
:200B6000FFFFFFFFFFFFFFFFFFFFFFFFFFFFFFFFFFFFFFFFFFFFFFFFFFFFFFFFFFFFFFFF95
:200B8000FFFFFFFFFFFFFFFFFFFFFFFFFFFFFFFFFFFFFFFFFFFFFFFFFFFFFFFFFFFFFFFF75
:200BA000FFFFFFFFFFFFFFFFFFFFFFFFFFFFFFFFFFFFFFFFFFFFFFFFFFFFFFFFFFFFFFFF55
:200BC000FFFFFFFFFFFFFFFFFFFFFFFFFFFFFFFFFFFFFFFFFFFFFFFFFFFFFFFFFFFFFFFF35
:200BE000FFFFFFFFFFFFFFFFFFFFFFFFFFFFFFFFFFFFFFFFFFFFFFFFFFFFFFFFFFFFFFFF15
:200C0000FFFFFFFFFFFFFFFFFFFFFFFFFFFFFFFFFFFFFFFFFFFFFFFFFFFFFFFFFFFFFFFFF4
:200C2000FFFFFFFFFFFFFFFFFFFFFFFFFFFFFFFFFFFFFFFFFFFFFFFFFFFFFFFFFFFFFFFFD4
:200C4000FFFFFFFFFFFFFFFFFFFFFFFFFFFFFFFFFFFFFFFFFFFFFFFFFFFFFFFFFFFFFFFFB4
:200C6000FFFFFFFFFFFFFFFFFFFFFFFFFFFFFFFFFFFFFFFFFFFFFFFFFFFFFFFFFFFFFFFF94
:200C8000FFFFFFFFFFFFFFFFFFFFFFFFFFFFFFFFFFFFFFFFFFFFFFFFFFFFFFFFFFFFFFFF74
:200CA000FFFFFFFFFFFFFFFFFFFFFFFFFFFFFFFFFFFFFFFFFFFFFFFFFFFFFFFFFFFFFFFF54
:200CC000FFFFFFFFFFFFFFFFFFFFFFFFFFFFFFFFFFFFFFFFFFFFFFFFFFFFFFFFFFFFFFFF34
:200CE000FFFFFFFFFFFFFFFFFFFFFFFFFFFFFFFFFFFFFFFFFFFFFFFFFFFFFFFFFFFFFFFF14
:200D0000FFFFFFFFFFFFFFFFFFFFFFFFFFFFFFFFFFFFFFFFFFFFFFFFFFFFFFFFFFFFFFFFF3
:200D2000FFFFFFFFFFFFFFFFFFFFFFFFFFFFFFFFFFFFFFFFFFFFFFFFFFFFFFFFFFFFFFFFD3
:200D4000FFFFFFFFFFFFFFFFFFFFFFFFFFFFFFFFFFFFFFFFFFFFFFFFFFFFFFFFFFFFFFFFB3
:200D6000FFFFFFFFFFFFFFFFFFFFFFFFFFFFFFFFFFFFFFFFFFFFFFFFFFFFFFFFFFFFFFFF93
:200D8000FFFFFFFFFFFFFFFFFFFFFFFFFFFFFFFFFFFFFFFFFFFFFFFFFFFFFFFFFFFFFFFF73
:200DA000FFFFFFFFFFFFFFFFFFFFFFFFFFFFFFFFFFFFFFFFFFFFFFFFFFFFFFFFFFFFFFFF53
:200DC000FFFFFFFFFFFFFFFFFFFFFFFFFFFFFFFFFFFFFFFFFFFFFFFFFFFFFFFFFFFFFFFF33
:200DE000FFFFFFFFFFFFFFFFFFFFFFFFFFFFFFFFFFFFFFFFFFFFFFFFFFFFFFFFFFFFFFFF13
:200E0000FFFFFFFFFFFFFFFFFFFFFFFFFFFFFFFFFFFFFFFFFFFFFFFFFFFFFFFFFFFFFFFFF2
:200E2000FFFFFFFFFFFFFFFFFFFFFFFFFFFFFFFFFFFFFFFFFFFFFFFFFFFFFFFFFFFFFFFFD2
:200E4000FFFFFFFFFFFFFFFFFFFFFFFFFFFFFFFFFFFFFFFFFFFFFFFFFFFFFFFFFFFFFFFFB2
:200E6000FFFFFFFFFFFFFFFFFFFFFFFFFFFFFFFFFFFFFFFFFFFFFFFFFFFFFFFFFFFFFFFF92
:200E8000FFFFFFFFFFFFFFFFFFFFFFFFFFFFFFFFFFFFFFFFFFFFFFFFFFFFFFFFFFFFFFFF72
:200EA000FFFFFFFFFFFFFFFFFFFFFFFFFFFFFFFFFFFFFFFFFFFFFFFFFFFFFFFFFFFFFFFF52
:200EC000FFFFFFFFFFFFFFFFFFFFFFFFFFFFFFFFFFFFFFFFFFFFFFFFFFFFFFFFFFFFFFFF32
:200EE000FFFFFFFFFFFFFFFFFFFFFFFFFFFFFFFFFFFFFFFFFFFFFFFFFFFFFFFFFFFFFFFF12
:200F0000FFFFFFFFFFFFFFFFFFFFFFFFFFFFFFFFFFFFFFFFFFFFFFFFFFFFFFFFFFFFFFFFF1
:200F2000FFFFFFFFFFFFFFFFFFFFFFFFFFFFFFFFFFFFFFFFFFFFFFFFFFFFFFFFFFFFFFFFD1
:200F4000FFFFFFFFFFFFFFFFFFFFFFFFFFFFFFFFFFFFFFFFFFFFFFFFFFFFFFFFFFFFFFFFB1
:200F6000FFFFFFFFFFFFFFFFFFFFFFFFFFFFFFFFFFFFFFFFFFFFFFFFFFFFFFFFFFFFFFFF91
:200F8000FFFFFFFFFFFFFFFFFFFFFFFFFFFFFFFFFFFFFFFFFFFFFFFFFFFFFFFFFFFFFFFF71
:200FA000FFFFFFFFFFFFFFFFFFFFFFFFFFFFFFFFFFFFFFFFFFFFFFFFFFFFFFFFFFFFFFFF51
:200FC000FFFFFFFFFFFFFFFFFFFFFFFFFFFFFFFFFFFFFFFFFFFFFFFFFFFFFFFFFFFFFFFF31
:200FE000FFFFFFFFFFFFFFFFFFFFFFFFFFFFFFFFFFFFFFFFFFFFFFFFFFFFFFFFFFFFFFFF11
:20100000FFFFFFFFFFFFFFFFFFFFFFFFFFFFFFFFFFFFFFFFFFFFFFFFFFFFFFFFFFFFFFFFF0
:20102000FFFFFFFFFFFFFFFFFFFFFFFFFFFFFFFFFFFFFFFFFFFFFFFFFFFFFFFFFFFFFFFFD0
:20104000FFFFFFFFFFFFFFFFFFFFFFFFFFFFFFFFFFFFFFFFFFFFFFFFFFFFFFFFFFFFFFFFB0
:20106000FFFFFFFFFFFFFFFFFFFFFFFFFFFFFFFFFFFFFFFFFFFFFFFFFFFFFFFFFFFFFFFF90
:20108000FFFFFFFFFFFFFFFFFFFFFFFFFFFFFFFFFFFFFFFFFFFFFFFFFFFFFFFFFFFFFFFF70
:2010A000FFFFFFFFFFFFFFFFFFFFFFFFFFFFFFFFFFFFFFFFFFFFFFFFFFFFFFFFFFFFFFFF50
:2010C000FFFFFFFFFFFFFFFFFFFFFFFFFFFFFFFFFFFFFFFFFFFFFFFFFFFFFFFFFFFFFFFF30
:2010E000FFFFFFFFFFFFFFFFFFFFFFFFFFFFFFFFFFFFFFFFFFFFFFFFFFFFFFFFFFFFFFFF10
:20110000FFFFFFFFFFFFFFFFFFFFFFFFFFFFFFFFFFFFFFFFFFFFFFFFFFFFFFFFFFFFFFFFEF
:20112000FFFFFFFFFFFFFFFFFFFFFFFFFFFFFFFFFFFFFFFFFFFFFFFFFFFFFFFFFFFFFFFFCF
:20114000FFFFFFFFFFFFFFFFFFFFFFFFFFFFFFFFFFFFFFFFFFFFFFFFFFFFFFFFFFFFFFFFAF
:20116000FFFFFFFFFFFFFFFFFFFFFFFFFFFFFFFFFFFFFFFFFFFFFFFFFFFFFFFFFFFFFFFF8F
:20118000FFFFFFFFFFFFFFFFFFFFFFFFFFFFFFFFFFFFFFFFFFFFFFFFFFFFFFFFFFFFFFFF6F
:2011A000FFFFFFFFFFFFFFFFFFFFFFFFFFFFFFFFFFFFFFFFFFFFFFFFFFFFFFFFFFFFFFFF4F
:2011C000FFFFFFFFFFFFFFFFFFFFFFFFFFFFFFFFFFFFFFFFFFFFFFFFFFFFFFFFFFFFFFFF2F
:2011E000FFFFFFFFFFFFFFFFFFFFFFFFFFFFFFFFFFFFFFFFFFFFFFFFFFFFFFFFFFFFFFFF0F
:20120000FFFFFFFFFFFFFFFFFFFFFFFFFFFFFFFFFFFFFFFFFFFFFFFFFFFFFFFFFFFFFFFFEE
:20122000FFFFFFFFFFFFFFFFFFFFFFFFFFFFFFFFFFFFFFFFFFFFFFFFFFFFFFFFFFFFFFFFCE
:20124000FFFFFFFFFFFFFFFFFFFFFFFFFFFFFFFFFFFFFFFFFFFFFFFFFFFFFFFFFFFFFFFFAE
:20126000FFFFFFFFFFFFFFFFFFFFFFFFFFFFFFFFFFFFFFFFFFFFFFFFFFFFFFFFFFFFFFFF8E
:20128000FFFFFFFFFFFFFFFFFFFFFFFFFFFFFFFFFFFFFFFFFFFFFFFFFFFFFFFFFFFFFFFF6E
:2012A000FFFFFFFFFFFFFFFFFFFFFFFFFFFFFFFFFFFFFFFFFFFFFFFFFFFFFFFFFFFFFFFF4E
:2012C000FFFFFFFFFFFFFFFFFFFFFFFFFFFFFFFFFFFFFFFFFFFFFFFFFFFFFFFFFFFFFFFF2E
:2012E000FFFFFFFFFFFFFFFFFFFFFFFFFFFFFFFFFFFFFFFFFFFFFFFFFFFFFFFFFFFFFFFF0E
:20130000FFFFFFFFFFFFFFFFFFFFFFFFFFFFFFFFFFFFFFFFFFFFFFFFFFFFFFFFFFFFFFFFED
:20132000FFFFFFFFFFFFFFFFFFFFFFFFFFFFFFFFFFFFFFFFFFFFFFFFFFFFFFFFFFFFFFFFCD
:20134000FFFFFFFFFFFFFFFFFFFFFFFFFFFFFFFFFFFFFFFFFFFFFFFFFFFFFFFFFFFFFFFFAD
:20136000FFFFFFFFFFFFFFFFFFFFFFFFFFFFFFFFFFFFFFFFFFFFFFFFFFFFFFFFFFFFFFFF8D
:20138000FFFFFFFFFFFFFFFFFFFFFFFFFFFFFFFFFFFFFFFFFFFFFFFFFFFFFFFFFFFFFFFF6D
:2013A000FFFFFFFFFFFFFFFFFFFFFFFFFFFFFFFFFFFFFFFFFFFFFFFFFFFFFFFFFFFFFFFF4D
:2013C000FFFFFFFFFFFFFFFFFFFFFFFFFFFFFFFFFFFFFFFFFFFFFFFFFFFFFFFFFFFFFFFF2D
:2013E000FFFFFFFFFFFFFFFFFFFFFFFFFFFFFFFFFFFFFFFFFFFFFFFFFFFFFFFFFFFFFFFF0D
:20140000FFFFFFFFFFFFFFFFFFFFFFFFFFFFFFFFFFFFFFFFFFFFFFFFFFFFFFFFFFFFFFFFEC
:20142000FFFFFFFFFFFFFFFFFFFFFFFFFFFFFFFFFFFFFFFFFFFFFFFFFFFFFFFFFFFFFFFFCC
:20144000FFFFFFFFFFFFFFFFFFFFFFFFFFFFFFFFFFFFFFFFFFFFFFFFFFFFFFFFFFFFFFFFAC
:20146000FFFFFFFFFFFFFFFFFFFFFFFFFFFFFFFFFFFFFFFFFFFFFFFFFFFFFFFFFFFFFFFF8C
:20148000FFFFFFFFFFFFFFFFFFFFFFFFFFFFFFFFFFFFFFFFFFFFFFFFFFFFFFFFFFFFFFFF6C
:2014A000FFFFFFFFFFFFFFFFFFFFFFFFFFFFFFFFFFFFFFFFFFFFFFFFFFFFFFFFFFFFFFFF4C
:2014C000FFFFFFFFFFFFFFFFFFFFFFFFFFFFFFFFFFFFFFFFFFFFFFFFFFFFFFFFFFFFFFFF2C
:2014E000FFFFFFFFFFFFFFFFFFFFFFFFFFFFFFFFFFFFFFFFFFFFFFFFFFFFFFFFFFFFFFFF0C
:20150000FFFFFFFFFFFFFFFFFFFFFFFFFFFFFFFFFFFFFFFFFFFFFFFFFFFFFFFFFFFFFFFFEB
:20152000FFFFFFFFFFFFFFFFFFFFFFFFFFFFFFFFFFFFFFFFFFFFFFFFFFFFFFFFFFFFFFFFCB
:20154000FFFFFFFFFFFFFFFFFFFFFFFFFFFFFFFFFFFFFFFFFFFFFFFFFFFFFFFFFFFFFFFFAB
:20156000FFFFFFFFFFFFFFFFFFFFFFFFFFFFFFFFFFFFFFFFFFFFFFFFFFFFFFFFFFFFFFFF8B
:20158000FFFFFFFFFFFFFFFFFFFFFFFFFFFFFFFFFFFFFFFFFFFFFFFFFFFFFFFFFFFFFFFF6B
:2015A000FFFFFFFFFFFFFFFFFFFFFFFFFFFFFFFFFFFFFFFFFFFFFFFFFFFFFFFFFFFFFFFF4B
:2015C000FFFFFFFFFFFFFFFFFFFFFFFFFFFFFFFFFFFFFFFFFFFFFFFFFFFFFFFFFFFFFFFF2B
:2015E000FFFFFFFFFFFFFFFFFFFFFFFFFFFFFFFFFFFFFFFFFFFFFFFFFFFFFFFFFFFFFFFF0B
:20160000FFFFFFFFFFFFFFFFFFFFFFFFFFFFFFFFFFFFFFFFFFFFFFFFFFFFFFFFFFFFFFFFEA
:20162000FFFFFFFFFFFFFFFFFFFFFFFFFFFFFFFFFFFFFFFFFFFFFFFFFFFFFFFFFFFFFFFFCA
:20164000FFFFFFFFFFFFFFFFFFFFFFFFFFFFFFFFFFFFFFFFFFFFFFFFFFFFFFFFFFFFFFFFAA
:20166000FFFFFFFFFFFFFFFFFFFFFFFFFFFFFFFFFFFFFFFFFFFFFFFFFFFFFFFFFFFFFFFF8A
:20168000FFFFFFFFFFFFFFFFFFFFFFFFFFFFFFFFFFFFFFFFFFFFFFFFFFFFFFFFFFFFFFFF6A
:2016A000FFFFFFFFFFFFFFFFFFFFFFFFFFFFFFFFFFFFFFFFFFFFFFFFFFFFFFFFFFFFFFFF4A
:2016C000FFFFFFFFFFFFFFFFFFFFFFFFFFFFFFFFFFFFFFFFFFFFFFFFFFFFFFFFFFFFFFFF2A
:2016E000FFFFFFFFFFFFFFFFFFFFFFFFFFFFFFFFFFFFFFFFFFFFFFFFFFFFFFFFFFFFFFFF0A
:20170000FFFFFFFFFFFFFFFFFFFFFFFFFFFFFFFFFFFFFFFFFFFFFFFFFFFFFFFFFFFFFFFFE9
:20172000FFFFFFFFFFFFFFFFFFFFFFFFFFFFFFFFFFFFFFFFFFFFFFFFFFFFFFFFFFFFFFFFC9
:20174000FFFFFFFFFFFFFFFFFFFFFFFFFFFFFFFFFFFFFFFFFFFFFFFFFFFFFFFFFFFFFFFFA9
:20176000FFFFFFFFFFFFFFFFFFFFFFFFFFFFFFFFFFFFFFFFFFFFFFFFFFFFFFFFFFFFFFFF89
:20178000FFFFFFFFFFFFFFFFFFFFFFFFFFFFFFFFFFFFFFFFFFFFFFFFFFFFFFFFFFFFFFFF69
:2017A000FFFFFFFFFFFFFFFFFFFFFFFFFFFFFFFFFFFFFFFFFFFFFFFFFFFFFFFFFFFFFFFF49
:2017C000FFFFFFFFFFFFFFFFFFFFFFFFFFFFFFFFFFFFFFFFFFFFFFFFFFFFFFFFFFFFFFFF29
:2017E000FFFFFFFFFFFFFFFFFFFFFFFFFFFFFFFFFFFFFFFFFFFFFFFFFFFFFFFFFFFFFFFF09
:20180000FFFFFFFFFFFFFFFFFFFFFFFFFFFFFFFFFFFFFFFFFFFFFFFFFFFFFFFFFFFFFFFFE8
:20182000FFFFFFFFFFFFFFFFFFFFFFFFFFFFFFFFFFFFFFFFFFFFFFFFFFFFFFFFFFFFFFFFC8
:20184000FFFFFFFFFFFFFFFFFFFFFFFFFFFFFFFFFFFFFFFFFFFFFFFFFFFFFFFFFFFFFFFFA8
:20186000FFFFFFFFFFFFFFFFFFFFFFFFFFFFFFFFFFFFFFFFFFFFFFFFFFFFFFFFFFFFFFFF88
:20188000FFFFFFFFFFFFFFFFFFFFFFFFFFFFFFFFFFFFFFFFFFFFFFFFFFFFFFFFFFFFFFFF68
:2018A000FFFFFFFFFFFFFFFFFFFFFFFFFFFFFFFFFFFFFFFFFFFFFFFFFFFFFFFFFFFFFFFF48
:2018C000FFFFFFFFFFFFFFFFFFFFFFFFFFFFFFFFFFFFFFFFFFFFFFFFFFFFFFFFFFFFFFFF28
:2018E000FFFFFFFFFFFFFFFFFFFFFFFFFFFFFFFFFFFFFFFFFFFFFFFFFFFFFFFFFFFFFFFF08
:20190000FFFFFFFFFFFFFFFFFFFFFFFFFFFFFFFFFFFFFFFFFFFFFFFFFFFFFFFFFFFFFFFFE7
:20192000FFFFFFFFFFFFFFFFFFFFFFFFFFFFFFFFFFFFFFFFFFFFFFFFFFFFFFFFFFFFFFFFC7
:20194000FFFFFFFFFFFFFFFFFFFFFFFFFFFFFFFFFFFFFFFFFFFFFFFFFFFFFFFFFFFFFFFFA7
:20196000FFFFFFFFFFFFFFFFFFFFFFFFFFFFFFFFFFFFFFFFFFFFFFFFFFFFFFFFFFFFFFFF87
:20198000FFFFFFFFFFFFFFFFFFFFFFFFFFFFFFFFFFFFFFFFFFFFFFFFFFFFFFFFFFFFFFFF67
:2019A000FFFFFFFFFFFFFFFFFFFFFFFFFFFFFFFFFFFFFFFFFFFFFFFFFFFFFFFFFFFFFFFF47
:2019C000FFFFFFFFFFFFFFFFFFFFFFFFFFFFFFFFFFFFFFFFFFFFFFFFFFFFFFFFFFFFFFFF27
:2019E000FFFFFFFFFFFFFFFFFFFFFFFFFFFFFFFFFFFFFFFFFFFFFFFFFFFFFFFFFFFFFFFF07
:201A0000FFFFFFFFFFFFFFFFFFFFFFFFFFFFFFFFFFFFFFFFFFFFFFFFFFFFFFFFFFFFFFFFE6
:201A2000FFFFFFFFFFFFFFFFFFFFFFFFFFFFFFFFFFFFFFFFFFFFFFFFFFFFFFFFFFFFFFFFC6
:201A4000FFFFFFFFFFFFFFFFFFFFFFFFFFFFFFFFFFFFFFFFFFFFFFFFFFFFFFFFFFFFFFFFA6
:201A6000FFFFFFFFFFFFFFFFFFFFFFFFFFFFFFFFFFFFFFFFFFFFFFFFFFFFFFFFFFFFFFFF86
:201A8000FFFFFFFFFFFFFFFFFFFFFFFFFFFFFFFFFFFFFFFFFFFFFFFFFFFFFFFFFFFFFFFF66
:201AA000FFFFFFFFFFFFFFFFFFFFFFFFFFFFFFFFFFFFFFFFFFFFFFFFFFFFFFFFFFFFFFFF46
:201AC000FFFFFFFFFFFFFFFFFFFFFFFFFFFFFFFFFFFFFFFFFFFFFFFFFFFFFFFFFFFFFFFF26
:201AE000FFFFFFFFFFFFFFFFFFFFFFFFFFFFFFFFFFFFFFFFFFFFFFFFFFFFFFFFFFFFFFFF06
:201B0000FFFFFFFFFFFFFFFFFFFFFFFFFFFFFFFFFFFFFFFFFFFFFFFFFFFFFFFFFFFFFFFFE5
:201B2000FFFFFFFFFFFFFFFFFFFFFFFFFFFFFFFFFFFFFFFFFFFFFFFFFFFFFFFFFFFFFFFFC5
:201B4000FFFFFFFFFFFFFFFFFFFFFFFFFFFFFFFFFFFFFFFFFFFFFFFFFFFFFFFFFFFFFFFFA5
:201B6000FFFFFFFFFFFFFFFFFFFFFFFFFFFFFFFFFFFFFFFFFFFFFFFFFFFFFFFFFFFFFFFF85
:201B8000FFFFFFFFFFFFFFFFFFFFFFFFFFFFFFFFFFFFFFFFFFFFFFFFFFFFFFFFFFFFFFFF65
:201BA000FFFFFFFFFFFFFFFFFFFFFFFFFFFFFFFFFFFFFFFFFFFFFFFFFFFFFFFFFFFFFFFF45
:201BC000FFFFFFFFFFFFFFFFFFFFFFFFFFFFFFFFFFFFFFFFFFFFFFFFFFFFFFFFFFFFFFFF25
:201BE000FFFFFFFFFFFFFFFFFFFFFFFFFFFFFFFFFFFFFFFFFFFFFFFFFFFFFFFFFFFFFFFF05
:201C0000FFFFFFFFFFFFFFFFFFFFFFFFFFFFFFFFFFFFFFFFFFFFFFFFFFFFFFFFFFFFFFFFE4
:201C2000FFFFFFFFFFFFFFFFFFFFFFFFFFFFFFFFFFFFFFFFFFFFFFFFFFFFFFFFFFFFFFFFC4
:201C4000FFFFFFFFFFFFFFFFFFFFFFFFFFFFFFFFFFFFFFFFFFFFFFFFFFFFFFFFFFFFFFFFA4
:201C6000FFFFFFFFFFFFFFFFFFFFFFFFFFFFFFFFFFFFFFFFFFFFFFFFFFFFFFFFFFFFFFFF84
:201C8000FFFFFFFFFFFFFFFFFFFFFFFFFFFFFFFFFFFFFFFFFFFFFFFFFFFFFFFFFFFFFFFF64
:201CA000FFFFFFFFFFFFFFFFFFFFFFFFFFFFFFFFFFFFFFFFFFFFFFFFFFFFFFFFFFFFFFFF44
:201CC000FFFFFFFFFFFFFFFFFFFFFFFFFFFFFFFFFFFFFFFFFFFFFFFFFFFFFFFFFFFFFFFF24
:201CE000FFFFFFFFFFFFFFFFFFFFFFFFFFFFFFFFFFFFFFFFFFFFFFFFFFFFFFFFFFFFFFFF04
:201D0000FFFFFFFFFFFFFFFFFFFFFFFFFFFFFFFFFFFFFFFFFFFFFFFFFFFFFFFFFFFFFFFFE3
:201D2000FFFFFFFFFFFFFFFFFFFFFFFFFFFFFFFFFFFFFFFFFFFFFFFFFFFFFFFFFFFFFFFFC3
:201D4000FFFFFFFFFFFFFFFFFFFFFFFFFFFFFFFFFFFFFFFFFFFFFFFFFFFFFFFFFFFFFFFFA3
:201D6000FFFFFFFFFFFFFFFFFFFFFFFFFFFFFFFFFFFFFFFFFFFFFFFFFFFFFFFFFFFFFFFF83
:201D8000FFFFFFFFFFFFFFFFFFFFFFFFFFFFFFFFFFFFFFFFFFFFFFFFFFFFFFFFFFFFFFFF63
:201DA000FFFFFFFFFFFFFFFFFFFFFFFFFFFFFFFFFFFFFFFFFFFFFFFFFFFFFFFFFFFFFFFF43
:201DC000FFFFFFFFFFFFFFFFFFFFFFFFFFFFFFFFFFFFFFFFFFFFFFFFFFFFFFFFFFFFFFFF23
:201DE000FFFFFFFFFFFFFFFFFFFFFFFFFFFFFFFFFFFFFFFFFFFFFFFFFFFFFFFFFFFFFFFF03
:201E0000FFFFFFFFFFFFFFFFFFFFFFFFFFFFFFFFFFFFFFFFFFFFFFFFFFFFFFFFFFFFFFFFE2
:201E2000FFFFFFFFFFFFFFFFFFFFFFFFFFFFFFFFFFFFFFFFFFFFFFFFFFFFFFFFFFFFFFFFC2
:201E4000FFFFFFFFFFFFFFFFFFFFFFFFFFFFFFFFFFFFFFFFFFFFFFFFFFFFFFFFFFFFFFFFA2
:201E6000FFFFFFFFFFFFFFFFFFFFFFFFFFFFFFFFFFFFFFFFFFFFFFFFFFFFFFFFFFFFFFFF82
:201E8000FFFFFFFFFFFFFFFFFFFFFFFFFFFFFFFFFFFFFFFFFFFFFFFFFFFFFFFFFFFFFFFF62
:201EA000FFFFFFFFFFFFFFFFFFFFFFFFFFFFFFFFFFFFFFFFFFFFFFFFFFFFFFFFFFFFFFFF42
:201EC000FFFFFFFFFFFFFFFFFFFFFFFFFFFFFFFFFFFFFFFFFFFFFFFFFFFFFFFFFFFFFFFF22
:201EE000FFFFFFFFFFFFFFFFFFFFFFFFFFFFFFFFFFFFFFFFFFFFFFFFFFFFFFFFFFFFFFFF02
:201F0000FFFFFFFFFFFFFFFFFFFFFFFFFFFFFFFFFFFFFFFFFFFFFFFFFFFFFFFFFFFFFFFFE1
:201F2000FFFFFFFFFFFFFFFFFFFFFFFFFFFFFFFFFFFFFFFFFFFFFFFFFFFFFFFFFFFFFFFFC1
:201F4000FFFFFFFFFFFFFFFFFFFFFFFFFFFFFFFFFFFFFFFFFFFFFFFFFFFFFFFFFFFFFFFFA1
:201F6000FFFFFFFFFFFFFFFFFFFFFFFFFFFFFFFFFFFFFFFFFFFFFFFFFFFFFFFFFFFFFFFF81
:201F8000FFFFFFFFFFFFFFFFFFFFFFFFFFFFFFFFFFFFFFFFFFFFFFFFFFFFFFFFFFFFFFFF61
:201FA000FFFFFFFFFFFFFFFFFFFFFFFFFFFFFFFFFFFFFFFFFFFFFFFFFFFFFFFFFFFFFFFF41
:201FC000FFFFFFFFFFFFFFFFFFFFFFFFFFFFFFFFFFFFFFFFFFFFFFFFFFFFFFFFFFFFFFFF21
:201FE000FFFFFFFFFFFFFFFFFFFFFFFFFFFFFFFFFFFFFFFFFFFFFFFFFFFFFFFFFFFFFFFF01
:20200000FFFFFFFFFFFFFFFFFFFFFFFFFFFFFFFFFFFFFFFFFFFFFFFFFFFFFFFFFFFFFFFFE0
:20202000FFFFFFFFFFFFFFFFFFFFFFFFFFFFFFFFFFFFFFFFFFFFFFFFFFFFFFFFFFFFFFFFC0
:20204000FFFFFFFFFFFFFFFFFFFFFFFFFFFFFFFFFFFFFFFFFFFFFFFFFFFFFFFFFFFFFFFFA0
:20206000FFFFFFFFFFFFFFFFFFFFFFFFFFFFFFFFFFFFFFFFFFFFFFFFFFFFFFFFFFFFFFFF80
:20208000FFFFFFFFFFFFFFFFFFFFFFFFFFFFFFFFFFFFFFFFFFFFFFFFFFFFFFFFFFFFFFFF60
:2020A000FFFFFFFFFFFFFFFFFFFFFFFFFFFFFFFFFFFFFFFFFFFFFFFFFFFFFFFFFFFFFFFF40
:2020C000FFFFFFFFFFFFFFFFFFFFFFFFFFFFFFFFFFFFFFFFFFFFFFFFFFFFFFFFFFFFFFFF20
:2020E000FFFFFFFFFFFFFFFFFFFFFFFFFFFFFFFFFFFFFFFFFFFFFFFFFFFFFFFFFFFFFFFF00
:20210000FFFFFFFFFFFFFFFFFFFFFFFFFFFFFFFFFFFFFFFFFFFFFFFFFFFFFFFFFFFFFFFFDF
:20212000FFFFFFFFFFFFFFFFFFFFFFFFFFFFFFFFFFFFFFFFFFFFFFFFFFFFFFFFFFFFFFFFBF
:20214000FFFFFFFFFFFFFFFFFFFFFFFFFFFFFFFFFFFFFFFFFFFFFFFFFFFFFFFFFFFFFFFF9F
:20216000FFFFFFFFFFFFFFFFFFFFFFFFFFFFFFFFFFFFFFFFFFFFFFFFFFFFFFFFFFFFFFFF7F
:20218000FFFFFFFFFFFFFFFFFFFFFFFFFFFFFFFFFFFFFFFFFFFFFFFFFFFFFFFFFFFFFFFF5F
:2021A000FFFFFFFFFFFFFFFFFFFFFFFFFFFFFFFFFFFFFFFFFFFFFFFFFFFFFFFFFFFFFFFF3F
:2021C000FFFFFFFFFFFFFFFFFFFFFFFFFFFFFFFFFFFFFFFFFFFFFFFFFFFFFFFFFFFFFFFF1F
:2021E000FFFFFFFFFFFFFFFFFFFFFFFFFFFFFFFFFFFFFFFFFFFFFFFFFFFFFFFFFFFFFFFFFF
:20220000FFFFFFFFFFFFFFFFFFFFFFFFFFFFFFFFFFFFFFFFFFFFFFFFFFFFFFFFFFFFFFFFDE
:20222000FFFFFFFFFFFFFFFFFFFFFFFFFFFFFFFFFFFFFFFFFFFFFFFFFFFFFFFFFFFFFFFFBE
:20224000FFFFFFFFFFFFFFFFFFFFFFFFFFFFFFFFFFFFFFFFFFFFFFFFFFFFFFFFFFFFFFFF9E
:20226000FFFFFFFFFFFFFFFFFFFFFFFFFFFFFFFFFFFFFFFFFFFFFFFFFFFFFFFFFFFFFFFF7E
:20228000FFFFFFFFFFFFFFFFFFFFFFFFFFFFFFFFFFFFFFFFFFFFFFFFFFFFFFFFFFFFFFFF5E
:2022A000FFFFFFFFFFFFFFFFFFFFFFFFFFFFFFFFFFFFFFFFFFFFFFFFFFFFFFFFFFFFFFFF3E
:2022C000FFFFFFFFFFFFFFFFFFFFFFFFFFFFFFFFFFFFFFFFFFFFFFFFFFFFFFFFFFFFFFFF1E
:2022E000FFFFFFFFFFFFFFFFFFFFFFFFFFFFFFFFFFFFFFFFFFFFFFFFFFFFFFFFFFFFFFFFFE
:20230000FFFFFFFFFFFFFFFFFFFFFFFFFFFFFFFFFFFFFFFFFFFFFFFFFFFFFFFFFFFFFFFFDD
:20232000FFFFFFFFFFFFFFFFFFFFFFFFFFFFFFFFFFFFFFFFFFFFFFFFFFFFFFFFFFFFFFFFBD
:20234000FFFFFFFFFFFFFFFFFFFFFFFFFFFFFFFFFFFFFFFFFFFFFFFFFFFFFFFFFFFFFFFF9D
:20236000FFFFFFFFFFFFFFFFFFFFFFFFFFFFFFFFFFFFFFFFFFFFFFFFFFFFFFFFFFFFFFFF7D
:20238000FFFFFFFFFFFFFFFFFFFFFFFFFFFFFFFFFFFFFFFFFFFFFFFFFFFFFFFFFFFFFFFF5D
:2023A000FFFFFFFFFFFFFFFFFFFFFFFFFFFFFFFFFFFFFFFFFFFFFFFFFFFFFFFFFFFFFFFF3D
:2023C000FFFFFFFFFFFFFFFFFFFFFFFFFFFFFFFFFFFFFFFFFFFFFFFFFFFFFFFFFFFFFFFF1D
:2023E000FFFFFFFFFFFFFFFFFFFFFFFFFFFFFFFFFFFFFFFFFFFFFFFFFFFFFFFFFFFFFFFFFD
:20240000FFFFFFFFFFFFFFFFFFFFFFFFFFFFFFFFFFFFFFFFFFFFFFFFFFFFFFFFFFFFFFFFDC
:20242000FFFFFFFFFFFFFFFFFFFFFFFFFFFFFFFFFFFFFFFFFFFFFFFFFFFFFFFFFFFFFFFFBC
:20244000FFFFFFFFFFFFFFFFFFFFFFFFFFFFFFFFFFFFFFFFFFFFFFFFFFFFFFFFFFFFFFFF9C
:20246000FFFFFFFFFFFFFFFFFFFFFFFFFFFFFFFFFFFFFFFFFFFFFFFFFFFFFFFFFFFFFFFF7C
:20248000FFFFFFFFFFFFFFFFFFFFFFFFFFFFFFFFFFFFFFFFFFFFFFFFFFFFFFFFFFFFFFFF5C
:2024A000FFFFFFFFFFFFFFFFFFFFFFFFFFFFFFFFFFFFFFFFFFFFFFFFFFFFFFFFFFFFFFFF3C
:2024C000FFFFFFFFFFFFFFFFFFFFFFFFFFFFFFFFFFFFFFFFFFFFFFFFFFFFFFFFFFFFFFFF1C
:2024E000FFFFFFFFFFFFFFFFFFFFFFFFFFFFFFFFFFFFFFFFFFFFFFFFFFFFFFFFFFFFFFFFFC
:20250000FFFFFFFFFFFFFFFFFFFFFFFFFFFFFFFFFFFFFFFFFFFFFFFFFFFFFFFFFFFFFFFFDB
:20252000FFFFFFFFFFFFFFFFFFFFFFFFFFFFFFFFFFFFFFFFFFFFFFFFFFFFFFFFFFFFFFFFBB
:20254000FFFFFFFFFFFFFFFFFFFFFFFFFFFFFFFFFFFFFFFFFFFFFFFFFFFFFFFFFFFFFFFF9B
:20256000FFFFFFFFFFFFFFFFFFFFFFFFFFFFFFFFFFFFFFFFFFFFFFFFFFFFFFFFFFFFFFFF7B
:20258000FFFFFFFFFFFFFFFFFFFFFFFFFFFFFFFFFFFFFFFFFFFFFFFFFFFFFFFFFFFFFFFF5B
:2025A000FFFFFFFFFFFFFFFFFFFFFFFFFFFFFFFFFFFFFFFFFFFFFFFFFFFFFFFFFFFFFFFF3B
:2025C000FFFFFFFFFFFFFFFFFFFFFFFFFFFFFFFFFFFFFFFFFFFFFFFFFFFFFFFFFFFFFFFF1B
:2025E000FFFFFFFFFFFFFFFFFFFFFFFFFFFFFFFFFFFFFFFFFFFFFFFFFFFFFFFFFFFFFFFFFB
:20260000FFFFFFFFFFFFFFFFFFFFFFFFFFFFFFFFFFFFFFFFFFFFFFFFFFFFFFFFFFFFFFFFDA
:20262000FFFFFFFFFFFFFFFFFFFFFFFFFFFFFFFFFFFFFFFFFFFFFFFFFFFFFFFFFFFFFFFFBA
:20264000FFFFFFFFFFFFFFFFFFFFFFFFFFFFFFFFFFFFFFFFFFFFFFFFFFFFFFFFFFFFFFFF9A
:20266000FFFFFFFFFFFFFFFFFFFFFFFFFFFFFFFFFFFFFFFFFFFFFFFFFFFFFFFFFFFFFFFF7A
:20268000FFFFFFFFFFFFFFFFFFFFFFFFFFFFFFFFFFFFFFFFFFFFFFFFFFFFFFFFFFFFFFFF5A
:2026A000FFFFFFFFFFFFFFFFFFFFFFFFFFFFFFFFFFFFFFFFFFFFFFFFFFFFFFFFFFFFFFFF3A
:2026C000FFFFFFFFFFFFFFFFFFFFFFFFFFFFFFFFFFFFFFFFFFFFFFFFFFFFFFFFFFFFFFFF1A
:2026E000FFFFFFFFFFFFFFFFFFFFFFFFFFFFFFFFFFFFFFFFFFFFFFFFFFFFFFFFFFFFFFFFFA
:20270000FFFFFFFFFFFFFFFFFFFFFFFFFFFFFFFFFFFFFFFFFFFFFFFFFFFFFFFFFFFFFFFFD9
:20272000FFFFFFFFFFFFFFFFFFFFFFFFFFFFFFFFFFFFFFFFFFFFFFFFFFFFFFFFFFFFFFFFB9
:20274000FFFFFFFFFFFFFFFFFFFFFFFFFFFFFFFFFFFFFFFFFFFFFFFFFFFFFFFFFFFFFFFF99
:20276000FFFFFFFFFFFFFFFFFFFFFFFFFFFFFFFFFFFFFFFFFFFFFFFFFFFFFFFFFFFFFFFF79
:20278000FFFFFFFFFFFFFFFFFFFFFFFFFFFFFFFFFFFFFFFFFFFFFFFFFFFFFFFFFFFFFFFF59
:2027A000FFFFFFFFFFFFFFFFFFFFFFFFFFFFFFFFFFFFFFFFFFFFFFFFFFFFFFFFFFFFFFFF39
:2027C000FFFFFFFFFFFFFFFFFFFFFFFFFFFFFFFFFFFFFFFFFFFFFFFFFFFFFFFFFFFFFFFF19
:2027E000FFFFFFFFFFFFFFFFFFFFFFFFFFFFFFFFFFFFFFFFFFFFFFFFFFFFFFFFFFFFFFFFF9
:20280000FFFFFFFFFFFFFFFFFFFFFFFFFFFFFFFFFFFFFFFFFFFFFFFFFFFFFFFFFFFFFFFFD8
:20282000FFFFFFFFFFFFFFFFFFFFFFFFFFFFFFFFFFFFFFFFFFFFFFFFFFFFFFFFFFFFFFFFB8
:20284000FFFFFFFFFFFFFFFFFFFFFFFFFFFFFFFFFFFFFFFFFFFFFFFFFFFFFFFFFFFFFFFF98
:20286000FFFFFFFFFFFFFFFFFFFFFFFFFFFFFFFFFFFFFFFFFFFFFFFFFFFFFFFFFFFFFFFF78
:20288000FFFFFFFFFFFFFFFFFFFFFFFFFFFFFFFFFFFFFFFFFFFFFFFFFFFFFFFFFFFFFFFF58
:2028A000FFFFFFFFFFFFFFFFFFFFFFFFFFFFFFFFFFFFFFFFFFFFFFFFFFFFFFFFFFFFFFFF38
:2028C000FFFFFFFFFFFFFFFFFFFFFFFFFFFFFFFFFFFFFFFFFFFFFFFFFFFFFFFFFFFFFFFF18
:2028E000FFFFFFFFFFFFFFFFFFFFFFFFFFFFFFFFFFFFFFFFFFFFFFFFFFFFFFFFFFFFFFFFF8
:20290000FFFFFFFFFFFFFFFFFFFFFFFFFFFFFFFFFFFFFFFFFFFFFFFFFFFFFFFFFFFFFFFFD7
:20292000FFFFFFFFFFFFFFFFFFFFFFFFFFFFFFFFFFFFFFFFFFFFFFFFFFFFFFFFFFFFFFFFB7
:20294000FFFFFFFFFFFFFFFFFFFFFFFFFFFFFFFFFFFFFFFFFFFFFFFFFFFFFFFFFFFFFFFF97
:20296000FFFFFFFFFFFFFFFFFFFFFFFFFFFFFFFFFFFFFFFFFFFFFFFFFFFFFFFFFFFFFFFF77
:20298000FFFFFFFFFFFFFFFFFFFFFFFFFFFFFFFFFFFFFFFFFFFFFFFFFFFFFFFFFFFFFFFF57
:2029A000FFFFFFFFFFFFFFFFFFFFFFFFFFFFFFFFFFFFFFFFFFFFFFFFFFFFFFFFFFFFFFFF37
:2029C000FFFFFFFFFFFFFFFFFFFFFFFFFFFFFFFFFFFFFFFFFFFFFFFFFFFFFFFFFFFFFFFF17
:2029E000FFFFFFFFFFFFFFFFFFFFFFFFFFFFFFFFFFFFFFFFFFFFFFFFFFFFFFFFFFFFFFFFF7
:202A0000FFFFFFFFFFFFFFFFFFFFFFFFFFFFFFFFFFFFFFFFFFFFFFFFFFFFFFFFFFFFFFFFD6
:202A2000FFFFFFFFFFFFFFFFFFFFFFFFFFFFFFFFFFFFFFFFFFFFFFFFFFFFFFFFFFFFFFFFB6
:202A4000FFFFFFFFFFFFFFFFFFFFFFFFFFFFFFFFFFFFFFFFFFFFFFFFFFFFFFFFFFFFFFFF96
:202A6000FFFFFFFFFFFFFFFFFFFFFFFFFFFFFFFFFFFFFFFFFFFFFFFFFFFFFFFFFFFFFFFF76
:202A8000FFFFFFFFFFFFFFFFFFFFFFFFFFFFFFFFFFFFFFFFFFFFFFFFFFFFFFFFFFFFFFFF56
:202AA000FFFFFFFFFFFFFFFFFFFFFFFFFFFFFFFFFFFFFFFFFFFFFFFFFFFFFFFFFFFFFFFF36
:202AC000FFFFFFFFFFFFFFFFFFFFFFFFFFFFFFFFFFFFFFFFFFFFFFFFFFFFFFFFFFFFFFFF16
:202AE000FFFFFFFFFFFFFFFFFFFFFFFFFFFFFFFFFFFFFFFFFFFFFFFFFFFFFFFFFFFFFFFFF6
:202B0000FFFFFFFFFFFFFFFFFFFFFFFFFFFFFFFFFFFFFFFFFFFFFFFFFFFFFFFFFFFFFFFFD5
:202B2000FFFFFFFFFFFFFFFFFFFFFFFFFFFFFFFFFFFFFFFFFFFFFFFFFFFFFFFFFFFFFFFFB5
:202B4000FFFFFFFFFFFFFFFFFFFFFFFFFFFFFFFFFFFFFFFFFFFFFFFFFFFFFFFFFFFFFFFF95
:202B6000FFFFFFFFFFFFFFFFFFFFFFFFFFFFFFFFFFFFFFFFFFFFFFFFFFFFFFFFFFFFFFFF75
:202B8000FFFFFFFFFFFFFFFFFFFFFFFFFFFFFFFFFFFFFFFFFFFFFFFFFFFFFFFFFFFFFFFF55
:202BA000FFFFFFFFFFFFFFFFFFFFFFFFFFFFFFFFFFFFFFFFFFFFFFFFFFFFFFFFFFFFFFFF35
:202BC000FFFFFFFFFFFFFFFFFFFFFFFFFFFFFFFFFFFFFFFFFFFFFFFFFFFFFFFFFFFFFFFF15
:202BE000FFFFFFFFFFFFFFFFFFFFFFFFFFFFFFFFFFFFFFFFFFFFFFFFFFFFFFFFFFFFFFFFF5
:202C0000FFFFFFFFFFFFFFFFFFFFFFFFFFFFFFFFFFFFFFFFFFFFFFFFFFFFFFFFFFFFFFFFD4
:202C2000FFFFFFFFFFFFFFFFFFFFFFFFFFFFFFFFFFFFFFFFFFFFFFFFFFFFFFFFFFFFFFFFB4
:202C4000FFFFFFFFFFFFFFFFFFFFFFFFFFFFFFFFFFFFFFFFFFFFFFFFFFFFFFFFFFFFFFFF94
:202C6000FFFFFFFFFFFFFFFFFFFFFFFFFFFFFFFFFFFFFFFFFFFFFFFFFFFFFFFFFFFFFFFF74
:202C8000FFFFFFFFFFFFFFFFFFFFFFFFFFFFFFFFFFFFFFFFFFFFFFFFFFFFFFFFFFFFFFFF54
:202CA000FFFFFFFFFFFFFFFFFFFFFFFFFFFFFFFFFFFFFFFFFFFFFFFFFFFFFFFFFFFFFFFF34
:202CC000FFFFFFFFFFFFFFFFFFFFFFFFFFFFFFFFFFFFFFFFFFFFFFFFFFFFFFFFFFFFFFFF14
:202CE000FFFFFFFFFFFFFFFFFFFFFFFFFFFFFFFFFFFFFFFFFFFFFFFFFFFFFFFFFFFFFFFFF4
:202D0000FFFFFFFFFFFFFFFFFFFFFFFFFFFFFFFFFFFFFFFFFFFFFFFFFFFFFFFFFFFFFFFFD3
:202D2000FFFFFFFFFFFFFFFFFFFFFFFFFFFFFFFFFFFFFFFFFFFFFFFFFFFFFFFFFFFFFFFFB3
:202D4000FFFFFFFFFFFFFFFFFFFFFFFFFFFFFFFFFFFFFFFFFFFFFFFFFFFFFFFFFFFFFFFF93
:202D6000FFFFFFFFFFFFFFFFFFFFFFFFFFFFFFFFFFFFFFFFFFFFFFFFFFFFFFFFFFFFFFFF73
:202D8000FFFFFFFFFFFFFFFFFFFFFFFFFFFFFFFFFFFFFFFFFFFFFFFFFFFFFFFFFFFFFFFF53
:202DA000FFFFFFFFFFFFFFFFFFFFFFFFFFFFFFFFFFFFFFFFFFFFFFFFFFFFFFFFFFFFFFFF33
:202DC000FFFFFFFFFFFFFFFFFFFFFFFFFFFFFFFFFFFFFFFFFFFFFFFFFFFFFFFFFFFFFFFF13
:202DE000FFFFFFFFFFFFFFFFFFFFFFFFFFFFFFFFFFFFFFFFFFFFFFFFFFFFFFFFFFFFFFFFF3
:202E0000FFFFFFFFFFFFFFFFFFFFFFFFFFFFFFFFFFFFFFFFFFFFFFFFFFFFFFFFFFFFFFFFD2
:202E2000FFFFFFFFFFFFFFFFFFFFFFFFFFFFFFFFFFFFFFFFFFFFFFFFFFFFFFFFFFFFFFFFB2
:202E4000FFFFFFFFFFFFFFFFFFFFFFFFFFFFFFFFFFFFFFFFFFFFFFFFFFFFFFFFFFFFFFFF92
:202E6000FFFFFFFFFFFFFFFFFFFFFFFFFFFFFFFFFFFFFFFFFFFFFFFFFFFFFFFFFFFFFFFF72
:202E8000FFFFFFFFFFFFFFFFFFFFFFFFFFFFFFFFFFFFFFFFFFFFFFFFFFFFFFFFFFFFFFFF52
:202EA000FFFFFFFFFFFFFFFFFFFFFFFFFFFFFFFFFFFFFFFFFFFFFFFFFFFFFFFFFFFFFFFF32
:202EC000FFFFFFFFFFFFFFFFFFFFFFFFFFFFFFFFFFFFFFFFFFFFFFFFFFFFFFFFFFFFFFFF12
:202EE000FFFFFFFFFFFFFFFFFFFFFFFFFFFFFFFFFFFFFFFFFFFFFFFFFFFFFFFFFFFFFFFFF2
:202F0000FFFFFFFFFFFFFFFFFFFFFFFFFFFFFFFFFFFFFFFFFFFFFFFFFFFFFFFFFFFFFFFFD1
:202F2000FFFFFFFFFFFFFFFFFFFFFFFFFFFFFFFFFFFFFFFFFFFFFFFFFFFFFFFFFFFFFFFFB1
:202F4000FFFFFFFFFFFFFFFFFFFFFFFFFFFFFFFFFFFFFFFFFFFFFFFFFFFFFFFFFFFFFFFF91
:202F6000FFFFFFFFFFFFFFFFFFFFFFFFFFFFFFFFFFFFFFFFFFFFFFFFFFFFFFFFFFFFFFFF71
:202F8000FFFFFFFFFFFFFFFFFFFFFFFFFFFFFFFFFFFFFFFFFFFFFFFFFFFFFFFFFFFFFFFF51
:202FA000FFFFFFFFFFFFFFFFFFFFFFFFFFFFFFFFFFFFFFFFFFFFFFFFFFFFFFFFFFFFFFFF31
:202FC000FFFFFFFFFFFFFFFFFFFFFFFFFFFFFFFFFFFFFFFFFFFFFFFFFFFFFFFFFFFFFFFF11
:202FE000FFFFFFFFFFFFFFFFFFFFFFFFFFFFFFFFFFFFFFFFFFFFFFFFFFFFFFFFFFFFFFFFF1
:20300000FFFFFFFFFFFFFFFFFFFFFFFFFFFFFFFFFFFFFFFFFFFFFFFFFFFFFFFFFFFFFFFFD0
:20302000FFFFFFFFFFFFFFFFFFFFFFFFFFFFFFFFFFFFFFFFFFFFFFFFFFFFFFFFFFFFFFFFB0
:20304000FFFFFFFFFFFFFFFFFFFFFFFFFFFFFFFFFFFFFFFFFFFFFFFFFFFFFFFFFFFFFFFF90
:20306000FFFFFFFFFFFFFFFFFFFFFFFFFFFFFFFFFFFFFFFFFFFFFFFFFFFFFFFFFFFFFFFF70
:20308000FFFFFFFFFFFFFFFFFFFFFFFFFFFFFFFFFFFFFFFFFFFFFFFFFFFFFFFFFFFFFFFF50
:2030A000FFFFFFFFFFFFFFFFFFFFFFFFFFFFFFFFFFFFFFFFFFFFFFFFFFFFFFFFFFFFFFFF30
:2030C000FFFFFFFFFFFFFFFFFFFFFFFFFFFFFFFFFFFFFFFFFFFFFFFFFFFFFFFFFFFFFFFF10
:2030E000FFFFFFFFFFFFFFFFFFFFFFFFFFFFFFFFFFFFFFFFFFFFFFFFFFFFFFFFFFFFFFFFF0
:20310000FFFFFFFFFFFFFFFFFFFFFFFFFFFFFFFFFFFFFFFFFFFFFFFFFFFFFFFFFFFFFFFFCF
:20312000FFFFFFFFFFFFFFFFFFFFFFFFFFFFFFFFFFFFFFFFFFFFFFFFFFFFFFFFFFFFFFFFAF
:20314000FFFFFFFFFFFFFFFFFFFFFFFFFFFFFFFFFFFFFFFFFFFFFFFFFFFFFFFFFFFFFFFF8F
:20316000FFFFFFFFFFFFFFFFFFFFFFFFFFFFFFFFFFFFFFFFFFFFFFFFFFFFFFFFFFFFFFFF6F
:20318000FFFFFFFFFFFFFFFFFFFFFFFFFFFFFFFFFFFFFFFFFFFFFFFFFFFFFFFFFFFFFFFF4F
:2031A000FFFFFFFFFFFFFFFFFFFFFFFFFFFFFFFFFFFFFFFFFFFFFFFFFFFFFFFFFFFFFFFF2F
:2031C000FFFFFFFFFFFFFFFFFFFFFFFFFFFFFFFFFFFFFFFFFFFFFFFFFFFFFFFFFFFFFFFF0F
:2031E000FFFFFFFFFFFFFFFFFFFFFFFFFFFFFFFFFFFFFFFFFFFFFFFFFFFFFFFFFFFFFFFFEF
:20320000FFFFFFFFFFFFFFFFFFFFFFFFFFFFFFFFFFFFFFFFFFFFFFFFFFFFFFFFFFFFFFFFCE
:20322000FFFFFFFFFFFFFFFFFFFFFFFFFFFFFFFFFFFFFFFFFFFFFFFFFFFFFFFFFFFFFFFFAE
:20324000FFFFFFFFFFFFFFFFFFFFFFFFFFFFFFFFFFFFFFFFFFFFFFFFFFFFFFFFFFFFFFFF8E
:20326000FFFFFFFFFFFFFFFFFFFFFFFFFFFFFFFFFFFFFFFFFFFFFFFFFFFFFFFFFFFFFFFF6E
:20328000FFFFFFFFFFFFFFFFFFFFFFFFFFFFFFFFFFFFFFFFFFFFFFFFFFFFFFFFFFFFFFFF4E
:2032A000FFFFFFFFFFFFFFFFFFFFFFFFFFFFFFFFFFFFFFFFFFFFFFFFFFFFFFFFFFFFFFFF2E
:2032C000FFFFFFFFFFFFFFFFFFFFFFFFFFFFFFFFFFFFFFFFFFFFFFFFFFFFFFFFFFFFFFFF0E
:2032E000FFFFFFFFFFFFFFFFFFFFFFFFFFFFFFFFFFFFFFFFFFFFFFFFFFFFFFFFFFFFFFFFEE
:20330000FFFFFFFFFFFFFFFFFFFFFFFFFFFFFFFFFFFFFFFFFFFFFFFFFFFFFFFFFFFFFFFFCD
:20332000FFFFFFFFFFFFFFFFFFFFFFFFFFFFFFFFFFFFFFFFFFFFFFFFFFFFFFFFFFFFFFFFAD
:20334000FFFFFFFFFFFFFFFFFFFFFFFFFFFFFFFFFFFFFFFFFFFFFFFFFFFFFFFFFFFFFFFF8D
:20336000FFFFFFFFFFFFFFFFFFFFFFFFFFFFFFFFFFFFFFFFFFFFFFFFFFFFFFFFFFFFFFFF6D
:20338000FFFFFFFFFFFFFFFFFFFFFFFFFFFFFFFFFFFFFFFFFFFFFFFFFFFFFFFFFFFFFFFF4D
:2033A000FFFFFFFFFFFFFFFFFFFFFFFFFFFFFFFFFFFFFFFFFFFFFFFFFFFFFFFFFFFFFFFF2D
:2033C000FFFFFFFFFFFFFFFFFFFFFFFFFFFFFFFFFFFFFFFFFFFFFFFFFFFFFFFFFFFFFFFF0D
:2033E000FFFFFFFFFFFFFFFFFFFFFFFFFFFFFFFFFFFFFFFFFFFFFFFFFFFFFFFFFFFFFFFFED
:20340000FFFFFFFFFFFFFFFFFFFFFFFFFFFFFFFFFFFFFFFFFFFFFFFFFFFFFFFFFFFFFFFFCC
:20342000FFFFFFFFFFFFFFFFFFFFFFFFFFFFFFFFFFFFFFFFFFFFFFFFFFFFFFFFFFFFFFFFAC
:20344000FFFFFFFFFFFFFFFFFFFFFFFFFFFFFFFFFFFFFFFFFFFFFFFFFFFFFFFFFFFFFFFF8C
:20346000FFFFFFFFFFFFFFFFFFFFFFFFFFFFFFFFFFFFFFFFFFFFFFFFFFFFFFFFFFFFFFFF6C
:20348000FFFFFFFFFFFFFFFFFFFFFFFFFFFFFFFFFFFFFFFFFFFFFFFFFFFFFFFFFFFFFFFF4C
:2034A000FFFFFFFFFFFFFFFFFFFFFFFFFFFFFFFFFFFFFFFFFFFFFFFFFFFFFFFFFFFFFFFF2C
:2034C000FFFFFFFFFFFFFFFFFFFFFFFFFFFFFFFFFFFFFFFFFFFFFFFFFFFFFFFFFFFFFFFF0C
:2034E000FFFFFFFFFFFFFFFFFFFFFFFFFFFFFFFFFFFFFFFFFFFFFFFFFFFFFFFFFFFFFFFFEC
:20350000FFFFFFFFFFFFFFFFFFFFFFFFFFFFFFFFFFFFFFFFFFFFFFFFFFFFFFFFFFFFFFFFCB
:20352000FFFFFFFFFFFFFFFFFFFFFFFFFFFFFFFFFFFFFFFFFFFFFFFFFFFFFFFFFFFFFFFFAB
:20354000FFFFFFFFFFFFFFFFFFFFFFFFFFFFFFFFFFFFFFFFFFFFFFFFFFFFFFFFFFFFFFFF8B
:20356000FFFFFFFFFFFFFFFFFFFFFFFFFFFFFFFFFFFFFFFFFFFFFFFFFFFFFFFFFFFFFFFF6B
:20358000FFFFFFFFFFFFFFFFFFFFFFFFFFFFFFFFFFFFFFFFFFFFFFFFFFFFFFFFFFFFFFFF4B
:2035A000FFFFFFFFFFFFFFFFFFFFFFFFFFFFFFFFFFFFFFFFFFFFFFFFFFFFFFFFFFFFFFFF2B
:2035C000FFFFFFFFFFFFFFFFFFFFFFFFFFFFFFFFFFFFFFFFFFFFFFFFFFFFFFFFFFFFFFFF0B
:2035E000FFFFFFFFFFFFFFFFFFFFFFFFFFFFFFFFFFFFFFFFFFFFFFFFFFFFFFFFFFFFFFFFEB
:20360000FFFFFFFFFFFFFFFFFFFFFFFFFFFFFFFFFFFFFFFFFFFFFFFFFFFFFFFFFFFFFFFFCA
:20362000FFFFFFFFFFFFFFFFFFFFFFFFFFFFFFFFFFFFFFFFFFFFFFFFFFFFFFFFFFFFFFFFAA
:20364000FFFFFFFFFFFFFFFFFFFFFFFFFFFFFFFFFFFFFFFFFFFFFFFFFFFFFFFFFFFFFFFF8A
:20366000FFFFFFFFFFFFFFFFFFFFFFFFFFFFFFFFFFFFFFFFFFFFFFFFFFFFFFFFFFFFFFFF6A
:20368000FFFFFFFFFFFFFFFFFFFFFFFFFFFFFFFFFFFFFFFFFFFFFFFFFFFFFFFFFFFFFFFF4A
:2036A000FFFFFFFFFFFFFFFFFFFFFFFFFFFFFFFFFFFFFFFFFFFFFFFFFFFFFFFFFFFFFFFF2A
:2036C000FFFFFFFFFFFFFFFFFFFFFFFFFFFFFFFFFFFFFFFFFFFFFFFFFFFFFFFFFFFFFFFF0A
:2036E000FFFFFFFFFFFFFFFFFFFFFFFFFFFFFFFFFFFFFFFFFFFFFFFFFFFFFFFFFFFFFFFFEA
:20370000FFFFFFFFFFFFFFFFFFFFFFFFFFFFFFFFFFFFFFFFFFFFFFFFFFFFFFFFFFFFFFFFC9
:20372000FFFFFFFFFFFFFFFFFFFFFFFFFFFFFFFFFFFFFFFFFFFFFFFFFFFFFFFFFFFFFFFFA9
:20374000FFFFFFFFFFFFFFFFFFFFFFFFFFFFFFFFFFFFFFFFFFFFFFFFFFFFFFFFFFFFFFFF89
:20376000FFFFFFFFFFFFFFFFFFFFFFFFFFFFFFFFFFFFFFFFFFFFFFFFFFFFFFFFFFFFFFFF69
:20378000FFFFFFFFFFFFFFFFFFFFFFFFFFFFFFFFFFFFFFFFFFFFFFFFFFFFFFFFFFFFFFFF49
:2037A000FFFFFFFFFFFFFFFFFFFFFFFFFFFFFFFFFFFFFFFFFFFFFFFFFFFFFFFFFFFFFFFF29
:2037C000FFFFFFFFFFFFFFFFFFFFFFFFFFFFFFFFFFFFFFFFFFFFFFFFFFFFFFFFFFFFFFFF09
:2037E000FFFFFFFFFFFFFFFFFFFFFFFFFFFFFFFFFFFFFFFFFFFFFFFFFFFFFFFFFFFFFFFFE9
:20380000FFFFFFFFFFFFFFFFFFFFFFFFFFFFFFFFFFFFFFFFFFFFFFFFFFFFFFFFFFFFFFFFC8
:20382000FFFFFFFFFFFFFFFFFFFFFFFFFFFFFFFFFFFFFFFFFFFFFFFFFFFFFFFFFFFFFFFFA8
:20384000FFFFFFFFFFFFFFFFFFFFFFFFFFFFFFFFFFFFFFFFFFFFFFFFFFFFFFFFFFFFFFFF88
:20386000FFFFFFFFFFFFFFFFFFFFFFFFFFFFFFFFFFFFFFFFFFFFFFFFFFFFFFFFFFFFFFFF68
:20388000FFFFFFFFFFFFFFFFFFFFFFFFFFFFFFFFFFFFFFFFFFFFFFFFFFFFFFFFFFFFFFFF48
:2038A000FFFFFFFFFFFFFFFFFFFFFFFFFFFFFFFFFFFFFFFFFFFFFFFFFFFFFFFFFFFFFFFF28
:2038C000FFFFFFFFFFFFFFFFFFFFFFFFFFFFFFFFFFFFFFFFFFFFFFFFFFFFFFFFFFFFFFFF08
:2038E000FFFFFFFFFFFFFFFFFFFFFFFFFFFFFFFFFFFFFFFFFFFFFFFFFFFFFFFFFFFFFFFFE8
:20390000FFFFFFFFFFFFFFFFFFFFFFFFFFFFFFFFFFFFFFFFFFFFFFFFFFFFFFFFFFFFFFFFC7
:20392000FFFFFFFFFFFFFFFFFFFFFFFFFFFFFFFFFFFFFFFFFFFFFFFFFFFFFFFFFFFFFFFFA7
:20394000FFFFFFFFFFFFFFFFFFFFFFFFFFFFFFFFFFFFFFFFFFFFFFFFFFFFFFFFFFFFFFFF87
:20396000FFFFFFFFFFFFFFFFFFFFFFFFFFFFFFFFFFFFFFFFFFFFFFFFFFFFFFFFFFFFFFFF67
:20398000FFFFFFFFFFFFFFFFFFFFFFFFFFFFFFFFFFFFFFFFFFFFFFFFFFFFFFFFFFFFFFFF47
:2039A000FFFFFFFFFFFFFFFFFFFFFFFFFFFFFFFFFFFFFFFFFFFFFFFFFFFFFFFFFFFFFFFF27
:2039C000FFFFFFFFFFFFFFFFFFFFFFFFFFFFFFFFFFFFFFFFFFFFFFFFFFFFFFFFFFFFFFFF07
:2039E000FFFFFFFFFFFFFFFFFFFFFFFFFFFFFFFFFFFFFFFFFFFFFFFFFFFFFFFFFFFFFFFFE7
:203A0000FFFFFFFFFFFFFFFFFFFFFFFFFFFFFFFFFFFFFFFFFFFFFFFFFFFFFFFFFFFFFFFFC6
:203A2000FFFFFFFFFFFFFFFFFFFFFFFFFFFFFFFFFFFFFFFFFFFFFFFFFFFFFFFFFFFFFFFFA6
:203A4000FFFFFFFFFFFFFFFFFFFFFFFFFFFFFFFFFFFFFFFFFFFFFFFFFFFFFFFFFFFFFFFF86
:203A6000FFFFFFFFFFFFFFFFFFFFFFFFFFFFFFFFFFFFFFFFFFFFFFFFFFFFFFFFFFFFFFFF66
:203A8000FFFFFFFFFFFFFFFFFFFFFFFFFFFFFFFFFFFFFFFFFFFFFFFFFFFFFFFFFFFFFFFF46
:203AA000FFFFFFFFFFFFFFFFFFFFFFFFFFFFFFFFFFFFFFFFFFFFFFFFFFFFFFFFFFFFFFFF26
:203AC000FFFFFFFFFFFFFFFFFFFFFFFFFFFFFFFFFFFFFFFFFFFFFFFFFFFFFFFFFFFFFFFF06
:203AE000FFFFFFFFFFFFFFFFFFFFFFFFFFFFFFFFFFFFFFFFFFFFFFFFFFFFFFFFFFFFFFFFE6
:203B0000FFFFFFFFFFFFFFFFFFFFFFFFFFFFFFFFFFFFFFFFFFFFFFFFFFFFFFFFFFFFFFFFC5
:203B2000FFFFFFFFFFFFFFFFFFFFFFFFFFFFFFFFFFFFFFFFFFFFFFFFFFFFFFFFFFFFFFFFA5
:203B4000FFFFFFFFFFFFFFFFFFFFFFFFFFFFFFFFFFFFFFFFFFFFFFFFFFFFFFFFFFFFFFFF85
:203B6000FFFFFFFFFFFFFFFFFFFFFFFFFFFFFFFFFFFFFFFFFFFFFFFFFFFFFFFFFFFFFFFF65
:203B8000FFFFFFFFFFFFFFFFFFFFFFFFFFFFFFFFFFFFFFFFFFFFFFFFFFFFFFFFFFFFFFFF45
:203BA000FFFFFFFFFFFFFFFFFFFFFFFFFFFFFFFFFFFFFFFFFFFFFFFFFFFFFFFFFFFFFFFF25
:203BC000FFFFFFFFFFFFFFFFFFFFFFFFFFFFFFFFFFFFFFFFFFFFFFFFFFFFFFFFFFFFFFFF05
:203BE000FFFFFFFFFFFFFFFFFFFFFFFFFFFFFFFFFFFFFFFFFFFFFFFFFFFFFFFFFFFFFFFFE5
:203C0000FFFFFFFFFFFFFFFFFFFFFFFFFFFFFFFFFFFFFFFFFFFFFFFFFFFFFFFFFFFFFFFFC4
:203C2000FFFFFFFFFFFFFFFFFFFFFFFFFFFFFFFFFFFFFFFFFFFFFFFFFFFFFFFFFFFFFFFFA4
:203C4000FFFFFFFFFFFFFFFFFFFFFFFFFFFFFFFFFFFFFFFFFFFFFFFFFFFFFFFFFFFFFFFF84
:203C6000FFFFFFFFFFFFFFFFFFFFFFFFFFFFFFFFFFFFFFFFFFFFFFFFFFFFFFFFFFFFFFFF64
:203C8000FFFFFFFFFFFFFFFFFFFFFFFFFFFFFFFFFFFFFFFFFFFFFFFFFFFFFFFFFFFFFFFF44
:203CA000FFFFFFFFFFFFFFFFFFFFFFFFFFFFFFFFFFFFFFFFFFFFFFFFFFFFFFFFFFFFFFFF24
:203CC000FFFFFFFFFFFFFFFFFFFFFFFFFFFFFFFFFFFFFFFFFFFFFFFFFFFFFFFFFFFFFFFF04
:203CE000FFFFFFFFFFFFFFFFFFFFFFFFFFFFFFFFFFFFFFFFFFFFFFFFFFFFFFFFFFFFFFFFE4
:203D0000FFFFFFFFFFFFFFFFFFFFFFFFFFFFFFFFFFFFFFFFFFFFFFFFFFFFFFFFFFFFFFFFC3
:203D2000FFFFFFFFFFFFFFFFFFFFFFFFFFFFFFFFFFFFFFFFFFFFFFFFFFFFFFFFFFFFFFFFA3
:203D4000FFFFFFFFFFFFFFFFFFFFFFFFFFFFFFFFFFFFFFFFFFFFFFFFFFFFFFFFFFFFFFFF83
:203D6000FFFFFFFFFFFFFFFFFFFFFFFFFFFFFFFFFFFFFFFFFFFFFFFFFFFFFFFFFFFFFFFF63
:203D8000FFFFFFFFFFFFFFFFFFFFFFFFFFFFFFFFFFFFFFFFFFFFFFFFFFFFFFFFFFFFFFFF43
:203DA000FFFFFFFFFFFFFFFFFFFFFFFFFFFFFFFFFFFFFFFFFFFFFFFFFFFFFFFFFFFFFFFF23
:203DC000FFFFFFFFFFFFFFFFFFFFFFFFFFFFFFFFFFFFFFFFFFFFFFFFFFFFFFFFFFFFFFFF03
:203DE000FFFFFFFFFFFFFFFFFFFFFFFFFFFFFFFFFFFFFFFFFFFFFFFFFFFFFFFFFFFFFFFFE3
:203E0000FFFFFFFFFFFFFFFFFFFFFFFFFFFFFFFFFFFFFFFFFFFFFFFFFFFFFFFFFFFFFFFFC2
:203E2000FFFFFFFFFFFFFFFFFFFFFFFFFFFFFFFFFFFFFFFFFFFFFFFFFFFFFFFFFFFFFFFFA2
:203E4000FFFFFFFFFFFFFFFFFFFFFFFFFFFFFFFFFFFFFFFFFFFFFFFFFFFFFFFFFFFFFFFF82
:203E6000FFFFFFFFFFFFFFFFFFFFFFFFFFFFFFFFFFFFFFFFFFFFFFFFFFFFFFFFFFFFFFFF62
:203E8000FFFFFFFFFFFFFFFFFFFFFFFFFFFFFFFFFFFFFFFFFFFFFFFFFFFFFFFFFFFFFFFF42
:203EA000FFFFFFFFFFFFFFFFFFFFFFFFFFFFFFFFFFFFFFFFFFFFFFFFFFFFFFFFFFFFFFFF22
:203EC000FFFFFFFFFFFFFFFFFFFFFFFFFFFFFFFFFFFFFFFFFFFFFFFFFFFFFFFFFFFFFFFF02
:203EE000FFFFFFFFFFFFFFFFFFFFFFFFFFFFFFFFFFFFFFFFFFFFFFFFFFFFFFFFFFFFFFFFE2
:203F0000FFFFFFFFFFFFFFFFFFFFFFFFFFFFFFFFFFFFFFFFFFFFFFFFFFFFFFFFFFFFFFFFC1
:203F2000FFFFFFFFFFFFFFFFFFFFFFFFFFFFFFFFFFFFFFFFFFFFFFFFFFFFFFFFFFFFFFFFA1
:203F4000FFFFFFFFFFFFFFFFFFFFFFFFFFFFFFFFFFFFFFFFFFFFFFFFFFFFFFFFFFFFFFFF81
:203F6000FFFFFFFFFFFFFFFFFFFFFFFFFFFFFFFFFFFFFFFFFFFFFFFFFFFFFFFFFFFFFFFF61
:203F8000FFFFFFFFFFFFFFFFFFFFFFFFFFFFFFFFFFFFFFFFFFFFFFFFFFFFFFFFFFFFFFFF41
:203FA000FFFFFFFFFFFFFFFFFFFFFFFFFFFFFFFFFFFFFFFFFFFFFFFFFFFFFFFFFFFFFFFF21
:203FC000FFFFFFFFFFFFFFFFFFFFFFFFFFFFFFFFFFFFFFFFFFFFFFFFFFFFFFFFFFFFFFFF01
:203FE000FFFFFFFFFFFFFFFFFFFFFFFFFFFFFFFFFFFFFFFFFFFFFFFFFFFFFFFFFFFFFFFFE1
:20400000FFFFFFFFFFFFFFFFFFFFFFFFFFFFFFFFFFFFFFFFFFFFFFFFFFFFFFFFFFFFFFFFC0
:20402000FFFFFFFFFFFFFFFFFFFFFFFFFFFFFFFFFFFFFFFFFFFFFFFFFFFFFFFFFFFFFFFFA0
:20404000FFFFFFFFFFFFFFFFFFFFFFFFFFFFFFFFFFFFFFFFFFFFFFFFFFFFFFFFFFFFFFFF80
:20406000FFFFFFFFFFFFFFFFFFFFFFFFFFFFFFFFFFFFFFFFFFFFFFFFFFFFFFFFFFFFFFFF60
:20408000FFFFFFFFFFFFFFFFFFFFFFFFFFFFFFFFFFFFFFFFFFFFFFFFFFFFFFFFFFFFFFFF40
:2040A000FFFFFFFFFFFFFFFFFFFFFFFFFFFFFFFFFFFFFFFFFFFFFFFFFFFFFFFFFFFFFFFF20
:2040C000FFFFFFFFFFFFFFFFFFFFFFFFFFFFFFFFFFFFFFFFFFFFFFFFFFFFFFFFFFFFFFFF00
:2040E000FFFFFFFFFFFFFFFFFFFFFFFFFFFFFFFFFFFFFFFFFFFFFFFFFFFFFFFFFFFFFFFFE0
:20410000FFFFFFFFFFFFFFFFFFFFFFFFFFFFFFFFFFFFFFFFFFFFFFFFFFFFFFFFFFFFFFFFBF
:20412000FFFFFFFFFFFFFFFFFFFFFFFFFFFFFFFFFFFFFFFFFFFFFFFFFFFFFFFFFFFFFFFF9F
:20414000FFFFFFFFFFFFFFFFFFFFFFFFFFFFFFFFFFFFFFFFFFFFFFFFFFFFFFFFFFFFFFFF7F
:20416000FFFFFFFFFFFFFFFFFFFFFFFFFFFFFFFFFFFFFFFFFFFFFFFFFFFFFFFFFFFFFFFF5F
:20418000FFFFFFFFFFFFFFFFFFFFFFFFFFFFFFFFFFFFFFFFFFFFFFFFFFFFFFFFFFFFFFFF3F
:2041A000FFFFFFFFFFFFFFFFFFFFFFFFFFFFFFFFFFFFFFFFFFFFFFFFFFFFFFFFFFFFFFFF1F
:2041C000FFFFFFFFFFFFFFFFFFFFFFFFFFFFFFFFFFFFFFFFFFFFFFFFFFFFFFFFFFFFFFFFFF
:2041E000FFFFFFFFFFFFFFFFFFFFFFFFFFFFFFFFFFFFFFFFFFFFFFFFFFFFFFFFFFFFFFFFDF
:20420000FFFFFFFFFFFFFFFFFFFFFFFFFFFFFFFFFFFFFFFFFFFFFFFFFFFFFFFFFFFFFFFFBE
:20422000FFFFFFFFFFFFFFFFFFFFFFFFFFFFFFFFFFFFFFFFFFFFFFFFFFFFFFFFFFFFFFFF9E
:20424000FFFFFFFFFFFFFFFFFFFFFFFFFFFFFFFFFFFFFFFFFFFFFFFFFFFFFFFFFFFFFFFF7E
:20426000FFFFFFFFFFFFFFFFFFFFFFFFFFFFFFFFFFFFFFFFFFFFFFFFFFFFFFFFFFFFFFFF5E
:20428000FFFFFFFFFFFFFFFFFFFFFFFFFFFFFFFFFFFFFFFFFFFFFFFFFFFFFFFFFFFFFFFF3E
:2042A000FFFFFFFFFFFFFFFFFFFFFFFFFFFFFFFFFFFFFFFFFFFFFFFFFFFFFFFFFFFFFFFF1E
:2042C000FFFFFFFFFFFFFFFFFFFFFFFFFFFFFFFFFFFFFFFFFFFFFFFFFFFFFFFFFFFFFFFFFE
:2042E000FFFFFFFFFFFFFFFFFFFFFFFFFFFFFFFFFFFFFFFFFFFFFFFFFFFFFFFFFFFFFFFFDE
:20430000FFFFFFFFFFFFFFFFFFFFFFFFFFFFFFFFFFFFFFFFFFFFFFFFFFFFFFFFFFFFFFFFBD
:20432000FFFFFFFFFFFFFFFFFFFFFFFFFFFFFFFFFFFFFFFFFFFFFFFFFFFFFFFFFFFFFFFF9D
:20434000FFFFFFFFFFFFFFFFFFFFFFFFFFFFFFFFFFFFFFFFFFFFFFFFFFFFFFFFFFFFFFFF7D
:20436000FFFFFFFFFFFFFFFFFFFFFFFFFFFFFFFFFFFFFFFFFFFFFFFFFFFFFFFFFFFFFFFF5D
:20438000FFFFFFFFFFFFFFFFFFFFFFFFFFFFFFFFFFFFFFFFFFFFFFFFFFFFFFFFFFFFFFFF3D
:2043A000FFFFFFFFFFFFFFFFFFFFFFFFFFFFFFFFFFFFFFFFFFFFFFFFFFFFFFFFFFFFFFFF1D
:2043C000FFFFFFFFFFFFFFFFFFFFFFFFFFFFFFFFFFFFFFFFFFFFFFFFFFFFFFFFFFFFFFFFFD
:2043E000FFFFFFFFFFFFFFFFFFFFFFFFFFFFFFFFFFFFFFFFFFFFFFFFFFFFFFFFFFFFFFFFDD
:20440000FFFFFFFFFFFFFFFFFFFFFFFFFFFFFFFFFFFFFFFFFFFFFFFFFFFFFFFFFFFFFFFFBC
:20442000FFFFFFFFFFFFFFFFFFFFFFFFFFFFFFFFFFFFFFFFFFFFFFFFFFFFFFFFFFFFFFFF9C
:20444000FFFFFFFFFFFFFFFFFFFFFFFFFFFFFFFFFFFFFFFFFFFFFFFFFFFFFFFFFFFFFFFF7C
:20446000FFFFFFFFFFFFFFFFFFFFFFFFFFFFFFFFFFFFFFFFFFFFFFFFFFFFFFFFFFFFFFFF5C
:20448000FFFFFFFFFFFFFFFFFFFFFFFFFFFFFFFFFFFFFFFFFFFFFFFFFFFFFFFFFFFFFFFF3C
:2044A000FFFFFFFFFFFFFFFFFFFFFFFFFFFFFFFFFFFFFFFFFFFFFFFFFFFFFFFFFFFFFFFF1C
:2044C000FFFFFFFFFFFFFFFFFFFFFFFFFFFFFFFFFFFFFFFFFFFFFFFFFFFFFFFFFFFFFFFFFC
:2044E000FFFFFFFFFFFFFFFFFFFFFFFFFFFFFFFFFFFFFFFFFFFFFFFFFFFFFFFFFFFFFFFFDC
:20450000FFFFFFFFFFFFFFFFFFFFFFFFFFFFFFFFFFFFFFFFFFFFFFFFFFFFFFFFFFFFFFFFBB
:20452000FFFFFFFFFFFFFFFFFFFFFFFFFFFFFFFFFFFFFFFFFFFFFFFFFFFFFFFFFFFFFFFF9B
:20454000FFFFFFFFFFFFFFFFFFFFFFFFFFFFFFFFFFFFFFFFFFFFFFFFFFFFFFFFFFFFFFFF7B
:20456000FFFFFFFFFFFFFFFFFFFFFFFFFFFFFFFFFFFFFFFFFFFFFFFFFFFFFFFFFFFFFFFF5B
:20458000FFFFFFFFFFFFFFFFFFFFFFFFFFFFFFFFFFFFFFFFFFFFFFFFFFFFFFFFFFFFFFFF3B
:2045A000FFFFFFFFFFFFFFFFFFFFFFFFFFFFFFFFFFFFFFFFFFFFFFFFFFFFFFFFFFFFFFFF1B
:2045C000FFFFFFFFFFFFFFFFFFFFFFFFFFFFFFFFFFFFFFFFFFFFFFFFFFFFFFFFFFFFFFFFFB
:2045E000FFFFFFFFFFFFFFFFFFFFFFFFFFFFFFFFFFFFFFFFFFFFFFFFFFFFFFFFFFFFFFFFDB
:20460000FFFFFFFFFFFFFFFFFFFFFFFFFFFFFFFFFFFFFFFFFFFFFFFFFFFFFFFFFFFFFFFFBA
:20462000FFFFFFFFFFFFFFFFFFFFFFFFFFFFFFFFFFFFFFFFFFFFFFFFFFFFFFFFFFFFFFFF9A
:20464000FFFFFFFFFFFFFFFFFFFFFFFFFFFFFFFFFFFFFFFFFFFFFFFFFFFFFFFFFFFFFFFF7A
:20466000FFFFFFFFFFFFFFFFFFFFFFFFFFFFFFFFFFFFFFFFFFFFFFFFFFFFFFFFFFFFFFFF5A
:20468000FFFFFFFFFFFFFFFFFFFFFFFFFFFFFFFFFFFFFFFFFFFFFFFFFFFFFFFFFFFFFFFF3A
:2046A000FFFFFFFFFFFFFFFFFFFFFFFFFFFFFFFFFFFFFFFFFFFFFFFFFFFFFFFFFFFFFFFF1A
:2046C000FFFFFFFFFFFFFFFFFFFFFFFFFFFFFFFFFFFFFFFFFFFFFFFFFFFFFFFFFFFFFFFFFA
:2046E000FFFFFFFFFFFFFFFFFFFFFFFFFFFFFFFFFFFFFFFFFFFFFFFFFFFFFFFFFFFFFFFFDA
:20470000FFFFFFFFFFFFFFFFFFFFFFFFFFFFFFFFFFFFFFFFFFFFFFFFFFFFFFFFFFFFFFFFB9
:20472000FFFFFFFFFFFFFFFFFFFFFFFFFFFFFFFFFFFFFFFFFFFFFFFFFFFFFFFFFFFFFFFF99
:20474000FFFFFFFFFFFFFFFFFFFFFFFFFFFFFFFFFFFFFFFFFFFFFFFFFFFFFFFFFFFFFFFF79
:20476000FFFFFFFFFFFFFFFFFFFFFFFFFFFFFFFFFFFFFFFFFFFFFFFFFFFFFFFFFFFFFFFF59
:20478000FFFFFFFFFFFFFFFFFFFFFFFFFFFFFFFFFFFFFFFFFFFFFFFFFFFFFFFFFFFFFFFF39
:2047A000FFFFFFFFFFFFFFFFFFFFFFFFFFFFFFFFFFFFFFFFFFFFFFFFFFFFFFFFFFFFFFFF19
:2047C000FFFFFFFFFFFFFFFFFFFFFFFFFFFFFFFFFFFFFFFFFFFFFFFFFFFFFFFFFFFFFFFFF9
:2047E000FFFFFFFFFFFFFFFFFFFFFFFFFFFFFFFFFFFFFFFFFFFFFFFFFFFFFFFFFFFFFFFFD9
:20480000FFFFFFFFFFFFFFFFFFFFFFFFFFFFFFFFFFFFFFFFFFFFFFFFFFFFFFFFFFFFFFFFB8
:20482000FFFFFFFFFFFFFFFFFFFFFFFFFFFFFFFFFFFFFFFFFFFFFFFFFFFFFFFFFFFFFFFF98
:20484000FFFFFFFFFFFFFFFFFFFFFFFFFFFFFFFFFFFFFFFFFFFFFFFFFFFFFFFFFFFFFFFF78
:20486000FFFFFFFFFFFFFFFFFFFFFFFFFFFFFFFFFFFFFFFFFFFFFFFFFFFFFFFFFFFFFFFF58
:20488000FFFFFFFFFFFFFFFFFFFFFFFFFFFFFFFFFFFFFFFFFFFFFFFFFFFFFFFFFFFFFFFF38
:2048A000FFFFFFFFFFFFFFFFFFFFFFFFFFFFFFFFFFFFFFFFFFFFFFFFFFFFFFFFFFFFFFFF18
:2048C000FFFFFFFFFFFFFFFFFFFFFFFFFFFFFFFFFFFFFFFFFFFFFFFFFFFFFFFFFFFFFFFFF8
:2048E000FFFFFFFFFFFFFFFFFFFFFFFFFFFFFFFFFFFFFFFFFFFFFFFFFFFFFFFFFFFFFFFFD8
:20490000FFFFFFFFFFFFFFFFFFFFFFFFFFFFFFFFFFFFFFFFFFFFFFFFFFFFFFFFFFFFFFFFB7
:20492000FFFFFFFFFFFFFFFFFFFFFFFFFFFFFFFFFFFFFFFFFFFFFFFFFFFFFFFFFFFFFFFF97
:20494000FFFFFFFFFFFFFFFFFFFFFFFFFFFFFFFFFFFFFFFFFFFFFFFFFFFFFFFFFFFFFFFF77
:20496000FFFFFFFFFFFFFFFFFFFFFFFFFFFFFFFFFFFFFFFFFFFFFFFFFFFFFFFFFFFFFFFF57
:20498000FFFFFFFFFFFFFFFFFFFFFFFFFFFFFFFFFFFFFFFFFFFFFFFFFFFFFFFFFFFFFFFF37
:2049A000FFFFFFFFFFFFFFFFFFFFFFFFFFFFFFFFFFFFFFFFFFFFFFFFFFFFFFFFFFFFFFFF17
:2049C000FFFFFFFFFFFFFFFFFFFFFFFFFFFFFFFFFFFFFFFFFFFFFFFFFFFFFFFFFFFFFFFFF7
:2049E000FFFFFFFFFFFFFFFFFFFFFFFFFFFFFFFFFFFFFFFFFFFFFFFFFFFFFFFFFFFFFFFFD7
:204A0000FFFFFFFFFFFFFFFFFFFFFFFFFFFFFFFFFFFFFFFFFFFFFFFFFFFFFFFFFFFFFFFFB6
:204A2000FFFFFFFFFFFFFFFFFFFFFFFFFFFFFFFFFFFFFFFFFFFFFFFFFFFFFFFFFFFFFFFF96
:204A4000FFFFFFFFFFFFFFFFFFFFFFFFFFFFFFFFFFFFFFFFFFFFFFFFFFFFFFFFFFFFFFFF76
:204A6000FFFFFFFFFFFFFFFFFFFFFFFFFFFFFFFFFFFFFFFFFFFFFFFFFFFFFFFFFFFFFFFF56
:204A8000FFFFFFFFFFFFFFFFFFFFFFFFFFFFFFFFFFFFFFFFFFFFFFFFFFFFFFFFFFFFFFFF36
:204AA000FFFFFFFFFFFFFFFFFFFFFFFFFFFFFFFFFFFFFFFFFFFFFFFFFFFFFFFFFFFFFFFF16
:204AC000FFFFFFFFFFFFFFFFFFFFFFFFFFFFFFFFFFFFFFFFFFFFFFFFFFFFFFFFFFFFFFFFF6
:204AE000FFFFFFFFFFFFFFFFFFFFFFFFFFFFFFFFFFFFFFFFFFFFFFFFFFFFFFFFFFFFFFFFD6
:204B0000FFFFFFFFFFFFFFFFFFFFFFFFFFFFFFFFFFFFFFFFFFFFFFFFFFFFFFFFFFFFFFFFB5
:204B2000FFFFFFFFFFFFFFFFFFFFFFFFFFFFFFFFFFFFFFFFFFFFFFFFFFFFFFFFFFFFFFFF95
:204B4000FFFFFFFFFFFFFFFFFFFFFFFFFFFFFFFFFFFFFFFFFFFFFFFFFFFFFFFFFFFFFFFF75
:204B6000FFFFFFFFFFFFFFFFFFFFFFFFFFFFFFFFFFFFFFFFFFFFFFFFFFFFFFFFFFFFFFFF55
:204B8000FFFFFFFFFFFFFFFFFFFFFFFFFFFFFFFFFFFFFFFFFFFFFFFFFFFFFFFFFFFFFFFF35
:204BA000FFFFFFFFFFFFFFFFFFFFFFFFFFFFFFFFFFFFFFFFFFFFFFFFFFFFFFFFFFFFFFFF15
:204BC000FFFFFFFFFFFFFFFFFFFFFFFFFFFFFFFFFFFFFFFFFFFFFFFFFFFFFFFFFFFFFFFFF5
:204BE000FFFFFFFFFFFFFFFFFFFFFFFFFFFFFFFFFFFFFFFFFFFFFFFFFFFFFFFFFFFFFFFFD5
:204C0000FFFFFFFFFFFFFFFFFFFFFFFFFFFFFFFFFFFFFFFFFFFFFFFFFFFFFFFFFFFFFFFFB4
:204C2000FFFFFFFFFFFFFFFFFFFFFFFFFFFFFFFFFFFFFFFFFFFFFFFFFFFFFFFFFFFFFFFF94
:204C4000FFFFFFFFFFFFFFFFFFFFFFFFFFFFFFFFFFFFFFFFFFFFFFFFFFFFFFFFFFFFFFFF74
:204C6000FFFFFFFFFFFFFFFFFFFFFFFFFFFFFFFFFFFFFFFFFFFFFFFFFFFFFFFFFFFFFFFF54
:204C8000FFFFFFFFFFFFFFFFFFFFFFFFFFFFFFFFFFFFFFFFFFFFFFFFFFFFFFFFFFFFFFFF34
:204CA000FFFFFFFFFFFFFFFFFFFFFFFFFFFFFFFFFFFFFFFFFFFFFFFFFFFFFFFFFFFFFFFF14
:204CC000FFFFFFFFFFFFFFFFFFFFFFFFFFFFFFFFFFFFFFFFFFFFFFFFFFFFFFFFFFFFFFFFF4
:204CE000FFFFFFFFFFFFFFFFFFFFFFFFFFFFFFFFFFFFFFFFFFFFFFFFFFFFFFFFFFFFFFFFD4
:204D0000FFFFFFFFFFFFFFFFFFFFFFFFFFFFFFFFFFFFFFFFFFFFFFFFFFFFFFFFFFFFFFFFB3
:204D2000FFFFFFFFFFFFFFFFFFFFFFFFFFFFFFFFFFFFFFFFFFFFFFFFFFFFFFFFFFFFFFFF93
:204D4000FFFFFFFFFFFFFFFFFFFFFFFFFFFFFFFFFFFFFFFFFFFFFFFFFFFFFFFFFFFFFFFF73
:204D6000FFFFFFFFFFFFFFFFFFFFFFFFFFFFFFFFFFFFFFFFFFFFFFFFFFFFFFFFFFFFFFFF53
:204D8000FFFFFFFFFFFFFFFFFFFFFFFFFFFFFFFFFFFFFFFFFFFFFFFFFFFFFFFFFFFFFFFF33
:204DA000FFFFFFFFFFFFFFFFFFFFFFFFFFFFFFFFFFFFFFFFFFFFFFFFFFFFFFFFFFFFFFFF13
:204DC000FFFFFFFFFFFFFFFFFFFFFFFFFFFFFFFFFFFFFFFFFFFFFFFFFFFFFFFFFFFFFFFFF3
:204DE000FFFFFFFFFFFFFFFFFFFFFFFFFFFFFFFFFFFFFFFFFFFFFFFFFFFFFFFFFFFFFFFFD3
:204E0000FFFFFFFFFFFFFFFFFFFFFFFFFFFFFFFFFFFFFFFFFFFFFFFFFFFFFFFFFFFFFFFFB2
:204E2000FFFFFFFFFFFFFFFFFFFFFFFFFFFFFFFFFFFFFFFFFFFFFFFFFFFFFFFFFFFFFFFF92
:204E4000FFFFFFFFFFFFFFFFFFFFFFFFFFFFFFFFFFFFFFFFFFFFFFFFFFFFFFFFFFFFFFFF72
:204E6000FFFFFFFFFFFFFFFFFFFFFFFFFFFFFFFFFFFFFFFFFFFFFFFFFFFFFFFFFFFFFFFF52
:204E8000FFFFFFFFFFFFFFFFFFFFFFFFFFFFFFFFFFFFFFFFFFFFFFFFFFFFFFFFFFFFFFFF32
:204EA000FFFFFFFFFFFFFFFFFFFFFFFFFFFFFFFFFFFFFFFFFFFFFFFFFFFFFFFFFFFFFFFF12
:204EC000FFFFFFFFFFFFFFFFFFFFFFFFFFFFFFFFFFFFFFFFFFFFFFFFFFFFFFFFFFFFFFFFF2
:204EE000FFFFFFFFFFFFFFFFFFFFFFFFFFFFFFFFFFFFFFFFFFFFFFFFFFFFFFFFFFFFFFFFD2
:204F0000FFFFFFFFFFFFFFFFFFFFFFFFFFFFFFFFFFFFFFFFFFFFFFFFFFFFFFFFFFFFFFFFB1
:204F2000FFFFFFFFFFFFFFFFFFFFFFFFFFFFFFFFFFFFFFFFFFFFFFFFFFFFFFFFFFFFFFFF91
:204F4000FFFFFFFFFFFFFFFFFFFFFFFFFFFFFFFFFFFFFFFFFFFFFFFFFFFFFFFFFFFFFFFF71
:204F6000FFFFFFFFFFFFFFFFFFFFFFFFFFFFFFFFFFFFFFFFFFFFFFFFFFFFFFFFFFFFFFFF51
:204F8000FFFFFFFFFFFFFFFFFFFFFFFFFFFFFFFFFFFFFFFFFFFFFFFFFFFFFFFFFFFFFFFF31
:204FA000FFFFFFFFFFFFFFFFFFFFFFFFFFFFFFFFFFFFFFFFFFFFFFFFFFFFFFFFFFFFFFFF11
:204FC000FFFFFFFFFFFFFFFFFFFFFFFFFFFFFFFFFFFFFFFFFFFFFFFFFFFFFFFFFFFFFFFFF1
:204FE000FFFFFFFFFFFFFFFFFFFFFFFFFFFFFFFFFFFFFFFFFFFFFFFFFFFFFFFFFFFFFFFFD1
:20500000FFFFFFFFFFFFFFFFFFFFFFFFFFFFFFFFFFFFFFFFFFFFFFFFFFFFFFFFFFFFFFFFB0
:20502000FFFFFFFFFFFFFFFFFFFFFFFFFFFFFFFFFFFFFFFFFFFFFFFFFFFFFFFFFFFFFFFF90
:20504000FFFFFFFFFFFFFFFFFFFFFFFFFFFFFFFFFFFFFFFFFFFFFFFFFFFFFFFFFFFFFFFF70
:20506000FFFFFFFFFFFFFFFFFFFFFFFFFFFFFFFFFFFFFFFFFFFFFFFFFFFFFFFFFFFFFFFF50
:20508000FFFFFFFFFFFFFFFFFFFFFFFFFFFFFFFFFFFFFFFFFFFFFFFFFFFFFFFFFFFFFFFF30
:2050A000FFFFFFFFFFFFFFFFFFFFFFFFFFFFFFFFFFFFFFFFFFFFFFFFFFFFFFFFFFFFFFFF10
:2050C000FFFFFFFFFFFFFFFFFFFFFFFFFFFFFFFFFFFFFFFFFFFFFFFFFFFFFFFFFFFFFFFFF0
:2050E000FFFFFFFFFFFFFFFFFFFFFFFFFFFFFFFFFFFFFFFFFFFFFFFFFFFFFFFFFFFFFFFFD0
:20510000FFFFFFFFFFFFFFFFFFFFFFFFFFFFFFFFFFFFFFFFFFFFFFFFFFFFFFFFFFFFFFFFAF
:20512000FFFFFFFFFFFFFFFFFFFFFFFFFFFFFFFFFFFFFFFFFFFFFFFFFFFFFFFFFFFFFFFF8F
:20514000FFFFFFFFFFFFFFFFFFFFFFFFFFFFFFFFFFFFFFFFFFFFFFFFFFFFFFFFFFFFFFFF6F
:20516000FFFFFFFFFFFFFFFFFFFFFFFFFFFFFFFFFFFFFFFFFFFFFFFFFFFFFFFFFFFFFFFF4F
:20518000FFFFFFFFFFFFFFFFFFFFFFFFFFFFFFFFFFFFFFFFFFFFFFFFFFFFFFFFFFFFFFFF2F
:2051A000FFFFFFFFFFFFFFFFFFFFFFFFFFFFFFFFFFFFFFFFFFFFFFFFFFFFFFFFFFFFFFFF0F
:2051C000FFFFFFFFFFFFFFFFFFFFFFFFFFFFFFFFFFFFFFFFFFFFFFFFFFFFFFFFFFFFFFFFEF
:2051E000FFFFFFFFFFFFFFFFFFFFFFFFFFFFFFFFFFFFFFFFFFFFFFFFFFFFFFFFFFFFFFFFCF
:20520000FFFFFFFFFFFFFFFFFFFFFFFFFFFFFFFFFFFFFFFFFFFFFFFFFFFFFFFFFFFFFFFFAE
:20522000FFFFFFFFFFFFFFFFFFFFFFFFFFFFFFFFFFFFFFFFFFFFFFFFFFFFFFFFFFFFFFFF8E
:20524000FFFFFFFFFFFFFFFFFFFFFFFFFFFFFFFFFFFFFFFFFFFFFFFFFFFFFFFFFFFFFFFF6E
:20526000FFFFFFFFFFFFFFFFFFFFFFFFFFFFFFFFFFFFFFFFFFFFFFFFFFFFFFFFFFFFFFFF4E
:20528000FFFFFFFFFFFFFFFFFFFFFFFFFFFFFFFFFFFFFFFFFFFFFFFFFFFFFFFFFFFFFFFF2E
:2052A000FFFFFFFFFFFFFFFFFFFFFFFFFFFFFFFFFFFFFFFFFFFFFFFFFFFFFFFFFFFFFFFF0E
:2052C000FFFFFFFFFFFFFFFFFFFFFFFFFFFFFFFFFFFFFFFFFFFFFFFFFFFFFFFFFFFFFFFFEE
:2052E000FFFFFFFFFFFFFFFFFFFFFFFFFFFFFFFFFFFFFFFFFFFFFFFFFFFFFFFFFFFFFFFFCE
:20530000FFFFFFFFFFFFFFFFFFFFFFFFFFFFFFFFFFFFFFFFFFFFFFFFFFFFFFFFFFFFFFFFAD
:20532000FFFFFFFFFFFFFFFFFFFFFFFFFFFFFFFFFFFFFFFFFFFFFFFFFFFFFFFFFFFFFFFF8D
:20534000FFFFFFFFFFFFFFFFFFFFFFFFFFFFFFFFFFFFFFFFFFFFFFFFFFFFFFFFFFFFFFFF6D
:20536000FFFFFFFFFFFFFFFFFFFFFFFFFFFFFFFFFFFFFFFFFFFFFFFFFFFFFFFFFFFFFFFF4D
:20538000FFFFFFFFFFFFFFFFFFFFFFFFFFFFFFFFFFFFFFFFFFFFFFFFFFFFFFFFFFFFFFFF2D
:2053A000FFFFFFFFFFFFFFFFFFFFFFFFFFFFFFFFFFFFFFFFFFFFFFFFFFFFFFFFFFFFFFFF0D
:2053C000FFFFFFFFFFFFFFFFFFFFFFFFFFFFFFFFFFFFFFFFFFFFFFFFFFFFFFFFFFFFFFFFED
:2053E000FFFFFFFFFFFFFFFFFFFFFFFFFFFFFFFFFFFFFFFFFFFFFFFFFFFFFFFFFFFFFFFFCD
:20540000FFFFFFFFFFFFFFFFFFFFFFFFFFFFFFFFFFFFFFFFFFFFFFFFFFFFFFFFFFFFFFFFAC
:20542000FFFFFFFFFFFFFFFFFFFFFFFFFFFFFFFFFFFFFFFFFFFFFFFFFFFFFFFFFFFFFFFF8C
:20544000FFFFFFFFFFFFFFFFFFFFFFFFFFFFFFFFFFFFFFFFFFFFFFFFFFFFFFFFFFFFFFFF6C
:20546000FFFFFFFFFFFFFFFFFFFFFFFFFFFFFFFFFFFFFFFFFFFFFFFFFFFFFFFFFFFFFFFF4C
:20548000FFFFFFFFFFFFFFFFFFFFFFFFFFFFFFFFFFFFFFFFFFFFFFFFFFFFFFFFFFFFFFFF2C
:2054A000FFFFFFFFFFFFFFFFFFFFFFFFFFFFFFFFFFFFFFFFFFFFFFFFFFFFFFFFFFFFFFFF0C
:2054C000FFFFFFFFFFFFFFFFFFFFFFFFFFFFFFFFFFFFFFFFFFFFFFFFFFFFFFFFFFFFFFFFEC
:2054E000FFFFFFFFFFFFFFFFFFFFFFFFFFFFFFFFFFFFFFFFFFFFFFFFFFFFFFFFFFFFFFFFCC
:20550000FFFFFFFFFFFFFFFFFFFFFFFFFFFFFFFFFFFFFFFFFFFFFFFFFFFFFFFFFFFFFFFFAB
:20552000FFFFFFFFFFFFFFFFFFFFFFFFFFFFFFFFFFFFFFFFFFFFFFFFFFFFFFFFFFFFFFFF8B
:20554000FFFFFFFFFFFFFFFFFFFFFFFFFFFFFFFFFFFFFFFFFFFFFFFFFFFFFFFFFFFFFFFF6B
:20556000FFFFFFFFFFFFFFFFFFFFFFFFFFFFFFFFFFFFFFFFFFFFFFFFFFFFFFFFFFFFFFFF4B
:20558000FFFFFFFFFFFFFFFFFFFFFFFFFFFFFFFFFFFFFFFFFFFFFFFFFFFFFFFFFFFFFFFF2B
:2055A000FFFFFFFFFFFFFFFFFFFFFFFFFFFFFFFFFFFFFFFFFFFFFFFFFFFFFFFFFFFFFFFF0B
:2055C000FFFFFFFFFFFFFFFFFFFFFFFFFFFFFFFFFFFFFFFFFFFFFFFFFFFFFFFFFFFFFFFFEB
:2055E000FFFFFFFFFFFFFFFFFFFFFFFFFFFFFFFFFFFFFFFFFFFFFFFFFFFFFFFFFFFFFFFFCB
:20560000FFFFFFFFFFFFFFFFFFFFFFFFFFFFFFFFFFFFFFFFFFFFFFFFFFFFFFFFFFFFFFFFAA
:20562000FFFFFFFFFFFFFFFFFFFFFFFFFFFFFFFFFFFFFFFFFFFFFFFFFFFFFFFFFFFFFFFF8A
:20564000FFFFFFFFFFFFFFFFFFFFFFFFFFFFFFFFFFFFFFFFFFFFFFFFFFFFFFFFFFFFFFFF6A
:20566000FFFFFFFFFFFFFFFFFFFFFFFFFFFFFFFFFFFFFFFFFFFFFFFFFFFFFFFFFFFFFFFF4A
:20568000FFFFFFFFFFFFFFFFFFFFFFFFFFFFFFFFFFFFFFFFFFFFFFFFFFFFFFFFFFFFFFFF2A
:2056A000FFFFFFFFFFFFFFFFFFFFFFFFFFFFFFFFFFFFFFFFFFFFFFFFFFFFFFFFFFFFFFFF0A
:2056C000FFFFFFFFFFFFFFFFFFFFFFFFFFFFFFFFFFFFFFFFFFFFFFFFFFFFFFFFFFFFFFFFEA
:2056E000FFFFFFFFFFFFFFFFFFFFFFFFFFFFFFFFFFFFFFFFFFFFFFFFFFFFFFFFFFFFFFFFCA
:20570000FFFFFFFFFFFFFFFFFFFFFFFFFFFFFFFFFFFFFFFFFFFFFFFFFFFFFFFFFFFFFFFFA9
:20572000FFFFFFFFFFFFFFFFFFFFFFFFFFFFFFFFFFFFFFFFFFFFFFFFFFFFFFFFFFFFFFFF89
:20574000FFFFFFFFFFFFFFFFFFFFFFFFFFFFFFFFFFFFFFFFFFFFFFFFFFFFFFFFFFFFFFFF69
:20576000FFFFFFFFFFFFFFFFFFFFFFFFFFFFFFFFFFFFFFFFFFFFFFFFFFFFFFFFFFFFFFFF49
:20578000FFFFFFFFFFFFFFFFFFFFFFFFFFFFFFFFFFFFFFFFFFFFFFFFFFFFFFFFFFFFFFFF29
:2057A000FFFFFFFFFFFFFFFFFFFFFFFFFFFFFFFFFFFFFFFFFFFFFFFFFFFFFFFFFFFFFFFF09
:2057C000FFFFFFFFFFFFFFFFFFFFFFFFFFFFFFFFFFFFFFFFFFFFFFFFFFFFFFFFFFFFFFFFE9
:2057E000FFFFFFFFFFFFFFFFFFFFFFFFFFFFFFFFFFFFFFFFFFFFFFFFFFFFFFFFFFFFFFFFC9
:20580000FFFFFFFFFFFFFFFFFFFFFFFFFFFFFFFFFFFFFFFFFFFFFFFFFFFFFFFFFFFFFFFFA8
:20582000FFFFFFFFFFFFFFFFFFFFFFFFFFFFFFFFFFFFFFFFFFFFFFFFFFFFFFFFFFFFFFFF88
:20584000FFFFFFFFFFFFFFFFFFFFFFFFFFFFFFFFFFFFFFFFFFFFFFFFFFFFFFFFFFFFFFFF68
:20586000FFFFFFFFFFFFFFFFFFFFFFFFFFFFFFFFFFFFFFFFFFFFFFFFFFFFFFFFFFFFFFFF48
:20588000FFFFFFFFFFFFFFFFFFFFFFFFFFFFFFFFFFFFFFFFFFFFFFFFFFFFFFFFFFFFFFFF28
:2058A000FFFFFFFFFFFFFFFFFFFFFFFFFFFFFFFFFFFFFFFFFFFFFFFFFFFFFFFFFFFFFFFF08
:2058C000FFFFFFFFFFFFFFFFFFFFFFFFFFFFFFFFFFFFFFFFFFFFFFFFFFFFFFFFFFFFFFFFE8
:2058E000FFFFFFFFFFFFFFFFFFFFFFFFFFFFFFFFFFFFFFFFFFFFFFFFFFFFFFFFFFFFFFFFC8
:20590000FFFFFFFFFFFFFFFFFFFFFFFFFFFFFFFFFFFFFFFFFFFFFFFFFFFFFFFFFFFFFFFFA7
:20592000FFFFFFFFFFFFFFFFFFFFFFFFFFFFFFFFFFFFFFFFFFFFFFFFFFFFFFFFFFFFFFFF87
:20594000FFFFFFFFFFFFFFFFFFFFFFFFFFFFFFFFFFFFFFFFFFFFFFFFFFFFFFFFFFFFFFFF67
:20596000FFFFFFFFFFFFFFFFFFFFFFFFFFFFFFFFFFFFFFFFFFFFFFFFFFFFFFFFFFFFFFFF47
:20598000FFFFFFFFFFFFFFFFFFFFFFFFFFFFFFFFFFFFFFFFFFFFFFFFFFFFFFFFFFFFFFFF27
:2059A000FFFFFFFFFFFFFFFFFFFFFFFFFFFFFFFFFFFFFFFFFFFFFFFFFFFFFFFFFFFFFFFF07
:2059C000FFFFFFFFFFFFFFFFFFFFFFFFFFFFFFFFFFFFFFFFFFFFFFFFFFFFFFFFFFFFFFFFE7
:2059E000FFFFFFFFFFFFFFFFFFFFFFFFFFFFFFFFFFFFFFFFFFFFFFFFFFFFFFFFFFFFFFFFC7
:205A0000FFFFFFFFFFFFFFFFFFFFFFFFFFFFFFFFFFFFFFFFFFFFFFFFFFFFFFFFFFFFFFFFA6
:205A2000FFFFFFFFFFFFFFFFFFFFFFFFFFFFFFFFFFFFFFFFFFFFFFFFFFFFFFFFFFFFFFFF86
:205A4000FFFFFFFFFFFFFFFFFFFFFFFFFFFFFFFFFFFFFFFFFFFFFFFFFFFFFFFFFFFFFFFF66
:205A6000FFFFFFFFFFFFFFFFFFFFFFFFFFFFFFFFFFFFFFFFFFFFFFFFFFFFFFFFFFFFFFFF46
:205A8000FFFFFFFFFFFFFFFFFFFFFFFFFFFFFFFFFFFFFFFFFFFFFFFFFFFFFFFFFFFFFFFF26
:205AA000FFFFFFFFFFFFFFFFFFFFFFFFFFFFFFFFFFFFFFFFFFFFFFFFFFFFFFFFFFFFFFFF06
:205AC000FFFFFFFFFFFFFFFFFFFFFFFFFFFFFFFFFFFFFFFFFFFFFFFFFFFFFFFFFFFFFFFFE6
:205AE000FFFFFFFFFFFFFFFFFFFFFFFFFFFFFFFFFFFFFFFFFFFFFFFFFFFFFFFFFFFFFFFFC6
:205B0000FFFFFFFFFFFFFFFFFFFFFFFFFFFFFFFFFFFFFFFFFFFFFFFFFFFFFFFFFFFFFFFFA5
:205B2000FFFFFFFFFFFFFFFFFFFFFFFFFFFFFFFFFFFFFFFFFFFFFFFFFFFFFFFFFFFFFFFF85
:205B4000FFFFFFFFFFFFFFFFFFFFFFFFFFFFFFFFFFFFFFFFFFFFFFFFFFFFFFFFFFFFFFFF65
:205B6000FFFFFFFFFFFFFFFFFFFFFFFFFFFFFFFFFFFFFFFFFFFFFFFFFFFFFFFFFFFFFFFF45
:205B8000FFFFFFFFFFFFFFFFFFFFFFFFFFFFFFFFFFFFFFFFFFFFFFFFFFFFFFFFFFFFFFFF25
:205BA000FFFFFFFFFFFFFFFFFFFFFFFFFFFFFFFFFFFFFFFFFFFFFFFFFFFFFFFFFFFFFFFF05
:205BC000FFFFFFFFFFFFFFFFFFFFFFFFFFFFFFFFFFFFFFFFFFFFFFFFFFFFFFFFFFFFFFFFE5
:205BE000FFFFFFFFFFFFFFFFFFFFFFFFFFFFFFFFFFFFFFFFFFFFFFFFFFFFFFFFFFFFFFFFC5
:205C0000FFFFFFFFFFFFFFFFFFFFFFFFFFFFFFFFFFFFFFFFFFFFFFFFFFFFFFFFFFFFFFFFA4
:205C2000FFFFFFFFFFFFFFFFFFFFFFFFFFFFFFFFFFFFFFFFFFFFFFFFFFFFFFFFFFFFFFFF84
:205C4000FFFFFFFFFFFFFFFFFFFFFFFFFFFFFFFFFFFFFFFFFFFFFFFFFFFFFFFFFFFFFFFF64
:205C6000FFFFFFFFFFFFFFFFFFFFFFFFFFFFFFFFFFFFFFFFFFFFFFFFFFFFFFFFFFFFFFFF44
:205C8000FFFFFFFFFFFFFFFFFFFFFFFFFFFFFFFFFFFFFFFFFFFFFFFFFFFFFFFFFFFFFFFF24
:205CA000FFFFFFFFFFFFFFFFFFFFFFFFFFFFFFFFFFFFFFFFFFFFFFFFFFFFFFFFFFFFFFFF04
:205CC000FFFFFFFFFFFFFFFFFFFFFFFFFFFFFFFFFFFFFFFFFFFFFFFFFFFFFFFFFFFFFFFFE4
:205CE000FFFFFFFFFFFFFFFFFFFFFFFFFFFFFFFFFFFFFFFFFFFFFFFFFFFFFFFFFFFFFFFFC4
:205D0000FFFFFFFFFFFFFFFFFFFFFFFFFFFFFFFFFFFFFFFFFFFFFFFFFFFFFFFFFFFFFFFFA3
:205D2000FFFFFFFFFFFFFFFFFFFFFFFFFFFFFFFFFFFFFFFFFFFFFFFFFFFFFFFFFFFFFFFF83
:205D4000FFFFFFFFFFFFFFFFFFFFFFFFFFFFFFFFFFFFFFFFFFFFFFFFFFFFFFFFFFFFFFFF63
:205D6000FFFFFFFFFFFFFFFFFFFFFFFFFFFFFFFFFFFFFFFFFFFFFFFFFFFFFFFFFFFFFFFF43
:205D8000FFFFFFFFFFFFFFFFFFFFFFFFFFFFFFFFFFFFFFFFFFFFFFFFFFFFFFFFFFFFFFFF23
:205DA000FFFFFFFFFFFFFFFFFFFFFFFFFFFFFFFFFFFFFFFFFFFFFFFFFFFFFFFFFFFFFFFF03
:205DC000FFFFFFFFFFFFFFFFFFFFFFFFFFFFFFFFFFFFFFFFFFFFFFFFFFFFFFFFFFFFFFFFE3
:205DE000FFFFFFFFFFFFFFFFFFFFFFFFFFFFFFFFFFFFFFFFFFFFFFFFFFFFFFFFFFFFFFFFC3
:205E0000FFFFFFFFFFFFFFFFFFFFFFFFFFFFFFFFFFFFFFFFFFFFFFFFFFFFFFFFFFFFFFFFA2
:205E2000FFFFFFFFFFFFFFFFFFFFFFFFFFFFFFFFFFFFFFFFFFFFFFFFFFFFFFFFFFFFFFFF82
:205E4000FFFFFFFFFFFFFFFFFFFFFFFFFFFFFFFFFFFFFFFFFFFFFFFFFFFFFFFFFFFFFFFF62
:205E6000FFFFFFFFFFFFFFFFFFFFFFFFFFFFFFFFFFFFFFFFFFFFFFFFFFFFFFFFFFFFFFFF42
:205E8000FFFFFFFFFFFFFFFFFFFFFFFFFFFFFFFFFFFFFFFFFFFFFFFFFFFFFFFFFFFFFFFF22
:205EA000FFFFFFFFFFFFFFFFFFFFFFFFFFFFFFFFFFFFFFFFFFFFFFFFFFFFFFFFFFFFFFFF02
:205EC000FFFFFFFFFFFFFFFFFFFFFFFFFFFFFFFFFFFFFFFFFFFFFFFFFFFFFFFFFFFFFFFFE2
:205EE000FFFFFFFFFFFFFFFFFFFFFFFFFFFFFFFFFFFFFFFFFFFFFFFFFFFFFFFFFFFFFFFFC2
:205F0000FFFFFFFFFFFFFFFFFFFFFFFFFFFFFFFFFFFFFFFFFFFFFFFFFFFFFFFFFFFFFFFFA1
:205F2000FFFFFFFFFFFFFFFFFFFFFFFFFFFFFFFFFFFFFFFFFFFFFFFFFFFFFFFFFFFFFFFF81
:205F4000FFFFFFFFFFFFFFFFFFFFFFFFFFFFFFFFFFFFFFFFFFFFFFFFFFFFFFFFFFFFFFFF61
:205F6000FFFFFFFFFFFFFFFFFFFFFFFFFFFFFFFFFFFFFFFFFFFFFFFFFFFFFFFFFFFFFFFF41
:205F8000FFFFFFFFFFFFFFFFFFFFFFFFFFFFFFFFFFFFFFFFFFFFFFFFFFFFFFFFFFFFFFFF21
:205FA000FFFFFFFFFFFFFFFFFFFFFFFFFFFFFFFFFFFFFFFFFFFFFFFFFFFFFFFFFFFFFFFF01
:205FC000FFFFFFFFFFFFFFFFFFFFFFFFFFFFFFFFFFFFFFFFFFFFFFFFFFFFFFFFFFFFFFFFE1
:205FE000FFFFFFFFFFFFFFFFFFFFFFFFFFFFFFFFFFFFFFFFFFFFFFFFFFFFFFFFFFFFFFFFC1
:20600000FFFFFFFFFFFFFFFFFFFFFFFFFFFFFFFFFFFFFFFFFFFFFFFFFFFFFFFFFFFFFFFFA0
:20602000FFFFFFFFFFFFFFFFFFFFFFFFFFFFFFFFFFFFFFFFFFFFFFFFFFFFFFFFFFFFFFFF80
:20604000FFFFFFFFFFFFFFFFFFFFFFFFFFFFFFFFFFFFFFFFFFFFFFFFFFFFFFFFFFFFFFFF60
:20606000FFFFFFFFFFFFFFFFFFFFFFFFFFFFFFFFFFFFFFFFFFFFFFFFFFFFFFFFFFFFFFFF40
:20608000FFFFFFFFFFFFFFFFFFFFFFFFFFFFFFFFFFFFFFFFFFFFFFFFFFFFFFFFFFFFFFFF20
:2060A000FFFFFFFFFFFFFFFFFFFFFFFFFFFFFFFFFFFFFFFFFFFFFFFFFFFFFFFFFFFFFFFF00
:2060C000FFFFFFFFFFFFFFFFFFFFFFFFFFFFFFFFFFFFFFFFFFFFFFFFFFFFFFFFFFFFFFFFE0
:2060E000FFFFFFFFFFFFFFFFFFFFFFFFFFFFFFFFFFFFFFFFFFFFFFFFFFFFFFFFFFFFFFFFC0
:20610000FFFFFFFFFFFFFFFFFFFFFFFFFFFFFFFFFFFFFFFFFFFFFFFFFFFFFFFFFFFFFFFF9F
:20612000FFFFFFFFFFFFFFFFFFFFFFFFFFFFFFFFFFFFFFFFFFFFFFFFFFFFFFFFFFFFFFFF7F
:20614000FFFFFFFFFFFFFFFFFFFFFFFFFFFFFFFFFFFFFFFFFFFFFFFFFFFFFFFFFFFFFFFF5F
:20616000FFFFFFFFFFFFFFFFFFFFFFFFFFFFFFFFFFFFFFFFFFFFFFFFFFFFFFFFFFFFFFFF3F
:20618000FFFFFFFFFFFFFFFFFFFFFFFFFFFFFFFFFFFFFFFFFFFFFFFFFFFFFFFFFFFFFFFF1F
:2061A000FFFFFFFFFFFFFFFFFFFFFFFFFFFFFFFFFFFFFFFFFFFFFFFFFFFFFFFFFFFFFFFFFF
:2061C000FFFFFFFFFFFFFFFFFFFFFFFFFFFFFFFFFFFFFFFFFFFFFFFFFFFFFFFFFFFFFFFFDF
:2061E000FFFFFFFFFFFFFFFFFFFFFFFFFFFFFFFFFFFFFFFFFFFFFFFFFFFFFFFFFFFFFFFFBF
:20620000FFFFFFFFFFFFFFFFFFFFFFFFFFFFFFFFFFFFFFFFFFFFFFFFFFFFFFFFFFFFFFFF9E
:20622000FFFFFFFFFFFFFFFFFFFFFFFFFFFFFFFFFFFFFFFFFFFFFFFFFFFFFFFFFFFFFFFF7E
:20624000FFFFFFFFFFFFFFFFFFFFFFFFFFFFFFFFFFFFFFFFFFFFFFFFFFFFFFFFFFFFFFFF5E
:20626000FFFFFFFFFFFFFFFFFFFFFFFFFFFFFFFFFFFFFFFFFFFFFFFFFFFFFFFFFFFFFFFF3E
:20628000FFFFFFFFFFFFFFFFFFFFFFFFFFFFFFFFFFFFFFFFFFFFFFFFFFFFFFFFFFFFFFFF1E
:2062A000FFFFFFFFFFFFFFFFFFFFFFFFFFFFFFFFFFFFFFFFFFFFFFFFFFFFFFFFFFFFFFFFFE
:2062C000FFFFFFFFFFFFFFFFFFFFFFFFFFFFFFFFFFFFFFFFFFFFFFFFFFFFFFFFFFFFFFFFDE
:2062E000FFFFFFFFFFFFFFFFFFFFFFFFFFFFFFFFFFFFFFFFFFFFFFFFFFFFFFFFFFFFFFFFBE
:20630000FFFFFFFFFFFFFFFFFFFFFFFFFFFFFFFFFFFFFFFFFFFFFFFFFFFFFFFFFFFFFFFF9D
:20632000FFFFFFFFFFFFFFFFFFFFFFFFFFFFFFFFFFFFFFFFFFFFFFFFFFFFFFFFFFFFFFFF7D
:20634000FFFFFFFFFFFFFFFFFFFFFFFFFFFFFFFFFFFFFFFFFFFFFFFFFFFFFFFFFFFFFFFF5D
:20636000FFFFFFFFFFFFFFFFFFFFFFFFFFFFFFFFFFFFFFFFFFFFFFFFFFFFFFFFFFFFFFFF3D
:20638000FFFFFFFFFFFFFFFFFFFFFFFFFFFFFFFFFFFFFFFFFFFFFFFFFFFFFFFFFFFFFFFF1D
:2063A000FFFFFFFFFFFFFFFFFFFFFFFFFFFFFFFFFFFFFFFFFFFFFFFFFFFFFFFFFFFFFFFFFD
:2063C000FFFFFFFFFFFFFFFFFFFFFFFFFFFFFFFFFFFFFFFFFFFFFFFFFFFFFFFFFFFFFFFFDD
:2063E000FFFFFFFFFFFFFFFFFFFFFFFFFFFFFFFFFFFFFFFFFFFFFFFFFFFFFFFFFFFFFFFFBD
:20640000FFFFFFFFFFFFFFFFFFFFFFFFFFFFFFFFFFFFFFFFFFFFFFFFFFFFFFFFFFFFFFFF9C
:20642000FFFFFFFFFFFFFFFFFFFFFFFFFFFFFFFFFFFFFFFFFFFFFFFFFFFFFFFFFFFFFFFF7C
:20644000FFFFFFFFFFFFFFFFFFFFFFFFFFFFFFFFFFFFFFFFFFFFFFFFFFFFFFFFFFFFFFFF5C
:20646000FFFFFFFFFFFFFFFFFFFFFFFFFFFFFFFFFFFFFFFFFFFFFFFFFFFFFFFFFFFFFFFF3C
:20648000FFFFFFFFFFFFFFFFFFFFFFFFFFFFFFFFFFFFFFFFFFFFFFFFFFFFFFFFFFFFFFFF1C
:2064A000FFFFFFFFFFFFFFFFFFFFFFFFFFFFFFFFFFFFFFFFFFFFFFFFFFFFFFFFFFFFFFFFFC
:2064C000FFFFFFFFFFFFFFFFFFFFFFFFFFFFFFFFFFFFFFFFFFFFFFFFFFFFFFFFFFFFFFFFDC
:2064E000FFFFFFFFFFFFFFFFFFFFFFFFFFFFFFFFFFFFFFFFFFFFFFFFFFFFFFFFFFFFFFFFBC
:20650000FFFFFFFFFFFFFFFFFFFFFFFFFFFFFFFFFFFFFFFFFFFFFFFFFFFFFFFFFFFFFFFF9B
:20652000FFFFFFFFFFFFFFFFFFFFFFFFFFFFFFFFFFFFFFFFFFFFFFFFFFFFFFFFFFFFFFFF7B
:20654000FFFFFFFFFFFFFFFFFFFFFFFFFFFFFFFFFFFFFFFFFFFFFFFFFFFFFFFFFFFFFFFF5B
:20656000FFFFFFFFFFFFFFFFFFFFFFFFFFFFFFFFFFFFFFFFFFFFFFFFFFFFFFFFFFFFFFFF3B
:20658000FFFFFFFFFFFFFFFFFFFFFFFFFFFFFFFFFFFFFFFFFFFFFFFFFFFFFFFFFFFFFFFF1B
:2065A000FFFFFFFFFFFFFFFFFFFFFFFFFFFFFFFFFFFFFFFFFFFFFFFFFFFFFFFFFFFFFFFFFB
:2065C000FFFFFFFFFFFFFFFFFFFFFFFFFFFFFFFFFFFFFFFFFFFFFFFFFFFFFFFFFFFFFFFFDB
:2065E000FFFFFFFFFFFFFFFFFFFFFFFFFFFFFFFFFFFFFFFFFFFFFFFFFFFFFFFFFFFFFFFFBB
:20660000FFFFFFFFFFFFFFFFFFFFFFFFFFFFFFFFFFFFFFFFFFFFFFFFFFFFFFFFFFFFFFFF9A
:20662000FFFFFFFFFFFFFFFFFFFFFFFFFFFFFFFFFFFFFFFFFFFFFFFFFFFFFFFFFFFFFFFF7A
:20664000FFFFFFFFFFFFFFFFFFFFFFFFFFFFFFFFFFFFFFFFFFFFFFFFFFFFFFFFFFFFFFFF5A
:20666000FFFFFFFFFFFFFFFFFFFFFFFFFFFFFFFFFFFFFFFFFFFFFFFFFFFFFFFFFFFFFFFF3A
:20668000FFFFFFFFFFFFFFFFFFFFFFFFFFFFFFFFFFFFFFFFFFFFFFFFFFFFFFFFFFFFFFFF1A
:2066A000FFFFFFFFFFFFFFFFFFFFFFFFFFFFFFFFFFFFFFFFFFFFFFFFFFFFFFFFFFFFFFFFFA
:2066C000FFFFFFFFFFFFFFFFFFFFFFFFFFFFFFFFFFFFFFFFFFFFFFFFFFFFFFFFFFFFFFFFDA
:2066E000FFFFFFFFFFFFFFFFFFFFFFFFFFFFFFFFFFFFFFFFFFFFFFFFFFFFFFFFFFFFFFFFBA
:20670000FFFFFFFFFFFFFFFFFFFFFFFFFFFFFFFFFFFFFFFFFFFFFFFFFFFFFFFFFFFFFFFF99
:20672000FFFFFFFFFFFFFFFFFFFFFFFFFFFFFFFFFFFFFFFFFFFFFFFFFFFFFFFFFFFFFFFF79
:20674000FFFFFFFFFFFFFFFFFFFFFFFFFFFFFFFFFFFFFFFFFFFFFFFFFFFFFFFFFFFFFFFF59
:20676000FFFFFFFFFFFFFFFFFFFFFFFFFFFFFFFFFFFFFFFFFFFFFFFFFFFFFFFFFFFFFFFF39
:20678000FFFFFFFFFFFFFFFFFFFFFFFFFFFFFFFFFFFFFFFFFFFFFFFFFFFFFFFFFFFFFFFF19
:2067A000FFFFFFFFFFFFFFFFFFFFFFFFFFFFFFFFFFFFFFFFFFFFFFFFFFFFFFFFFFFFFFFFF9
:2067C000FFFFFFFFFFFFFFFFFFFFFFFFFFFFFFFFFFFFFFFFFFFFFFFFFFFFFFFFFFFFFFFFD9
:2067E000FFFFFFFFFFFFFFFFFFFFFFFFFFFFFFFFFFFFFFFFFFFFFFFFFFFFFFFFFFFFFFFFB9
:20680000FFFFFFFFFFFFFFFFFFFFFFFFFFFFFFFFFFFFFFFFFFFFFFFFFFFFFFFFFFFFFFFF98
:20682000FFFFFFFFFFFFFFFFFFFFFFFFFFFFFFFFFFFFFFFFFFFFFFFFFFFFFFFFFFFFFFFF78
:20684000FFFFFFFFFFFFFFFFFFFFFFFFFFFFFFFFFFFFFFFFFFFFFFFFFFFFFFFFFFFFFFFF58
:20686000FFFFFFFFFFFFFFFFFFFFFFFFFFFFFFFFFFFFFFFFFFFFFFFFFFFFFFFFFFFFFFFF38
:20688000FFFFFFFFFFFFFFFFFFFFFFFFFFFFFFFFFFFFFFFFFFFFFFFFFFFFFFFFFFFFFFFF18
:2068A000FFFFFFFFFFFFFFFFFFFFFFFFFFFFFFFFFFFFFFFFFFFFFFFFFFFFFFFFFFFFFFFFF8
:2068C000FFFFFFFFFFFFFFFFFFFFFFFFFFFFFFFFFFFFFFFFFFFFFFFFFFFFFFFFFFFFFFFFD8
:2068E000FFFFFFFFFFFFFFFFFFFFFFFFFFFFFFFFFFFFFFFFFFFFFFFFFFFFFFFFFFFFFFFFB8
:20690000FFFFFFFFFFFFFFFFFFFFFFFFFFFFFFFFFFFFFFFFFFFFFFFFFFFFFFFFFFFFFFFF97
:20692000FFFFFFFFFFFFFFFFFFFFFFFFFFFFFFFFFFFFFFFFFFFFFFFFFFFFFFFFFFFFFFFF77
:20694000FFFFFFFFFFFFFFFFFFFFFFFFFFFFFFFFFFFFFFFFFFFFFFFFFFFFFFFFFFFFFFFF57
:20696000FFFFFFFFFFFFFFFFFFFFFFFFFFFFFFFFFFFFFFFFFFFFFFFFFFFFFFFFFFFFFFFF37
:20698000FFFFFFFFFFFFFFFFFFFFFFFFFFFFFFFFFFFFFFFFFFFFFFFFFFFFFFFFFFFFFFFF17
:2069A000FFFFFFFFFFFFFFFFFFFFFFFFFFFFFFFFFFFFFFFFFFFFFFFFFFFFFFFFFFFFFFFFF7
:2069C000FFFFFFFFFFFFFFFFFFFFFFFFFFFFFFFFFFFFFFFFFFFFFFFFFFFFFFFFFFFFFFFFD7
:2069E000FFFFFFFFFFFFFFFFFFFFFFFFFFFFFFFFFFFFFFFFFFFFFFFFFFFFFFFFFFFFFFFFB7
:206A0000FFFFFFFFFFFFFFFFFFFFFFFFFFFFFFFFFFFFFFFFFFFFFFFFFFFFFFFFFFFFFFFF96
:206A2000FFFFFFFFFFFFFFFFFFFFFFFFFFFFFFFFFFFFFFFFFFFFFFFFFFFFFFFFFFFFFFFF76
:206A4000FFFFFFFFFFFFFFFFFFFFFFFFFFFFFFFFFFFFFFFFFFFFFFFFFFFFFFFFFFFFFFFF56
:206A6000FFFFFFFFFFFFFFFFFFFFFFFFFFFFFFFFFFFFFFFFFFFFFFFFFFFFFFFFFFFFFFFF36
:206A8000FFFFFFFFFFFFFFFFFFFFFFFFFFFFFFFFFFFFFFFFFFFFFFFFFFFFFFFFFFFFFFFF16
:206AA000FFFFFFFFFFFFFFFFFFFFFFFFFFFFFFFFFFFFFFFFFFFFFFFFFFFFFFFFFFFFFFFFF6
:206AC000FFFFFFFFFFFFFFFFFFFFFFFFFFFFFFFFFFFFFFFFFFFFFFFFFFFFFFFFFFFFFFFFD6
:206AE000FFFFFFFFFFFFFFFFFFFFFFFFFFFFFFFFFFFFFFFFFFFFFFFFFFFFFFFFFFFFFFFFB6
:206B0000FFFFFFFFFFFFFFFFFFFFFFFFFFFFFFFFFFFFFFFFFFFFFFFFFFFFFFFFFFFFFFFF95
:206B2000FFFFFFFFFFFFFFFFFFFFFFFFFFFFFFFFFFFFFFFFFFFFFFFFFFFFFFFFFFFFFFFF75
:206B4000FFFFFFFFFFFFFFFFFFFFFFFFFFFFFFFFFFFFFFFFFFFFFFFFFFFFFFFFFFFFFFFF55
:206B6000FFFFFFFFFFFFFFFFFFFFFFFFFFFFFFFFFFFFFFFFFFFFFFFFFFFFFFFFFFFFFFFF35
:206B8000FFFFFFFFFFFFFFFFFFFFFFFFFFFFFFFFFFFFFFFFFFFFFFFFFFFFFFFFFFFFFFFF15
:206BA000FFFFFFFFFFFFFFFFFFFFFFFFFFFFFFFFFFFFFFFFFFFFFFFFFFFFFFFFFFFFFFFFF5
:206BC000FFFFFFFFFFFFFFFFFFFFFFFFFFFFFFFFFFFFFFFFFFFFFFFFFFFFFFFFFFFFFFFFD5
:206BE000FFFFFFFFFFFFFFFFFFFFFFFFFFFFFFFFFFFFFFFFFFFFFFFFFFFFFFFFFFFFFFFFB5
:206C0000FFFFFFFFFFFFFFFFFFFFFFFFFFFFFFFFFFFFFFFFFFFFFFFFFFFFFFFFFFFFFFFF94
:206C2000FFFFFFFFFFFFFFFFFFFFFFFFFFFFFFFFFFFFFFFFFFFFFFFFFFFFFFFFFFFFFFFF74
:206C4000FFFFFFFFFFFFFFFFFFFFFFFFFFFFFFFFFFFFFFFFFFFFFFFFFFFFFFFFFFFFFFFF54
:206C6000FFFFFFFFFFFFFFFFFFFFFFFFFFFFFFFFFFFFFFFFFFFFFFFFFFFFFFFFFFFFFFFF34
:206C8000FFFFFFFFFFFFFFFFFFFFFFFFFFFFFFFFFFFFFFFFFFFFFFFFFFFFFFFFFFFFFFFF14
:206CA000FFFFFFFFFFFFFFFFFFFFFFFFFFFFFFFFFFFFFFFFFFFFFFFFFFFFFFFFFFFFFFFFF4
:206CC000FFFFFFFFFFFFFFFFFFFFFFFFFFFFFFFFFFFFFFFFFFFFFFFFFFFFFFFFFFFFFFFFD4
:206CE000FFFFFFFFFFFFFFFFFFFFFFFFFFFFFFFFFFFFFFFFFFFFFFFFFFFFFFFFFFFFFFFFB4
:206D0000FFFFFFFFFFFFFFFFFFFFFFFFFFFFFFFFFFFFFFFFFFFFFFFFFFFFFFFFFFFFFFFF93
:206D2000FFFFFFFFFFFFFFFFFFFFFFFFFFFFFFFFFFFFFFFFFFFFFFFFFFFFFFFFFFFFFFFF73
:206D4000FFFFFFFFFFFFFFFFFFFFFFFFFFFFFFFFFFFFFFFFFFFFFFFFFFFFFFFFFFFFFFFF53
:206D6000FFFFFFFFFFFFFFFFFFFFFFFFFFFFFFFFFFFFFFFFFFFFFFFFFFFFFFFFFFFFFFFF33
:206D8000FFFFFFFFFFFFFFFFFFFFFFFFFFFFFFFFFFFFFFFFFFFFFFFFFFFFFFFFFFFFFFFF13
:206DA000FFFFFFFFFFFFFFFFFFFFFFFFFFFFFFFFFFFFFFFFFFFFFFFFFFFFFFFFFFFFFFFFF3
:206DC000FFFFFFFFFFFFFFFFFFFFFFFFFFFFFFFFFFFFFFFFFFFFFFFFFFFFFFFFFFFFFFFFD3
:206DE000FFFFFFFFFFFFFFFFFFFFFFFFFFFFFFFFFFFFFFFFFFFFFFFFFFFFFFFFFFFFFFFFB3
:206E0000FFFFFFFFFFFFFFFFFFFFFFFFFFFFFFFFFFFFFFFFFFFFFFFFFFFFFFFFFFFFFFFF92
:206E2000FFFFFFFFFFFFFFFFFFFFFFFFFFFFFFFFFFFFFFFFFFFFFFFFFFFFFFFFFFFFFFFF72
:206E4000FFFFFFFFFFFFFFFFFFFFFFFFFFFFFFFFFFFFFFFFFFFFFFFFFFFFFFFFFFFFFFFF52
:206E6000FFFFFFFFFFFFFFFFFFFFFFFFFFFFFFFFFFFFFFFFFFFFFFFFFFFFFFFFFFFFFFFF32
:206E8000FFFFFFFFFFFFFFFFFFFFFFFFFFFFFFFFFFFFFFFFFFFFFFFFFFFFFFFFFFFFFFFF12
:206EA000FFFFFFFFFFFFFFFFFFFFFFFFFFFFFFFFFFFFFFFFFFFFFFFFFFFFFFFFFFFFFFFFF2
:206EC000FFFFFFFFFFFFFFFFFFFFFFFFFFFFFFFFFFFFFFFFFFFFFFFFFFFFFFFFFFFFFFFFD2
:206EE000FFFFFFFFFFFFFFFFFFFFFFFFFFFFFFFFFFFFFFFFFFFFFFFFFFFFFFFFFFFFFFFFB2
:206F0000FFFFFFFFFFFFFFFFFFFFFFFFFFFFFFFFFFFFFFFFFFFFFFFFFFFFFFFFFFFFFFFF91
:206F2000FFFFFFFFFFFFFFFFFFFFFFFFFFFFFFFFFFFFFFFFFFFFFFFFFFFFFFFFFFFFFFFF71
:206F4000FFFFFFFFFFFFFFFFFFFFFFFFFFFFFFFFFFFFFFFFFFFFFFFFFFFFFFFFFFFFFFFF51
:206F6000FFFFFFFFFFFFFFFFFFFFFFFFFFFFFFFFFFFFFFFFFFFFFFFFFFFFFFFFFFFFFFFF31
:206F8000FFFFFFFFFFFFFFFFFFFFFFFFFFFFFFFFFFFFFFFFFFFFFFFFFFFFFFFFFFFFFFFF11
:206FA000FFFFFFFFFFFFFFFFFFFFFFFFFFFFFFFFFFFFFFFFFFFFFFFFFFFFFFFFFFFFFFFFF1
:206FC000FFFFFFFFFFFFFFFFFFFFFFFFFFFFFFFFFFFFFFFFFFFFFFFFFFFFFFFFFFFFFFFFD1
:206FE000FFFFFFFFFFFFFFFFFFFFFFFFFFFFFFFFFFFFFFFFFFFFFFFFFFFFFFFFFFFFFFFFB1
:20700000FFFFFFFFFFFFFFFFFFFFFFFFFFFFFFFFFFFFFFFFFFFFFFFFFFFFFFFFFFFFFFFF90
:20702000FFFFFFFFFFFFFFFFFFFFFFFFFFFFFFFFFFFFFFFFFFFFFFFFFFFFFFFFFFFFFFFF70
:20704000FFFFFFFFFFFFFFFFFFFFFFFFFFFFFFFFFFFFFFFFFFFFFFFFFFFFFFFFFFFFFFFF50
:20706000FFFFFFFFFFFFFFFFFFFFFFFFFFFFFFFFFFFFFFFFFFFFFFFFFFFFFFFFFFFFFFFF30
:20708000FFFFFFFFFFFFFFFFFFFFFFFFFFFFFFFFFFFFFFFFFFFFFFFFFFFFFFFFFFFFFFFF10
:2070A000FFFFFFFFFFFFFFFFFFFFFFFFFFFFFFFFFFFFFFFFFFFFFFFFFFFFFFFFFFFFFFFFF0
:2070C000FFFFFFFFFFFFFFFFFFFFFFFFFFFFFFFFFFFFFFFFFFFFFFFFFFFFFFFFFFFFFFFFD0
:2070E000FFFFFFFFFFFFFFFFFFFFFFFFFFFFFFFFFFFFFFFFFFFFFFFFFFFFFFFFFFFFFFFFB0
:20710000FFFFFFFFFFFFFFFFFFFFFFFFFFFFFFFFFFFFFFFFFFFFFFFFFFFFFFFFFFFFFFFF8F
:20712000FFFFFFFFFFFFFFFFFFFFFFFFFFFFFFFFFFFFFFFFFFFFFFFFFFFFFFFFFFFFFFFF6F
:20714000FFFFFFFFFFFFFFFFFFFFFFFFFFFFFFFFFFFFFFFFFFFFFFFFFFFFFFFFFFFFFFFF4F
:20716000FFFFFFFFFFFFFFFFFFFFFFFFFFFFFFFFFFFFFFFFFFFFFFFFFFFFFFFFFFFFFFFF2F
:20718000FFFFFFFFFFFFFFFFFFFFFFFFFFFFFFFFFFFFFFFFFFFFFFFFFFFFFFFFFFFFFFFF0F
:2071A000FFFFFFFFFFFFFFFFFFFFFFFFFFFFFFFFFFFFFFFFFFFFFFFFFFFFFFFFFFFFFFFFEF
:2071C000FFFFFFFFFFFFFFFFFFFFFFFFFFFFFFFFFFFFFFFFFFFFFFFFFFFFFFFFFFFFFFFFCF
:2071E000FFFFFFFFFFFFFFFFFFFFFFFFFFFFFFFFFFFFFFFFFFFFFFFFFFFFFFFFFFFFFFFFAF
:20720000FFFFFFFFFFFFFFFFFFFFFFFFFFFFFFFFFFFFFFFFFFFFFFFFFFFFFFFFFFFFFFFF8E
:20722000FFFFFFFFFFFFFFFFFFFFFFFFFFFFFFFFFFFFFFFFFFFFFFFFFFFFFFFFFFFFFFFF6E
:20724000FFFFFFFFFFFFFFFFFFFFFFFFFFFFFFFFFFFFFFFFFFFFFFFFFFFFFFFFFFFFFFFF4E
:20726000FFFFFFFFFFFFFFFFFFFFFFFFFFFFFFFFFFFFFFFFFFFFFFFFFFFFFFFFFFFFFFFF2E
:20728000FFFFFFFFFFFFFFFFFFFFFFFFFFFFFFFFFFFFFFFFFFFFFFFFFFFFFFFFFFFFFFFF0E
:2072A000FFFFFFFFFFFFFFFFFFFFFFFFFFFFFFFFFFFFFFFFFFFFFFFFFFFFFFFFFFFFFFFFEE
:2072C000FFFFFFFFFFFFFFFFFFFFFFFFFFFFFFFFFFFFFFFFFFFFFFFFFFFFFFFFFFFFFFFFCE
:2072E000FFFFFFFFFFFFFFFFFFFFFFFFFFFFFFFFFFFFFFFFFFFFFFFFFFFFFFFFFFFFFFFFAE
:20730000FFFFFFFFFFFFFFFFFFFFFFFFFFFFFFFFFFFFFFFFFFFFFFFFFFFFFFFFFFFFFFFF8D
:20732000FFFFFFFFFFFFFFFFFFFFFFFFFFFFFFFFFFFFFFFFFFFFFFFFFFFFFFFFFFFFFFFF6D
:20734000FFFFFFFFFFFFFFFFFFFFFFFFFFFFFFFFFFFFFFFFFFFFFFFFFFFFFFFFFFFFFFFF4D
:20736000FFFFFFFFFFFFFFFFFFFFFFFFFFFFFFFFFFFFFFFFFFFFFFFFFFFFFFFFFFFFFFFF2D
:20738000FFFFFFFFFFFFFFFFFFFFFFFFFFFFFFFFFFFFFFFFFFFFFFFFFFFFFFFFFFFFFFFF0D
:2073A000FFFFFFFFFFFFFFFFFFFFFFFFFFFFFFFFFFFFFFFFFFFFFFFFFFFFFFFFFFFFFFFFED
:2073C000FFFFFFFFFFFFFFFFFFFFFFFFFFFFFFFFFFFFFFFFFFFFFFFFFFFFFFFFFFFFFFFFCD
:2073E000FFFFFFFFFFFFFFFFFFFFFFFFFFFFFFFFFFFFFFFFFFFFFFFFFFFFFFFFFFFFFFFFAD
:20740000FFFFFFFFFFFFFFFFFFFFFFFFFFFFFFFFFFFFFFFFFFFFFFFFFFFFFFFFFFFFFFFF8C
:20742000FFFFFFFFFFFFFFFFFFFFFFFFFFFFFFFFFFFFFFFFFFFFFFFFFFFFFFFFFFFFFFFF6C
:20744000FFFFFFFFFFFFFFFFFFFFFFFFFFFFFFFFFFFFFFFFFFFFFFFFFFFFFFFFFFFFFFFF4C
:20746000FFFFFFFFFFFFFFFFFFFFFFFFFFFFFFFFFFFFFFFFFFFFFFFFFFFFFFFFFFFFFFFF2C
:20748000FFFFFFFFFFFFFFFFFFFFFFFFFFFFFFFFFFFFFFFFFFFFFFFFFFFFFFFFFFFFFFFF0C
:2074A000FFFFFFFFFFFFFFFFFFFFFFFFFFFFFFFFFFFFFFFFFFFFFFFFFFFFFFFFFFFFFFFFEC
:2074C000FFFFFFFFFFFFFFFFFFFFFFFFFFFFFFFFFFFFFFFFFFFFFFFFFFFFFFFFFFFFFFFFCC
:2074E000FFFFFFFFFFFFFFFFFFFFFFFFFFFFFFFFFFFFFFFFFFFFFFFFFFFFFFFFFFFFFFFFAC
:20750000FFFFFFFFFFFFFFFFFFFFFFFFFFFFFFFFFFFFFFFFFFFFFFFFFFFFFFFFFFFFFFFF8B
:20752000FFFFFFFFFFFFFFFFFFFFFFFFFFFFFFFFFFFFFFFFFFFFFFFFFFFFFFFFFFFFFFFF6B
:20754000FFFFFFFFFFFFFFFFFFFFFFFFFFFFFFFFFFFFFFFFFFFFFFFFFFFFFFFFFFFFFFFF4B
:20756000FFFFFFFFFFFFFFFFFFFFFFFFFFFFFFFFFFFFFFFFFFFFFFFFFFFFFFFFFFFFFFFF2B
:20758000FFFFFFFFFFFFFFFFFFFFFFFFFFFFFFFFFFFFFFFFFFFFFFFFFFFFFFFFFFFFFFFF0B
:2075A000FFFFFFFFFFFFFFFFFFFFFFFFFFFFFFFFFFFFFFFFFFFFFFFFFFFFFFFFFFFFFFFFEB
:2075C000FFFFFFFFFFFFFFFFFFFFFFFFFFFFFFFFFFFFFFFFFFFFFFFFFFFFFFFFFFFFFFFFCB
:2075E000FFFFFFFFFFFFFFFFFFFFFFFFFFFFFFFFFFFFFFFFFFFFFFFFFFFFFFFFFFFFFFFFAB
:20760000FFFFFFFFFFFFFFFFFFFFFFFFFFFFFFFFFFFFFFFFFFFFFFFFFFFFFFFFFFFFFFFF8A
:20762000FFFFFFFFFFFFFFFFFFFFFFFFFFFFFFFFFFFFFFFFFFFFFFFFFFFFFFFFFFFFFFFF6A
:20764000FFFFFFFFFFFFFFFFFFFFFFFFFFFFFFFFFFFFFFFFFFFFFFFFFFFFFFFFFFFFFFFF4A
:20766000FFFFFFFFFFFFFFFFFFFFFFFFFFFFFFFFFFFFFFFFFFFFFFFFFFFFFFFFFFFFFFFF2A
:20768000FFFFFFFFFFFFFFFFFFFFFFFFFFFFFFFFFFFFFFFFFFFFFFFFFFFFFFFFFFFFFFFF0A
:2076A000FFFFFFFFFFFFFFFFFFFFFFFFFFFFFFFFFFFFFFFFFFFFFFFFFFFFFFFFFFFFFFFFEA
:2076C000FFFFFFFFFFFFFFFFFFFFFFFFFFFFFFFFFFFFFFFFFFFFFFFFFFFFFFFFFFFFFFFFCA
:2076E000FFFFFFFFFFFFFFFFFFFFFFFFFFFFFFFFFFFFFFFFFFFFFFFFFFFFFFFFFFFFFFFFAA
:20770000FFFFFFFFFFFFFFFFFFFFFFFFFFFFFFFFFFFFFFFFFFFFFFFFFFFFFFFFFFFFFFFF89
:20772000FFFFFFFFFFFFFFFFFFFFFFFFFFFFFFFFFFFFFFFFFFFFFFFFFFFFFFFFFFFFFFFF69
:20774000FFFFFFFFFFFFFFFFFFFFFFFFFFFFFFFFFFFFFFFFFFFFFFFFFFFFFFFFFFFFFFFF49
:20776000FFFFFFFFFFFFFFFFFFFFFFFFFFFFFFFFFFFFFFFFFFFFFFFFFFFFFFFFFFFFFFFF29
:20778000FFFFFFFFFFFFFFFFFFFFFFFFFFFFFFFFFFFFFFFFFFFFFFFFFFFFFFFFFFFFFFFF09
:2077A000FFFFFFFFFFFFFFFFFFFFFFFFFFFFFFFFFFFFFFFFFFFFFFFFFFFFFFFFFFFFFFFFE9
:2077C000FFFFFFFFFFFFFFFFFFFFFFFFFFFFFFFFFFFFFFFFFFFFFFFFFFFFFFFFFFFFFFFFC9
:2077E000FFFFFFFFFFFFFFFFFFFFFFFFFFFFFFFFFFFFFFFFFFFFFFFFFFFFFFFFFFFFFFFFA9
:20780000FFFFFFFFFFFFFFFFFFFFFFFFFFFFFFFFFFFFFFFFFFFFFFFFFFFFFFFFFFFFFFFF88
:20782000FFFFFFFFFFFFFFFFFFFFFFFFFFFFFFFFFFFFFFFFFFFFFFFFFFFFFFFFFFFFFFFF68
:20784000FFFFFFFFFFFFFFFFFFFFFFFFFFFFFFFFFFFFFFFFFFFFFFFFFFFFFFFFFFFFFFFF48
:20786000FFFFFFFFFFFFFFFFFFFFFFFFFFFFFFFFFFFFFFFFFFFFFFFFFFFFFFFFFFFFFFFF28
:20788000FFFFFFFFFFFFFFFFFFFFFFFFFFFFFFFFFFFFFFFFFFFFFFFFFFFFFFFFFFFFFFFF08
:2078A000FFFFFFFFFFFFFFFFFFFFFFFFFFFFFFFFFFFFFFFFFFFFFFFFFFFFFFFFFFFFFFFFE8
:2078C000FFFFFFFFFFFFFFFFFFFFFFFFFFFFFFFFFFFFFFFFFFFFFFFFFFFFFFFFFFFFFFFFC8
:2078E000FFFFFFFFFFFFFFFFFFFFFFFFFFFFFFFFFFFFFFFFFFFFFFFFFFFFFFFFFFFFFFFFA8
:20790000FFFFFFFFFFFFFFFFFFFFFFFFFFFFFFFFFFFFFFFFFFFFFFFFFFFFFFFFFFFFFFFF87
:20792000FFFFFFFFFFFFFFFFFFFFFFFFFFFFFFFFFFFFFFFFFFFFFFFFFFFFFFFFFFFFFFFF67
:20794000FFFFFFFFFFFFFFFFFFFFFFFFFFFFFFFFFFFFFFFFFFFFFFFFFFFFFFFFFFFFFFFF47
:20796000FFFFFFFFFFFFFFFFFFFFFFFFFFFFFFFFFFFFFFFFFFFFFFFFFFFFFFFFFFFFFFFF27
:20798000FFFFFFFFFFFFFFFFFFFFFFFFFFFFFFFFFFFFFFFFFFFFFFFFFFFFFFFFFFFFFFFF07
:2079A000FFFFFFFFFFFFFFFFFFFFFFFFFFFFFFFFFFFFFFFFFFFFFFFFFFFFFFFFFFFFFFFFE7
:2079C000FFFFFFFFFFFFFFFFFFFFFFFFFFFFFFFFFFFFFFFFFFFFFFFFFFFFFFFFFFFFFFFFC7
:2079E000FFFFFFFFFFFFFFFFFFFFFFFFFFFFFFFFFFFFFFFFFFFFFFFFFFFFFFFFFFFFFFFFA7
:207A0000FFFFFFFFFFFFFFFFFFFFFFFFFFFFFFFFFFFFFFFFFFFFFFFFFFFFFFFFFFFFFFFF86
:207A2000FFFFFFFFFFFFFFFFFFFFFFFFFFFFFFFFFFFFFFFFFFFFFFFFFFFFFFFFFFFFFFFF66
:207A4000FFFFFFFFFFFFFFFFFFFFFFFFFFFFFFFFFFFFFFFFFFFFFFFFFFFFFFFFFFFFFFFF46
:207A6000FFFFFFFFFFFFFFFFFFFFFFFFFFFFFFFFFFFFFFFFFFFFFFFFFFFFFFFFFFFFFFFF26
:207A8000FFFFFFFFFFFFFFFFFFFFFFFFFFFFFFFFFFFFFFFFFFFFFFFFFFFFFFFFFFFFFFFF06
:207AA000FFFFFFFFFFFFFFFFFFFFFFFFFFFFFFFFFFFFFFFFFFFFFFFFFFFFFFFFFFFFFFFFE6
:207AC000FFFFFFFFFFFFFFFFFFFFFFFFFFFFFFFFFFFFFFFFFFFFFFFFFFFFFFFFFFFFFFFFC6
:207AE000FFFFFFFFFFFFFFFFFFFFFFFFFFFFFFFFFFFFFFFFFFFFFFFFFFFFFFFFFFFFFFFFA6
:207B0000FFFFFFFFFFFFFFFFFFFFFFFFFFFFFFFFFFFFFFFFFFFFFFFFFFFFFFFFFFFFFFFF85
:207B2000FFFFFFFFFFFFFFFFFFFFFFFFFFFFFFFFFFFFFFFFFFFFFFFFFFFFFFFFFFFFFFFF65
:207B4000FFFFFFFFFFFFFFFFFFFFFFFFFFFFFFFFFFFFFFFFFFFFFFFFFFFFFFFFFFFFFFFF45
:207B6000FFFFFFFFFFFFFFFFFFFFFFFFFFFFFFFFFFFFFFFFFFFFFFFFFFFFFFFFFFFFFFFF25
:207B8000FFFFFFFFFFFFFFFFFFFFFFFFFFFFFFFFFFFFFFFFFFFFFFFFFFFFFFFFFFFFFFFF05
:207BA000FFFFFFFFFFFFFFFFFFFFFFFFFFFFFFFFFFFFFFFFFFFFFFFFFFFFFFFFFFFFFFFFE5
:207BC000FFFFFFFFFFFFFFFFFFFFFFFFFFFFFFFFFFFFFFFFFFFFFFFFFFFFFFFFFFFFFFFFC5
:207BE000FFFFFFFFFFFFFFFFFFFFFFFFFFFFFFFFFFFFFFFFFFFFFFFFFFFFFFFFFFFFFFFFA5
:207C0000FFFFFFFFFFFFFFFFFFFFFFFFFFFFFFFFFFFFFFFFFFFFFFFFFFFFFFFFFFFFFFFF84
:207C2000FFFFFFFFFFFFFFFFFFFFFFFFFFFFFFFFFFFFFFFFFFFFFFFFFFFFFFFFFFFFFFFF64
:207C4000FFFFFFFFFFFFFFFFFFFFFFFFFFFFFFFFFFFFFFFFFFFFFFFFFFFFFFFFFFFFFFFF44
:207C6000FFFFFFFFFFFFFFFFFFFFFFFFFFFFFFFFFFFFFFFFFFFFFFFFFFFFFFFFFFFFFFFF24
:207C8000FFFFFFFFFFFFFFFFFFFFFFFFFFFFFFFFFFFFFFFFFFFFFFFFFFFFFFFFFFFFFFFF04
:207CA000FFFFFFFFFFFFFFFFFFFFFFFFFFFFFFFFFFFFFFFFFFFFFFFFFFFFFFFFFFFFFFFFE4
:207CC000FFFFFFFFFFFFFFFFFFFFFFFFFFFFFFFFFFFFFFFFFFFFFFFFFFFFFFFFFFFFFFFFC4
:207CE000FFFFFFFFFFFFFFFFFFFFFFFFFFFFFFFFFFFFFFFFFFFFFFFFFFFFFFFFFFFFFFFFA4
:207D0000FFFFFFFFFFFFFFFFFFFFFFFFFFFFFFFFFFFFFFFFFFFFFFFFFFFFFFFFFFFFFFFF83
:207D2000FFFFFFFFFFFFFFFFFFFFFFFFFFFFFFFFFFFFFFFFFFFFFFFFFFFFFFFFFFFFFFFF63
:207D4000FFFFFFFFFFFFFFFFFFFFFFFFFFFFFFFFFFFFFFFFFFFFFFFFFFFFFFFFFFFFFFFF43
:207D6000FFFFFFFFFFFFFFFFFFFFFFFFFFFFFFFFFFFFFFFFFFFFFFFFFFFFFFFFFFFFFFFF23
:207D8000FFFFFFFFFFFFFFFFFFFFFFFFFFFFFFFFFFFFFFFFFFFFFFFFFFFFFFFFFFFFFFFF03
:207DA000FFFFFFFFFFFFFFFFFFFFFFFFFFFFFFFFFFFFFFFFFFFFFFFFFFFFFFFFFFFFFFFFE3
:207DC000FFFFFFFFFFFFFFFFFFFFFFFFFFFFFFFFFFFFFFFFFFFFFFFFFFFFFFFFFFFFFFFFC3
:207DE000FFFFFFFFFFFFFFFFFFFFFFFFFFFFFFFFFFFFFFFFFFFFFFFFFFFFFFFFFFFFFFFFA3
:207E0000FFFFFFFFFFFFFFFFFFFFFFFFFFFFFFFFFFFFFFFFFFFFFFFFFFFFFFFFFFFFFFFF82
:207E2000FFFFFFFFFFFFFFFFFFFFFFFFFFFFFFFFFFFFFFFFFFFFFFFFFFFFFFFFFFFFFFFF62
:207E4000FFFFFFFFFFFFFFFFFFFFFFFFFFFFFFFFFFFFFFFFFFFFFFFFFFFFFFFFFFFFFFFF42
:207E6000FFFFFFFFFFFFFFFFFFFFFFFFFFFFFFFFFFFFFFFFFFFFFFFFFFFFFFFFFFFFFFFF22
:207E8000FFFFFFFFFFFFFFFFFFFFFFFFFFFFFFFFFFFFFFFFFFFFFFFFFFFFFFFFFFFFFFFF02
:207EA000FFFFFFFFFFFFFFFFFFFFFFFFFFFFFFFFFFFFFFFFFFFFFFFFFFFFFFFFFFFFFFFFE2
:207EC000FFFFFFFFFFFFFFFFFFFFFFFFFFFFFFFFFFFFFFFFFFFFFFFFFFFFFFFFFFFFFFFFC2
:207EE000FFFFFFFFFFFFFFFFFFFFFFFFFFFFFFFFFFFFFFFFFFFFFFFFFFFFFFFFFFFFFFFFA2
:207F0000FFFFFFFFFFFFFFFFFFFFFFFFFFFFFFFFFFFFFFFFFFFFFFFFFFFFFFFFFFFFFFFF81
:207F2000FFFFFFFFFFFFFFFFFFFFFFFFFFFFFFFFFFFFFFFFFFFFFFFFFFFFFFFFFFFFFFFF61
:207F4000FFFFFFFFFFFFFFFFFFFFFFFFFFFFFFFFFFFFFFFFFFFFFFFFFFFFFFFFFFFFFFFF41
:207F6000FFFFFFFFFFFFFFFFFFFFFFFFFFFFFFFFFFFFFFFFFFFFFFFFFFFFFFFFFFFFFFFF21
:207F8000FFFFFFFFFFFFFFFFFFFFFFFFFFFFFFFFFFFFFFFFFFFFFFFFFFFFFFFFFFFFFFFF01
:207FA000FFFFFFFFFFFFFFFFFFFFFFFFFFFFFFFFFFFFFFFFFFFFFFFFFFFFFFFFFFFFFFFFE1
:207FC000FFFFFFFFFFFFFFFFFFFFFFFFFFFFFFFFFFFFFFFFFFFFFFFFFFFFFFFFFFFFFFFFC1
:207FE000FFFFFFFFFFFFFFFFFFFFFFFFFFFFFFFFFFFFFFFFFFFFFFFFFFFFFFFFFFFFFFFFA1
:20800000FFFFFFFFFFFFFFFFFFFFFFFFFFFFFFFFFFFFFFFFFFFFFFFFFFFFFFFFFFFFFFFF80
:20802000FFFFFFFFFFFFFFFFFFFFFFFFFFFFFFFFFFFFFFFFFFFFFFFFFFFFFFFFFFFFFFFF60
:20804000FFFFFFFFFFFFFFFFFFFFFFFFFFFFFFFFFFFFFFFFFFFFFFFFFFFFFFFFFFFFFFFF40
:20806000FFFFFFFFFFFFFFFFFFFFFFFFFFFFFFFFFFFFFFFFFFFFFFFFFFFFFFFFFFFFFFFF20
:20808000FFFFFFFFFFFFFFFFFFFFFFFFFFFFFFFFFFFFFFFFFFFFFFFFFFFFFFFFFFFFFFFF00
:2080A000FFFFFFFFFFFFFFFFFFFFFFFFFFFFFFFFFFFFFFFFFFFFFFFFFFFFFFFFFFFFFFFFE0
:2080C000FFFFFFFFFFFFFFFFFFFFFFFFFFFFFFFFFFFFFFFFFFFFFFFFFFFFFFFFFFFFFFFFC0
:2080E000FFFFFFFFFFFFFFFFFFFFFFFFFFFFFFFFFFFFFFFFFFFFFFFFFFFFFFFFFFFFFFFFA0
:20810000FFFFFFFFFFFFFFFFFFFFFFFFFFFFFFFFFFFFFFFFFFFFFFFFFFFFFFFFFFFFFFFF7F
:20812000FFFFFFFFFFFFFFFFFFFFFFFFFFFFFFFFFFFFFFFFFFFFFFFFFFFFFFFFFFFFFFFF5F
:20814000FFFFFFFFFFFFFFFFFFFFFFFFFFFFFFFFFFFFFFFFFFFFFFFFFFFFFFFFFFFFFFFF3F
:20816000FFFFFFFFFFFFFFFFFFFFFFFFFFFFFFFFFFFFFFFFFFFFFFFFFFFFFFFFFFFFFFFF1F
:20818000FFFFFFFFFFFFFFFFFFFFFFFFFFFFFFFFFFFFFFFFFFFFFFFFFFFFFFFFFFFFFFFFFF
:2081A000FFFFFFFFFFFFFFFFFFFFFFFFFFFFFFFFFFFFFFFFFFFFFFFFFFFFFFFFFFFFFFFFDF
:2081C000FFFFFFFFFFFFFFFFFFFFFFFFFFFFFFFFFFFFFFFFFFFFFFFFFFFFFFFFFFFFFFFFBF
:2081E000FFFFFFFFFFFFFFFFFFFFFFFFFFFFFFFFFFFFFFFFFFFFFFFFFFFFFFFFFFFFFFFF9F
:20820000FFFFFFFFFFFFFFFFFFFFFFFFFFFFFFFFFFFFFFFFFFFFFFFFFFFFFFFFFFFFFFFF7E
:20822000FFFFFFFFFFFFFFFFFFFFFFFFFFFFFFFFFFFFFFFFFFFFFFFFFFFFFFFFFFFFFFFF5E
:20824000FFFFFFFFFFFFFFFFFFFFFFFFFFFFFFFFFFFFFFFFFFFFFFFFFFFFFFFFFFFFFFFF3E
:20826000FFFFFFFFFFFFFFFFFFFFFFFFFFFFFFFFFFFFFFFFFFFFFFFFFFFFFFFFFFFFFFFF1E
:20828000FFFFFFFFFFFFFFFFFFFFFFFFFFFFFFFFFFFFFFFFFFFFFFFFFFFFFFFFFFFFFFFFFE
:2082A000FFFFFFFFFFFFFFFFFFFFFFFFFFFFFFFFFFFFFFFFFFFFFFFFFFFFFFFFFFFFFFFFDE
:2082C000FFFFFFFFFFFFFFFFFFFFFFFFFFFFFFFFFFFFFFFFFFFFFFFFFFFFFFFFFFFFFFFFBE
:2082E000FFFFFFFFFFFFFFFFFFFFFFFFFFFFFFFFFFFFFFFFFFFFFFFFFFFFFFFFFFFFFFFF9E
:20830000FFFFFFFFFFFFFFFFFFFFFFFFFFFFFFFFFFFFFFFFFFFFFFFFFFFFFFFFFFFFFFFF7D
:20832000FFFFFFFFFFFFFFFFFFFFFFFFFFFFFFFFFFFFFFFFFFFFFFFFFFFFFFFFFFFFFFFF5D
:20834000FFFFFFFFFFFFFFFFFFFFFFFFFFFFFFFFFFFFFFFFFFFFFFFFFFFFFFFFFFFFFFFF3D
:20836000FFFFFFFFFFFFFFFFFFFFFFFFFFFFFFFFFFFFFFFFFFFFFFFFFFFFFFFFFFFFFFFF1D
:20838000FFFFFFFFFFFFFFFFFFFFFFFFFFFFFFFFFFFFFFFFFFFFFFFFFFFFFFFFFFFFFFFFFD
:2083A000FFFFFFFFFFFFFFFFFFFFFFFFFFFFFFFFFFFFFFFFFFFFFFFFFFFFFFFFFFFFFFFFDD
:2083C000FFFFFFFFFFFFFFFFFFFFFFFFFFFFFFFFFFFFFFFFFFFFFFFFFFFFFFFFFFFFFFFFBD
:2083E000FFFFFFFFFFFFFFFFFFFFFFFFFFFFFFFFFFFFFFFFFFFFFFFFFFFFFFFFFFFFFFFF9D
:20840000FFFFFFFFFFFFFFFFFFFFFFFFFFFFFFFFFFFFFFFFFFFFFFFFFFFFFFFFFFFFFFFF7C
:20842000FFFFFFFFFFFFFFFFFFFFFFFFFFFFFFFFFFFFFFFFFFFFFFFFFFFFFFFFFFFFFFFF5C
:20844000FFFFFFFFFFFFFFFFFFFFFFFFFFFFFFFFFFFFFFFFFFFFFFFFFFFFFFFFFFFFFFFF3C
:20846000FFFFFFFFFFFFFFFFFFFFFFFFFFFFFFFFFFFFFFFFFFFFFFFFFFFFFFFFFFFFFFFF1C
:20848000FFFFFFFFFFFFFFFFFFFFFFFFFFFFFFFFFFFFFFFFFFFFFFFFFFFFFFFFFFFFFFFFFC
:2084A000FFFFFFFFFFFFFFFFFFFFFFFFFFFFFFFFFFFFFFFFFFFFFFFFFFFFFFFFFFFFFFFFDC
:2084C000FFFFFFFFFFFFFFFFFFFFFFFFFFFFFFFFFFFFFFFFFFFFFFFFFFFFFFFFFFFFFFFFBC
:2084E000FFFFFFFFFFFFFFFFFFFFFFFFFFFFFFFFFFFFFFFFFFFFFFFFFFFFFFFFFFFFFFFF9C
:20850000FFFFFFFFFFFFFFFFFFFFFFFFFFFFFFFFFFFFFFFFFFFFFFFFFFFFFFFFFFFFFFFF7B
:20852000FFFFFFFFFFFFFFFFFFFFFFFFFFFFFFFFFFFFFFFFFFFFFFFFFFFFFFFFFFFFFFFF5B
:20854000FFFFFFFFFFFFFFFFFFFFFFFFFFFFFFFFFFFFFFFFFFFFFFFFFFFFFFFFFFFFFFFF3B
:20856000FFFFFFFFFFFFFFFFFFFFFFFFFFFFFFFFFFFFFFFFFFFFFFFFFFFFFFFFFFFFFFFF1B
:20858000FFFFFFFFFFFFFFFFFFFFFFFFFFFFFFFFFFFFFFFFFFFFFFFFFFFFFFFFFFFFFFFFFB
:2085A000FFFFFFFFFFFFFFFFFFFFFFFFFFFFFFFFFFFFFFFFFFFFFFFFFFFFFFFFFFFFFFFFDB
:2085C000FFFFFFFFFFFFFFFFFFFFFFFFFFFFFFFFFFFFFFFFFFFFFFFFFFFFFFFFFFFFFFFFBB
:2085E000FFFFFFFFFFFFFFFFFFFFFFFFFFFFFFFFFFFFFFFFFFFFFFFFFFFFFFFFFFFFFFFF9B
:20860000FFFFFFFFFFFFFFFFFFFFFFFFFFFFFFFFFFFFFFFFFFFFFFFFFFFFFFFFFFFFFFFF7A
:20862000FFFFFFFFFFFFFFFFFFFFFFFFFFFFFFFFFFFFFFFFFFFFFFFFFFFFFFFFFFFFFFFF5A
:20864000FFFFFFFFFFFFFFFFFFFFFFFFFFFFFFFFFFFFFFFFFFFFFFFFFFFFFFFFFFFFFFFF3A
:20866000FFFFFFFFFFFFFFFFFFFFFFFFFFFFFFFFFFFFFFFFFFFFFFFFFFFFFFFFFFFFFFFF1A
:20868000FFFFFFFFFFFFFFFFFFFFFFFFFFFFFFFFFFFFFFFFFFFFFFFFFFFFFFFFFFFFFFFFFA
:2086A000FFFFFFFFFFFFFFFFFFFFFFFFFFFFFFFFFFFFFFFFFFFFFFFFFFFFFFFFFFFFFFFFDA
:2086C000FFFFFFFFFFFFFFFFFFFFFFFFFFFFFFFFFFFFFFFFFFFFFFFFFFFFFFFFFFFFFFFFBA
:2086E000FFFFFFFFFFFFFFFFFFFFFFFFFFFFFFFFFFFFFFFFFFFFFFFFFFFFFFFFFFFFFFFF9A
:20870000FFFFFFFFFFFFFFFFFFFFFFFFFFFFFFFFFFFFFFFFFFFFFFFFFFFFFFFFFFFFFFFF79
:20872000FFFFFFFFFFFFFFFFFFFFFFFFFFFFFFFFFFFFFFFFFFFFFFFFFFFFFFFFFFFFFFFF59
:20874000FFFFFFFFFFFFFFFFFFFFFFFFFFFFFFFFFFFFFFFFFFFFFFFFFFFFFFFFFFFFFFFF39
:20876000FFFFFFFFFFFFFFFFFFFFFFFFFFFFFFFFFFFFFFFFFFFFFFFFFFFFFFFFFFFFFFFF19
:20878000FFFFFFFFFFFFFFFFFFFFFFFFFFFFFFFFFFFFFFFFFFFFFFFFFFFFFFFFFFFFFFFFF9
:2087A000FFFFFFFFFFFFFFFFFFFFFFFFFFFFFFFFFFFFFFFFFFFFFFFFFFFFFFFFFFFFFFFFD9
:2087C000FFFFFFFFFFFFFFFFFFFFFFFFFFFFFFFFFFFFFFFFFFFFFFFFFFFFFFFFFFFFFFFFB9
:2087E000FFFFFFFFFFFFFFFFFFFFFFFFFFFFFFFFFFFFFFFFFFFFFFFFFFFFFFFFFFFFFFFF99
:20880000FFFFFFFFFFFFFFFFFFFFFFFFFFFFFFFFFFFFFFFFFFFFFFFFFFFFFFFFFFFFFFFF78
:20882000FFFFFFFFFFFFFFFFFFFFFFFFFFFFFFFFFFFFFFFFFFFFFFFFFFFFFFFFFFFFFFFF58
:20884000FFFFFFFFFFFFFFFFFFFFFFFFFFFFFFFFFFFFFFFFFFFFFFFFFFFFFFFFFFFFFFFF38
:20886000FFFFFFFFFFFFFFFFFFFFFFFFFFFFFFFFFFFFFFFFFFFFFFFFFFFFFFFFFFFFFFFF18
:20888000FFFFFFFFFFFFFFFFFFFFFFFFFFFFFFFFFFFFFFFFFFFFFFFFFFFFFFFFFFFFFFFFF8
:2088A000FFFFFFFFFFFFFFFFFFFFFFFFFFFFFFFFFFFFFFFFFFFFFFFFFFFFFFFFFFFFFFFFD8
:2088C000FFFFFFFFFFFFFFFFFFFFFFFFFFFFFFFFFFFFFFFFFFFFFFFFFFFFFFFFFFFFFFFFB8
:2088E000FFFFFFFFFFFFFFFFFFFFFFFFFFFFFFFFFFFFFFFFFFFFFFFFFFFFFFFFFFFFFFFF98
:20890000FFFFFFFFFFFFFFFFFFFFFFFFFFFFFFFFFFFFFFFFFFFFFFFFFFFFFFFFFFFFFFFF77
:20892000FFFFFFFFFFFFFFFFFFFFFFFFFFFFFFFFFFFFFFFFFFFFFFFFFFFFFFFFFFFFFFFF57
:20894000FFFFFFFFFFFFFFFFFFFFFFFFFFFFFFFFFFFFFFFFFFFFFFFFFFFFFFFFFFFFFFFF37
:20896000FFFFFFFFFFFFFFFFFFFFFFFFFFFFFFFFFFFFFFFFFFFFFFFFFFFFFFFFFFFFFFFF17
:20898000FFFFFFFFFFFFFFFFFFFFFFFFFFFFFFFFFFFFFFFFFFFFFFFFFFFFFFFFFFFFFFFFF7
:2089A000FFFFFFFFFFFFFFFFFFFFFFFFFFFFFFFFFFFFFFFFFFFFFFFFFFFFFFFFFFFFFFFFD7
:2089C000FFFFFFFFFFFFFFFFFFFFFFFFFFFFFFFFFFFFFFFFFFFFFFFFFFFFFFFFFFFFFFFFB7
:2089E000FFFFFFFFFFFFFFFFFFFFFFFFFFFFFFFFFFFFFFFFFFFFFFFFFFFFFFFFFFFFFFFF97
:208A0000FFFFFFFFFFFFFFFFFFFFFFFFFFFFFFFFFFFFFFFFFFFFFFFFFFFFFFFFFFFFFFFF76
:208A2000FFFFFFFFFFFFFFFFFFFFFFFFFFFFFFFFFFFFFFFFFFFFFFFFFFFFFFFFFFFFFFFF56
:208A4000FFFFFFFFFFFFFFFFFFFFFFFFFFFFFFFFFFFFFFFFFFFFFFFFFFFFFFFFFFFFFFFF36
:208A6000FFFFFFFFFFFFFFFFFFFFFFFFFFFFFFFFFFFFFFFFFFFFFFFFFFFFFFFFFFFFFFFF16
:208A8000FFFFFFFFFFFFFFFFFFFFFFFFFFFFFFFFFFFFFFFFFFFFFFFFFFFFFFFFFFFFFFFFF6
:208AA000FFFFFFFFFFFFFFFFFFFFFFFFFFFFFFFFFFFFFFFFFFFFFFFFFFFFFFFFFFFFFFFFD6
:208AC000FFFFFFFFFFFFFFFFFFFFFFFFFFFFFFFFFFFFFFFFFFFFFFFFFFFFFFFFFFFFFFFFB6
:208AE000FFFFFFFFFFFFFFFFFFFFFFFFFFFFFFFFFFFFFFFFFFFFFFFFFFFFFFFFFFFFFFFF96
:208B0000FFFFFFFFFFFFFFFFFFFFFFFFFFFFFFFFFFFFFFFFFFFFFFFFFFFFFFFFFFFFFFFF75
:208B2000FFFFFFFFFFFFFFFFFFFFFFFFFFFFFFFFFFFFFFFFFFFFFFFFFFFFFFFFFFFFFFFF55
:208B4000FFFFFFFFFFFFFFFFFFFFFFFFFFFFFFFFFFFFFFFFFFFFFFFFFFFFFFFFFFFFFFFF35
:208B6000FFFFFFFFFFFFFFFFFFFFFFFFFFFFFFFFFFFFFFFFFFFFFFFFFFFFFFFFFFFFFFFF15
:208B8000FFFFFFFFFFFFFFFFFFFFFFFFFFFFFFFFFFFFFFFFFFFFFFFFFFFFFFFFFFFFFFFFF5
:208BA000FFFFFFFFFFFFFFFFFFFFFFFFFFFFFFFFFFFFFFFFFFFFFFFFFFFFFFFFFFFFFFFFD5
:208BC000FFFFFFFFFFFFFFFFFFFFFFFFFFFFFFFFFFFFFFFFFFFFFFFFFFFFFFFFFFFFFFFFB5
:208BE000FFFFFFFFFFFFFFFFFFFFFFFFFFFFFFFFFFFFFFFFFFFFFFFFFFFFFFFFFFFFFFFF95
:208C0000FFFFFFFFFFFFFFFFFFFFFFFFFFFFFFFFFFFFFFFFFFFFFFFFFFFFFFFFFFFFFFFF74
:208C2000FFFFFFFFFFFFFFFFFFFFFFFFFFFFFFFFFFFFFFFFFFFFFFFFFFFFFFFFFFFFFFFF54
:208C4000FFFFFFFFFFFFFFFFFFFFFFFFFFFFFFFFFFFFFFFFFFFFFFFFFFFFFFFFFFFFFFFF34
:208C6000FFFFFFFFFFFFFFFFFFFFFFFFFFFFFFFFFFFFFFFFFFFFFFFFFFFFFFFFFFFFFFFF14
:208C8000FFFFFFFFFFFFFFFFFFFFFFFFFFFFFFFFFFFFFFFFFFFFFFFFFFFFFFFFFFFFFFFFF4
:208CA000FFFFFFFFFFFFFFFFFFFFFFFFFFFFFFFFFFFFFFFFFFFFFFFFFFFFFFFFFFFFFFFFD4
:208CC000FFFFFFFFFFFFFFFFFFFFFFFFFFFFFFFFFFFFFFFFFFFFFFFFFFFFFFFFFFFFFFFFB4
:208CE000FFFFFFFFFFFFFFFFFFFFFFFFFFFFFFFFFFFFFFFFFFFFFFFFFFFFFFFFFFFFFFFF94
:208D0000FFFFFFFFFFFFFFFFFFFFFFFFFFFFFFFFFFFFFFFFFFFFFFFFFFFFFFFFFFFFFFFF73
:208D2000FFFFFFFFFFFFFFFFFFFFFFFFFFFFFFFFFFFFFFFFFFFFFFFFFFFFFFFFFFFFFFFF53
:208D4000FFFFFFFFFFFFFFFFFFFFFFFFFFFFFFFFFFFFFFFFFFFFFFFFFFFFFFFFFFFFFFFF33
:208D6000FFFFFFFFFFFFFFFFFFFFFFFFFFFFFFFFFFFFFFFFFFFFFFFFFFFFFFFFFFFFFFFF13
:208D8000FFFFFFFFFFFFFFFFFFFFFFFFFFFFFFFFFFFFFFFFFFFFFFFFFFFFFFFFFFFFFFFFF3
:208DA000FFFFFFFFFFFFFFFFFFFFFFFFFFFFFFFFFFFFFFFFFFFFFFFFFFFFFFFFFFFFFFFFD3
:208DC000FFFFFFFFFFFFFFFFFFFFFFFFFFFFFFFFFFFFFFFFFFFFFFFFFFFFFFFFFFFFFFFFB3
:208DE000FFFFFFFFFFFFFFFFFFFFFFFFFFFFFFFFFFFFFFFFFFFFFFFFFFFFFFFFFFFFFFFF93
:208E0000FFFFFFFFFFFFFFFFFFFFFFFFFFFFFFFFFFFFFFFFFFFFFFFFFFFFFFFFFFFFFFFF72
:208E2000FFFFFFFFFFFFFFFFFFFFFFFFFFFFFFFFFFFFFFFFFFFFFFFFFFFFFFFFFFFFFFFF52
:208E4000FFFFFFFFFFFFFFFFFFFFFFFFFFFFFFFFFFFFFFFFFFFFFFFFFFFFFFFFFFFFFFFF32
:208E6000FFFFFFFFFFFFFFFFFFFFFFFFFFFFFFFFFFFFFFFFFFFFFFFFFFFFFFFFFFFFFFFF12
:208E8000FFFFFFFFFFFFFFFFFFFFFFFFFFFFFFFFFFFFFFFFFFFFFFFFFFFFFFFFFFFFFFFFF2
:208EA000FFFFFFFFFFFFFFFFFFFFFFFFFFFFFFFFFFFFFFFFFFFFFFFFFFFFFFFFFFFFFFFFD2
:208EC000FFFFFFFFFFFFFFFFFFFFFFFFFFFFFFFFFFFFFFFFFFFFFFFFFFFFFFFFFFFFFFFFB2
:208EE000FFFFFFFFFFFFFFFFFFFFFFFFFFFFFFFFFFFFFFFFFFFFFFFFFFFFFFFFFFFFFFFF92
:208F0000FFFFFFFFFFFFFFFFFFFFFFFFFFFFFFFFFFFFFFFFFFFFFFFFFFFFFFFFFFFFFFFF71
:208F2000FFFFFFFFFFFFFFFFFFFFFFFFFFFFFFFFFFFFFFFFFFFFFFFFFFFFFFFFFFFFFFFF51
:208F4000FFFFFFFFFFFFFFFFFFFFFFFFFFFFFFFFFFFFFFFFFFFFFFFFFFFFFFFFFFFFFFFF31
:208F6000FFFFFFFFFFFFFFFFFFFFFFFFFFFFFFFFFFFFFFFFFFFFFFFFFFFFFFFFFFFFFFFF11
:208F8000FFFFFFFFFFFFFFFFFFFFFFFFFFFFFFFFFFFFFFFFFFFFFFFFFFFFFFFFFFFFFFFFF1
:208FA000FFFFFFFFFFFFFFFFFFFFFFFFFFFFFFFFFFFFFFFFFFFFFFFFFFFFFFFFFFFFFFFFD1
:208FC000FFFFFFFFFFFFFFFFFFFFFFFFFFFFFFFFFFFFFFFFFFFFFFFFFFFFFFFFFFFFFFFFB1
:208FE000FFFFFFFFFFFFFFFFFFFFFFFFFFFFFFFFFFFFFFFFFFFFFFFFFFFFFFFFFFFFFFFF91
:20900000FFFFFFFFFFFFFFFFFFFFFFFFFFFFFFFFFFFFFFFFFFFFFFFFFFFFFFFFFFFFFFFF70
:20902000FFFFFFFFFFFFFFFFFFFFFFFFFFFFFFFFFFFFFFFFFFFFFFFFFFFFFFFFFFFFFFFF50
:20904000FFFFFFFFFFFFFFFFFFFFFFFFFFFFFFFFFFFFFFFFFFFFFFFFFFFFFFFFFFFFFFFF30
:20906000FFFFFFFFFFFFFFFFFFFFFFFFFFFFFFFFFFFFFFFFFFFFFFFFFFFFFFFFFFFFFFFF10
:20908000FFFFFFFFFFFFFFFFFFFFFFFFFFFFFFFFFFFFFFFFFFFFFFFFFFFFFFFFFFFFFFFFF0
:2090A000FFFFFFFFFFFFFFFFFFFFFFFFFFFFFFFFFFFFFFFFFFFFFFFFFFFFFFFFFFFFFFFFD0
:2090C000FFFFFFFFFFFFFFFFFFFFFFFFFFFFFFFFFFFFFFFFFFFFFFFFFFFFFFFFFFFFFFFFB0
:2090E000FFFFFFFFFFFFFFFFFFFFFFFFFFFFFFFFFFFFFFFFFFFFFFFFFFFFFFFFFFFFFFFF90
:20910000FFFFFFFFFFFFFFFFFFFFFFFFFFFFFFFFFFFFFFFFFFFFFFFFFFFFFFFFFFFFFFFF6F
:20912000FFFFFFFFFFFFFFFFFFFFFFFFFFFFFFFFFFFFFFFFFFFFFFFFFFFFFFFFFFFFFFFF4F
:20914000FFFFFFFFFFFFFFFFFFFFFFFFFFFFFFFFFFFFFFFFFFFFFFFFFFFFFFFFFFFFFFFF2F
:20916000FFFFFFFFFFFFFFFFFFFFFFFFFFFFFFFFFFFFFFFFFFFFFFFFFFFFFFFFFFFFFFFF0F
:20918000FFFFFFFFFFFFFFFFFFFFFFFFFFFFFFFFFFFFFFFFFFFFFFFFFFFFFFFFFFFFFFFFEF
:2091A000FFFFFFFFFFFFFFFFFFFFFFFFFFFFFFFFFFFFFFFFFFFFFFFFFFFFFFFFFFFFFFFFCF
:2091C000FFFFFFFFFFFFFFFFFFFFFFFFFFFFFFFFFFFFFFFFFFFFFFFFFFFFFFFFFFFFFFFFAF
:2091E000FFFFFFFFFFFFFFFFFFFFFFFFFFFFFFFFFFFFFFFFFFFFFFFFFFFFFFFFFFFFFFFF8F
:20920000FFFFFFFFFFFFFFFFFFFFFFFFFFFFFFFFFFFFFFFFFFFFFFFFFFFFFFFFFFFFFFFF6E
:20922000FFFFFFFFFFFFFFFFFFFFFFFFFFFFFFFFFFFFFFFFFFFFFFFFFFFFFFFFFFFFFFFF4E
:20924000FFFFFFFFFFFFFFFFFFFFFFFFFFFFFFFFFFFFFFFFFFFFFFFFFFFFFFFFFFFFFFFF2E
:20926000FFFFFFFFFFFFFFFFFFFFFFFFFFFFFFFFFFFFFFFFFFFFFFFFFFFFFFFFFFFFFFFF0E
:20928000FFFFFFFFFFFFFFFFFFFFFFFFFFFFFFFFFFFFFFFFFFFFFFFFFFFFFFFFFFFFFFFFEE
:2092A000FFFFFFFFFFFFFFFFFFFFFFFFFFFFFFFFFFFFFFFFFFFFFFFFFFFFFFFFFFFFFFFFCE
:2092C000FFFFFFFFFFFFFFFFFFFFFFFFFFFFFFFFFFFFFFFFFFFFFFFFFFFFFFFFFFFFFFFFAE
:2092E000FFFFFFFFFFFFFFFFFFFFFFFFFFFFFFFFFFFFFFFFFFFFFFFFFFFFFFFFFFFFFFFF8E
:20930000FFFFFFFFFFFFFFFFFFFFFFFFFFFFFFFFFFFFFFFFFFFFFFFFFFFFFFFFFFFFFFFF6D
:20932000FFFFFFFFFFFFFFFFFFFFFFFFFFFFFFFFFFFFFFFFFFFFFFFFFFFFFFFFFFFFFFFF4D
:20934000FFFFFFFFFFFFFFFFFFFFFFFFFFFFFFFFFFFFFFFFFFFFFFFFFFFFFFFFFFFFFFFF2D
:20936000FFFFFFFFFFFFFFFFFFFFFFFFFFFFFFFFFFFFFFFFFFFFFFFFFFFFFFFFFFFFFFFF0D
:20938000FFFFFFFFFFFFFFFFFFFFFFFFFFFFFFFFFFFFFFFFFFFFFFFFFFFFFFFFFFFFFFFFED
:2093A000FFFFFFFFFFFFFFFFFFFFFFFFFFFFFFFFFFFFFFFFFFFFFFFFFFFFFFFFFFFFFFFFCD
:2093C000FFFFFFFFFFFFFFFFFFFFFFFFFFFFFFFFFFFFFFFFFFFFFFFFFFFFFFFFFFFFFFFFAD
:2093E000FFFFFFFFFFFFFFFFFFFFFFFFFFFFFFFFFFFFFFFFFFFFFFFFFFFFFFFFFFFFFFFF8D
:20940000FFFFFFFFFFFFFFFFFFFFFFFFFFFFFFFFFFFFFFFFFFFFFFFFFFFFFFFFFFFFFFFF6C
:20942000FFFFFFFFFFFFFFFFFFFFFFFFFFFFFFFFFFFFFFFFFFFFFFFFFFFFFFFFFFFFFFFF4C
:20944000FFFFFFFFFFFFFFFFFFFFFFFFFFFFFFFFFFFFFFFFFFFFFFFFFFFFFFFFFFFFFFFF2C
:20946000FFFFFFFFFFFFFFFFFFFFFFFFFFFFFFFFFFFFFFFFFFFFFFFFFFFFFFFFFFFFFFFF0C
:20948000FFFFFFFFFFFFFFFFFFFFFFFFFFFFFFFFFFFFFFFFFFFFFFFFFFFFFFFFFFFFFFFFEC
:2094A000FFFFFFFFFFFFFFFFFFFFFFFFFFFFFFFFFFFFFFFFFFFFFFFFFFFFFFFFFFFFFFFFCC
:2094C000FFFFFFFFFFFFFFFFFFFFFFFFFFFFFFFFFFFFFFFFFFFFFFFFFFFFFFFFFFFFFFFFAC
:2094E000FFFFFFFFFFFFFFFFFFFFFFFFFFFFFFFFFFFFFFFFFFFFFFFFFFFFFFFFFFFFFFFF8C
:20950000FFFFFFFFFFFFFFFFFFFFFFFFFFFFFFFFFFFFFFFFFFFFFFFFFFFFFFFFFFFFFFFF6B
:20952000FFFFFFFFFFFFFFFFFFFFFFFFFFFFFFFFFFFFFFFFFFFFFFFFFFFFFFFFFFFFFFFF4B
:20954000FFFFFFFFFFFFFFFFFFFFFFFFFFFFFFFFFFFFFFFFFFFFFFFFFFFFFFFFFFFFFFFF2B
:20956000FFFFFFFFFFFFFFFFFFFFFFFFFFFFFFFFFFFFFFFFFFFFFFFFFFFFFFFFFFFFFFFF0B
:20958000FFFFFFFFFFFFFFFFFFFFFFFFFFFFFFFFFFFFFFFFFFFFFFFFFFFFFFFFFFFFFFFFEB
:2095A000FFFFFFFFFFFFFFFFFFFFFFFFFFFFFFFFFFFFFFFFFFFFFFFFFFFFFFFFFFFFFFFFCB
:2095C000FFFFFFFFFFFFFFFFFFFFFFFFFFFFFFFFFFFFFFFFFFFFFFFFFFFFFFFFFFFFFFFFAB
:2095E000FFFFFFFFFFFFFFFFFFFFFFFFFFFFFFFFFFFFFFFFFFFFFFFFFFFFFFFFFFFFFFFF8B
:20960000FFFFFFFFFFFFFFFFFFFFFFFFFFFFFFFFFFFFFFFFFFFFFFFFFFFFFFFFFFFFFFFF6A
:20962000FFFFFFFFFFFFFFFFFFFFFFFFFFFFFFFFFFFFFFFFFFFFFFFFFFFFFFFFFFFFFFFF4A
:20964000FFFFFFFFFFFFFFFFFFFFFFFFFFFFFFFFFFFFFFFFFFFFFFFFFFFFFFFFFFFFFFFF2A
:20966000FFFFFFFFFFFFFFFFFFFFFFFFFFFFFFFFFFFFFFFFFFFFFFFFFFFFFFFFFFFFFFFF0A
:20968000FFFFFFFFFFFFFFFFFFFFFFFFFFFFFFFFFFFFFFFFFFFFFFFFFFFFFFFFFFFFFFFFEA
:2096A000FFFFFFFFFFFFFFFFFFFFFFFFFFFFFFFFFFFFFFFFFFFFFFFFFFFFFFFFFFFFFFFFCA
:2096C000FFFFFFFFFFFFFFFFFFFFFFFFFFFFFFFFFFFFFFFFFFFFFFFFFFFFFFFFFFFFFFFFAA
:2096E000FFFFFFFFFFFFFFFFFFFFFFFFFFFFFFFFFFFFFFFFFFFFFFFFFFFFFFFFFFFFFFFF8A
:20970000FFFFFFFFFFFFFFFFFFFFFFFFFFFFFFFFFFFFFFFFFFFFFFFFFFFFFFFFFFFFFFFF69
:20972000FFFFFFFFFFFFFFFFFFFFFFFFFFFFFFFFFFFFFFFFFFFFFFFFFFFFFFFFFFFFFFFF49
:20974000FFFFFFFFFFFFFFFFFFFFFFFFFFFFFFFFFFFFFFFFFFFFFFFFFFFFFFFFFFFFFFFF29
:20976000FFFFFFFFFFFFFFFFFFFFFFFFFFFFFFFFFFFFFFFFFFFFFFFFFFFFFFFFFFFFFFFF09
:20978000FFFFFFFFFFFFFFFFFFFFFFFFFFFFFFFFFFFFFFFFFFFFFFFFFFFFFFFFFFFFFFFFE9
:2097A000FFFFFFFFFFFFFFFFFFFFFFFFFFFFFFFFFFFFFFFFFFFFFFFFFFFFFFFFFFFFFFFFC9
:2097C000FFFFFFFFFFFFFFFFFFFFFFFFFFFFFFFFFFFFFFFFFFFFFFFFFFFFFFFFFFFFFFFFA9
:2097E000FFFFFFFFFFFFFFFFFFFFFFFFFFFFFFFFFFFFFFFFFFFFFFFFFFFFFFFFFFFFFFFF89
:20980000FFFFFFFFFFFFFFFFFFFFFFFFFFFFFFFFFFFFFFFFFFFFFFFFFFFFFFFFFFFFFFFF68
:20982000FFFFFFFFFFFFFFFFFFFFFFFFFFFFFFFFFFFFFFFFFFFFFFFFFFFFFFFFFFFFFFFF48
:20984000FFFFFFFFFFFFFFFFFFFFFFFFFFFFFFFFFFFFFFFFFFFFFFFFFFFFFFFFFFFFFFFF28
:20986000FFFFFFFFFFFFFFFFFFFFFFFFFFFFFFFFFFFFFFFFFFFFFFFFFFFFFFFFFFFFFFFF08
:20988000FFFFFFFFFFFFFFFFFFFFFFFFFFFFFFFFFFFFFFFFFFFFFFFFFFFFFFFFFFFFFFFFE8
:2098A000FFFFFFFFFFFFFFFFFFFFFFFFFFFFFFFFFFFFFFFFFFFFFFFFFFFFFFFFFFFFFFFFC8
:2098C000FFFFFFFFFFFFFFFFFFFFFFFFFFFFFFFFFFFFFFFFFFFFFFFFFFFFFFFFFFFFFFFFA8
:2098E000FFFFFFFFFFFFFFFFFFFFFFFFFFFFFFFFFFFFFFFFFFFFFFFFFFFFFFFFFFFFFFFF88
:20990000FFFFFFFFFFFFFFFFFFFFFFFFFFFFFFFFFFFFFFFFFFFFFFFFFFFFFFFFFFFFFFFF67
:20992000FFFFFFFFFFFFFFFFFFFFFFFFFFFFFFFFFFFFFFFFFFFFFFFFFFFFFFFFFFFFFFFF47
:20994000FFFFFFFFFFFFFFFFFFFFFFFFFFFFFFFFFFFFFFFFFFFFFFFFFFFFFFFFFFFFFFFF27
:20996000FFFFFFFFFFFFFFFFFFFFFFFFFFFFFFFFFFFFFFFFFFFFFFFFFFFFFFFFFFFFFFFF07
:20998000FFFFFFFFFFFFFFFFFFFFFFFFFFFFFFFFFFFFFFFFFFFFFFFFFFFFFFFFFFFFFFFFE7
:2099A000FFFFFFFFFFFFFFFFFFFFFFFFFFFFFFFFFFFFFFFFFFFFFFFFFFFFFFFFFFFFFFFFC7
:2099C000FFFFFFFFFFFFFFFFFFFFFFFFFFFFFFFFFFFFFFFFFFFFFFFFFFFFFFFFFFFFFFFFA7
:2099E000FFFFFFFFFFFFFFFFFFFFFFFFFFFFFFFFFFFFFFFFFFFFFFFFFFFFFFFFFFFFFFFF87
:209A0000FFFFFFFFFFFFFFFFFFFFFFFFFFFFFFFFFFFFFFFFFFFFFFFFFFFFFFFFFFFFFFFF66
:209A2000FFFFFFFFFFFFFFFFFFFFFFFFFFFFFFFFFFFFFFFFFFFFFFFFFFFFFFFFFFFFFFFF46
:209A4000FFFFFFFFFFFFFFFFFFFFFFFFFFFFFFFFFFFFFFFFFFFFFFFFFFFFFFFFFFFFFFFF26
:209A6000FFFFFFFFFFFFFFFFFFFFFFFFFFFFFFFFFFFFFFFFFFFFFFFFFFFFFFFFFFFFFFFF06
:209A8000FFFFFFFFFFFFFFFFFFFFFFFFFFFFFFFFFFFFFFFFFFFFFFFFFFFFFFFFFFFFFFFFE6
:209AA000FFFFFFFFFFFFFFFFFFFFFFFFFFFFFFFFFFFFFFFFFFFFFFFFFFFFFFFFFFFFFFFFC6
:209AC000FFFFFFFFFFFFFFFFFFFFFFFFFFFFFFFFFFFFFFFFFFFFFFFFFFFFFFFFFFFFFFFFA6
:209AE000FFFFFFFFFFFFFFFFFFFFFFFFFFFFFFFFFFFFFFFFFFFFFFFFFFFFFFFFFFFFFFFF86
:209B0000FFFFFFFFFFFFFFFFFFFFFFFFFFFFFFFFFFFFFFFFFFFFFFFFFFFFFFFFFFFFFFFF65
:209B2000FFFFFFFFFFFFFFFFFFFFFFFFFFFFFFFFFFFFFFFFFFFFFFFFFFFFFFFFFFFFFFFF45
:209B4000FFFFFFFFFFFFFFFFFFFFFFFFFFFFFFFFFFFFFFFFFFFFFFFFFFFFFFFFFFFFFFFF25
:209B6000FFFFFFFFFFFFFFFFFFFFFFFFFFFFFFFFFFFFFFFFFFFFFFFFFFFFFFFFFFFFFFFF05
:209B8000FFFFFFFFFFFFFFFFFFFFFFFFFFFFFFFFFFFFFFFFFFFFFFFFFFFFFFFFFFFFFFFFE5
:209BA000FFFFFFFFFFFFFFFFFFFFFFFFFFFFFFFFFFFFFFFFFFFFFFFFFFFFFFFFFFFFFFFFC5
:209BC000FFFFFFFFFFFFFFFFFFFFFFFFFFFFFFFFFFFFFFFFFFFFFFFFFFFFFFFFFFFFFFFFA5
:209BE000FFFFFFFFFFFFFFFFFFFFFFFFFFFFFFFFFFFFFFFFFFFFFFFFFFFFFFFFFFFFFFFF85
:209C0000FFFFFFFFFFFFFFFFFFFFFFFFFFFFFFFFFFFFFFFFFFFFFFFFFFFFFFFFFFFFFFFF64
:209C2000FFFFFFFFFFFFFFFFFFFFFFFFFFFFFFFFFFFFFFFFFFFFFFFFFFFFFFFFFFFFFFFF44
:209C4000FFFFFFFFFFFFFFFFFFFFFFFFFFFFFFFFFFFFFFFFFFFFFFFFFFFFFFFFFFFFFFFF24
:209C6000FFFFFFFFFFFFFFFFFFFFFFFFFFFFFFFFFFFFFFFFFFFFFFFFFFFFFFFFFFFFFFFF04
:209C8000FFFFFFFFFFFFFFFFFFFFFFFFFFFFFFFFFFFFFFFFFFFFFFFFFFFFFFFFFFFFFFFFE4
:209CA000FFFFFFFFFFFFFFFFFFFFFFFFFFFFFFFFFFFFFFFFFFFFFFFFFFFFFFFFFFFFFFFFC4
:209CC000FFFFFFFFFFFFFFFFFFFFFFFFFFFFFFFFFFFFFFFFFFFFFFFFFFFFFFFFFFFFFFFFA4
:209CE000FFFFFFFFFFFFFFFFFFFFFFFFFFFFFFFFFFFFFFFFFFFFFFFFFFFFFFFFFFFFFFFF84
:209D0000FFFFFFFFFFFFFFFFFFFFFFFFFFFFFFFFFFFFFFFFFFFFFFFFFFFFFFFFFFFFFFFF63
:209D2000FFFFFFFFFFFFFFFFFFFFFFFFFFFFFFFFFFFFFFFFFFFFFFFFFFFFFFFFFFFFFFFF43
:209D4000FFFFFFFFFFFFFFFFFFFFFFFFFFFFFFFFFFFFFFFFFFFFFFFFFFFFFFFFFFFFFFFF23
:209D6000FFFFFFFFFFFFFFFFFFFFFFFFFFFFFFFFFFFFFFFFFFFFFFFFFFFFFFFFFFFFFFFF03
:209D8000FFFFFFFFFFFFFFFFFFFFFFFFFFFFFFFFFFFFFFFFFFFFFFFFFFFFFFFFFFFFFFFFE3
:209DA000FFFFFFFFFFFFFFFFFFFFFFFFFFFFFFFFFFFFFFFFFFFFFFFFFFFFFFFFFFFFFFFFC3
:209DC000FFFFFFFFFFFFFFFFFFFFFFFFFFFFFFFFFFFFFFFFFFFFFFFFFFFFFFFFFFFFFFFFA3
:209DE000FFFFFFFFFFFFFFFFFFFFFFFFFFFFFFFFFFFFFFFFFFFFFFFFFFFFFFFFFFFFFFFF83
:209E0000FFFFFFFFFFFFFFFFFFFFFFFFFFFFFFFFFFFFFFFFFFFFFFFFFFFFFFFFFFFFFFFF62
:209E2000FFFFFFFFFFFFFFFFFFFFFFFFFFFFFFFFFFFFFFFFFFFFFFFFFFFFFFFFFFFFFFFF42
:209E4000FFFFFFFFFFFFFFFFFFFFFFFFFFFFFFFFFFFFFFFFFFFFFFFFFFFFFFFFFFFFFFFF22
:209E6000FFFFFFFFFFFFFFFFFFFFFFFFFFFFFFFFFFFFFFFFFFFFFFFFFFFFFFFFFFFFFFFF02
:209E8000FFFFFFFFFFFFFFFFFFFFFFFFFFFFFFFFFFFFFFFFFFFFFFFFFFFFFFFFFFFFFFFFE2
:209EA000FFFFFFFFFFFFFFFFFFFFFFFFFFFFFFFFFFFFFFFFFFFFFFFFFFFFFFFFFFFFFFFFC2
:209EC000FFFFFFFFFFFFFFFFFFFFFFFFFFFFFFFFFFFFFFFFFFFFFFFFFFFFFFFFFFFFFFFFA2
:209EE000FFFFFFFFFFFFFFFFFFFFFFFFFFFFFFFFFFFFFFFFFFFFFFFFFFFFFFFFFFFFFFFF82
:209F0000FFFFFFFFFFFFFFFFFFFFFFFFFFFFFFFFFFFFFFFFFFFFFFFFFFFFFFFFFFFFFFFF61
:209F2000FFFFFFFFFFFFFFFFFFFFFFFFFFFFFFFFFFFFFFFFFFFFFFFFFFFFFFFFFFFFFFFF41
:209F4000FFFFFFFFFFFFFFFFFFFFFFFFFFFFFFFFFFFFFFFFFFFFFFFFFFFFFFFFFFFFFFFF21
:209F6000FFFFFFFFFFFFFFFFFFFFFFFFFFFFFFFFFFFFFFFFFFFFFFFFFFFFFFFFFFFFFFFF01
:209F8000FFFFFFFFFFFFFFFFFFFFFFFFFFFFFFFFFFFFFFFFFFFFFFFFFFFFFFFFFFFFFFFFE1
:209FA000FFFFFFFFFFFFFFFFFFFFFFFFFFFFFFFFFFFFFFFFFFFFFFFFFFFFFFFFFFFFFFFFC1
:209FC000FFFFFFFFFFFFFFFFFFFFFFFFFFFFFFFFFFFFFFFFFFFFFFFFFFFFFFFFFFFFFFFFA1
:209FE000FFFFFFFFFFFFFFFFFFFFFFFFFFFFFFFFFFFFFFFFFFFFFFFFFFFFFFFFFFFFFFFF81
:20A00000FFFFFFFFFFFFFFFFFFFFFFFFFFFFFFFFFFFFFFFFFFFFFFFFFFFFFFFFFFFFFFFF60
:20A02000FFFFFFFFFFFFFFFFFFFFFFFFFFFFFFFFFFFFFFFFFFFFFFFFFFFFFFFFFFFFFFFF40
:20A04000FFFFFFFFFFFFFFFFFFFFFFFFFFFFFFFFFFFFFFFFFFFFFFFFFFFFFFFFFFFFFFFF20
:20A06000FFFFFFFFFFFFFFFFFFFFFFFFFFFFFFFFFFFFFFFFFFFFFFFFFFFFFFFFFFFFFFFF00
:20A08000FFFFFFFFFFFFFFFFFFFFFFFFFFFFFFFFFFFFFFFFFFFFFFFFFFFFFFFFFFFFFFFFE0
:20A0A000FFFFFFFFFFFFFFFFFFFFFFFFFFFFFFFFFFFFFFFFFFFFFFFFFFFFFFFFFFFFFFFFC0
:20A0C000FFFFFFFFFFFFFFFFFFFFFFFFFFFFFFFFFFFFFFFFFFFFFFFFFFFFFFFFFFFFFFFFA0
:20A0E000FFFFFFFFFFFFFFFFFFFFFFFFFFFFFFFFFFFFFFFFFFFFFFFFFFFFFFFFFFFFFFFF80
:20A10000FFFFFFFFFFFFFFFFFFFFFFFFFFFFFFFFFFFFFFFFFFFFFFFFFFFFFFFFFFFFFFFF5F
:20A12000FFFFFFFFFFFFFFFFFFFFFFFFFFFFFFFFFFFFFFFFFFFFFFFFFFFFFFFFFFFFFFFF3F
:20A14000FFFFFFFFFFFFFFFFFFFFFFFFFFFFFFFFFFFFFFFFFFFFFFFFFFFFFFFFFFFFFFFF1F
:20A16000FFFFFFFFFFFFFFFFFFFFFFFFFFFFFFFFFFFFFFFFFFFFFFFFFFFFFFFFFFFFFFFFFF
:20A18000FFFFFFFFFFFFFFFFFFFFFFFFFFFFFFFFFFFFFFFFFFFFFFFFFFFFFFFFFFFFFFFFDF
:20A1A000FFFFFFFFFFFFFFFFFFFFFFFFFFFFFFFFFFFFFFFFFFFFFFFFFFFFFFFFFFFFFFFFBF
:20A1C000FFFFFFFFFFFFFFFFFFFFFFFFFFFFFFFFFFFFFFFFFFFFFFFFFFFFFFFFFFFFFFFF9F
:20A1E000FFFFFFFFFFFFFFFFFFFFFFFFFFFFFFFFFFFFFFFFFFFFFFFFFFFFFFFFFFFFFFFF7F
:20A20000FFFFFFFFFFFFFFFFFFFFFFFFFFFFFFFFFFFFFFFFFFFFFFFFFFFFFFFFFFFFFFFF5E
:20A22000FFFFFFFFFFFFFFFFFFFFFFFFFFFFFFFFFFFFFFFFFFFFFFFFFFFFFFFFFFFFFFFF3E
:20A24000FFFFFFFFFFFFFFFFFFFFFFFFFFFFFFFFFFFFFFFFFFFFFFFFFFFFFFFFFFFFFFFF1E
:20A26000FFFFFFFFFFFFFFFFFFFFFFFFFFFFFFFFFFFFFFFFFFFFFFFFFFFFFFFFFFFFFFFFFE
:20A28000FFFFFFFFFFFFFFFFFFFFFFFFFFFFFFFFFFFFFFFFFFFFFFFFFFFFFFFFFFFFFFFFDE
:20A2A000FFFFFFFFFFFFFFFFFFFFFFFFFFFFFFFFFFFFFFFFFFFFFFFFFFFFFFFFFFFFFFFFBE
:20A2C000FFFFFFFFFFFFFFFFFFFFFFFFFFFFFFFFFFFFFFFFFFFFFFFFFFFFFFFFFFFFFFFF9E
:20A2E000FFFFFFFFFFFFFFFFFFFFFFFFFFFFFFFFFFFFFFFFFFFFFFFFFFFFFFFFFFFFFFFF7E
:20A30000FFFFFFFFFFFFFFFFFFFFFFFFFFFFFFFFFFFFFFFFFFFFFFFFFFFFFFFFFFFFFFFF5D
:20A32000FFFFFFFFFFFFFFFFFFFFFFFFFFFFFFFFFFFFFFFFFFFFFFFFFFFFFFFFFFFFFFFF3D
:20A34000FFFFFFFFFFFFFFFFFFFFFFFFFFFFFFFFFFFFFFFFFFFFFFFFFFFFFFFFFFFFFFFF1D
:20A36000FFFFFFFFFFFFFFFFFFFFFFFFFFFFFFFFFFFFFFFFFFFFFFFFFFFFFFFFFFFFFFFFFD
:20A38000FFFFFFFFFFFFFFFFFFFFFFFFFFFFFFFFFFFFFFFFFFFFFFFFFFFFFFFFFFFFFFFFDD
:20A3A000FFFFFFFFFFFFFFFFFFFFFFFFFFFFFFFFFFFFFFFFFFFFFFFFFFFFFFFFFFFFFFFFBD
:20A3C000FFFFFFFFFFFFFFFFFFFFFFFFFFFFFFFFFFFFFFFFFFFFFFFFFFFFFFFFFFFFFFFF9D
:20A3E000FFFFFFFFFFFFFFFFFFFFFFFFFFFFFFFFFFFFFFFFFFFFFFFFFFFFFFFFFFFFFFFF7D
:20A40000FFFFFFFFFFFFFFFFFFFFFFFFFFFFFFFFFFFFFFFFFFFFFFFFFFFFFFFFFFFFFFFF5C
:20A42000FFFFFFFFFFFFFFFFFFFFFFFFFFFFFFFFFFFFFFFFFFFFFFFFFFFFFFFFFFFFFFFF3C
:20A44000FFFFFFFFFFFFFFFFFFFFFFFFFFFFFFFFFFFFFFFFFFFFFFFFFFFFFFFFFFFFFFFF1C
:20A46000FFFFFFFFFFFFFFFFFFFFFFFFFFFFFFFFFFFFFFFFFFFFFFFFFFFFFFFFFFFFFFFFFC
:20A48000FFFFFFFFFFFFFFFFFFFFFFFFFFFFFFFFFFFFFFFFFFFFFFFFFFFFFFFFFFFFFFFFDC
:20A4A000FFFFFFFFFFFFFFFFFFFFFFFFFFFFFFFFFFFFFFFFFFFFFFFFFFFFFFFFFFFFFFFFBC
:20A4C000FFFFFFFFFFFFFFFFFFFFFFFFFFFFFFFFFFFFFFFFFFFFFFFFFFFFFFFFFFFFFFFF9C
:20A4E000FFFFFFFFFFFFFFFFFFFFFFFFFFFFFFFFFFFFFFFFFFFFFFFFFFFFFFFFFFFFFFFF7C
:20A50000FFFFFFFFFFFFFFFFFFFFFFFFFFFFFFFFFFFFFFFFFFFFFFFFFFFFFFFFFFFFFFFF5B
:20A52000FFFFFFFFFFFFFFFFFFFFFFFFFFFFFFFFFFFFFFFFFFFFFFFFFFFFFFFFFFFFFFFF3B
:20A54000FFFFFFFFFFFFFFFFFFFFFFFFFFFFFFFFFFFFFFFFFFFFFFFFFFFFFFFFFFFFFFFF1B
:20A56000FFFFFFFFFFFFFFFFFFFFFFFFFFFFFFFFFFFFFFFFFFFFFFFFFFFFFFFFFFFFFFFFFB
:20A58000FFFFFFFFFFFFFFFFFFFFFFFFFFFFFFFFFFFFFFFFFFFFFFFFFFFFFFFFFFFFFFFFDB
:20A5A000FFFFFFFFFFFFFFFFFFFFFFFFFFFFFFFFFFFFFFFFFFFFFFFFFFFFFFFFFFFFFFFFBB
:20A5C000FFFFFFFFFFFFFFFFFFFFFFFFFFFFFFFFFFFFFFFFFFFFFFFFFFFFFFFFFFFFFFFF9B
:20A5E000FFFFFFFFFFFFFFFFFFFFFFFFFFFFFFFFFFFFFFFFFFFFFFFFFFFFFFFFFFFFFFFF7B
:20A60000FFFFFFFFFFFFFFFFFFFFFFFFFFFFFFFFFFFFFFFFFFFFFFFFFFFFFFFFFFFFFFFF5A
:20A62000FFFFFFFFFFFFFFFFFFFFFFFFFFFFFFFFFFFFFFFFFFFFFFFFFFFFFFFFFFFFFFFF3A
:20A64000FFFFFFFFFFFFFFFFFFFFFFFFFFFFFFFFFFFFFFFFFFFFFFFFFFFFFFFFFFFFFFFF1A
:20A66000FFFFFFFFFFFFFFFFFFFFFFFFFFFFFFFFFFFFFFFFFFFFFFFFFFFFFFFFFFFFFFFFFA
:20A68000FFFFFFFFFFFFFFFFFFFFFFFFFFFFFFFFFFFFFFFFFFFFFFFFFFFFFFFFFFFFFFFFDA
:20A6A000FFFFFFFFFFFFFFFFFFFFFFFFFFFFFFFFFFFFFFFFFFFFFFFFFFFFFFFFFFFFFFFFBA
:20A6C000FFFFFFFFFFFFFFFFFFFFFFFFFFFFFFFFFFFFFFFFFFFFFFFFFFFFFFFFFFFFFFFF9A
:20A6E000FFFFFFFFFFFFFFFFFFFFFFFFFFFFFFFFFFFFFFFFFFFFFFFFFFFFFFFFFFFFFFFF7A
:20A70000FFFFFFFFFFFFFFFFFFFFFFFFFFFFFFFFFFFFFFFFFFFFFFFFFFFFFFFFFFFFFFFF59
:20A72000FFFFFFFFFFFFFFFFFFFFFFFFFFFFFFFFFFFFFFFFFFFFFFFFFFFFFFFFFFFFFFFF39
:20A74000FFFFFFFFFFFFFFFFFFFFFFFFFFFFFFFFFFFFFFFFFFFFFFFFFFFFFFFFFFFFFFFF19
:20A76000FFFFFFFFFFFFFFFFFFFFFFFFFFFFFFFFFFFFFFFFFFFFFFFFFFFFFFFFFFFFFFFFF9
:20A78000FFFFFFFFFFFFFFFFFFFFFFFFFFFFFFFFFFFFFFFFFFFFFFFFFFFFFFFFFFFFFFFFD9
:20A7A000FFFFFFFFFFFFFFFFFFFFFFFFFFFFFFFFFFFFFFFFFFFFFFFFFFFFFFFFFFFFFFFFB9
:20A7C000FFFFFFFFFFFFFFFFFFFFFFFFFFFFFFFFFFFFFFFFFFFFFFFFFFFFFFFFFFFFFFFF99
:20A7E000FFFFFFFFFFFFFFFFFFFFFFFFFFFFFFFFFFFFFFFFFFFFFFFFFFFFFFFFFFFFFFFF79
:20A80000FFFFFFFFFFFFFFFFFFFFFFFFFFFFFFFFFFFFFFFFFFFFFFFFFFFFFFFFFFFFFFFF58
:20A82000FFFFFFFFFFFFFFFFFFFFFFFFFFFFFFFFFFFFFFFFFFFFFFFFFFFFFFFFFFFFFFFF38
:20A84000FFFFFFFFFFFFFFFFFFFFFFFFFFFFFFFFFFFFFFFFFFFFFFFFFFFFFFFFFFFFFFFF18
:20A86000FFFFFFFFFFFFFFFFFFFFFFFFFFFFFFFFFFFFFFFFFFFFFFFFFFFFFFFFFFFFFFFFF8
:20A88000FFFFFFFFFFFFFFFFFFFFFFFFFFFFFFFFFFFFFFFFFFFFFFFFFFFFFFFFFFFFFFFFD8
:20A8A000FFFFFFFFFFFFFFFFFFFFFFFFFFFFFFFFFFFFFFFFFFFFFFFFFFFFFFFFFFFFFFFFB8
:20A8C000FFFFFFFFFFFFFFFFFFFFFFFFFFFFFFFFFFFFFFFFFFFFFFFFFFFFFFFFFFFFFFFF98
:20A8E000FFFFFFFFFFFFFFFFFFFFFFFFFFFFFFFFFFFFFFFFFFFFFFFFFFFFFFFFFFFFFFFF78
:20A90000FFFFFFFFFFFFFFFFFFFFFFFFFFFFFFFFFFFFFFFFFFFFFFFFFFFFFFFFFFFFFFFF57
:20A92000FFFFFFFFFFFFFFFFFFFFFFFFFFFFFFFFFFFFFFFFFFFFFFFFFFFFFFFFFFFFFFFF37
:20A94000FFFFFFFFFFFFFFFFFFFFFFFFFFFFFFFFFFFFFFFFFFFFFFFFFFFFFFFFFFFFFFFF17
:20A96000FFFFFFFFFFFFFFFFFFFFFFFFFFFFFFFFFFFFFFFFFFFFFFFFFFFFFFFFFFFFFFFFF7
:20A98000FFFFFFFFFFFFFFFFFFFFFFFFFFFFFFFFFFFFFFFFFFFFFFFFFFFFFFFFFFFFFFFFD7
:20A9A000FFFFFFFFFFFFFFFFFFFFFFFFFFFFFFFFFFFFFFFFFFFFFFFFFFFFFFFFFFFFFFFFB7
:20A9C000FFFFFFFFFFFFFFFFFFFFFFFFFFFFFFFFFFFFFFFFFFFFFFFFFFFFFFFFFFFFFFFF97
:20A9E000FFFFFFFFFFFFFFFFFFFFFFFFFFFFFFFFFFFFFFFFFFFFFFFFFFFFFFFFFFFFFFFF77
:20AA0000FFFFFFFFFFFFFFFFFFFFFFFFFFFFFFFFFFFFFFFFFFFFFFFFFFFFFFFFFFFFFFFF56
:20AA2000FFFFFFFFFFFFFFFFFFFFFFFFFFFFFFFFFFFFFFFFFFFFFFFFFFFFFFFFFFFFFFFF36
:20AA4000FFFFFFFFFFFFFFFFFFFFFFFFFFFFFFFFFFFFFFFFFFFFFFFFFFFFFFFFFFFFFFFF16
:20AA6000FFFFFFFFFFFFFFFFFFFFFFFFFFFFFFFFFFFFFFFFFFFFFFFFFFFFFFFFFFFFFFFFF6
:20AA8000FFFFFFFFFFFFFFFFFFFFFFFFFFFFFFFFFFFFFFFFFFFFFFFFFFFFFFFFFFFFFFFFD6
:20AAA000FFFFFFFFFFFFFFFFFFFFFFFFFFFFFFFFFFFFFFFFFFFFFFFFFFFFFFFFFFFFFFFFB6
:20AAC000FFFFFFFFFFFFFFFFFFFFFFFFFFFFFFFFFFFFFFFFFFFFFFFFFFFFFFFFFFFFFFFF96
:20AAE000FFFFFFFFFFFFFFFFFFFFFFFFFFFFFFFFFFFFFFFFFFFFFFFFFFFFFFFFFFFFFFFF76
:20AB0000FFFFFFFFFFFFFFFFFFFFFFFFFFFFFFFFFFFFFFFFFFFFFFFFFFFFFFFFFFFFFFFF55
:20AB2000FFFFFFFFFFFFFFFFFFFFFFFFFFFFFFFFFFFFFFFFFFFFFFFFFFFFFFFFFFFFFFFF35
:20AB4000FFFFFFFFFFFFFFFFFFFFFFFFFFFFFFFFFFFFFFFFFFFFFFFFFFFFFFFFFFFFFFFF15
:20AB6000FFFFFFFFFFFFFFFFFFFFFFFFFFFFFFFFFFFFFFFFFFFFFFFFFFFFFFFFFFFFFFFFF5
:20AB8000FFFFFFFFFFFFFFFFFFFFFFFFFFFFFFFFFFFFFFFFFFFFFFFFFFFFFFFFFFFFFFFFD5
:20ABA000FFFFFFFFFFFFFFFFFFFFFFFFFFFFFFFFFFFFFFFFFFFFFFFFFFFFFFFFFFFFFFFFB5
:20ABC000FFFFFFFFFFFFFFFFFFFFFFFFFFFFFFFFFFFFFFFFFFFFFFFFFFFFFFFFFFFFFFFF95
:20ABE000FFFFFFFFFFFFFFFFFFFFFFFFFFFFFFFFFFFFFFFFFFFFFFFFFFFFFFFFFFFFFFFF75
:20AC0000FFFFFFFFFFFFFFFFFFFFFFFFFFFFFFFFFFFFFFFFFFFFFFFFFFFFFFFFFFFFFFFF54
:20AC2000FFFFFFFFFFFFFFFFFFFFFFFFFFFFFFFFFFFFFFFFFFFFFFFFFFFFFFFFFFFFFFFF34
:20AC4000FFFFFFFFFFFFFFFFFFFFFFFFFFFFFFFFFFFFFFFFFFFFFFFFFFFFFFFFFFFFFFFF14
:20AC6000FFFFFFFFFFFFFFFFFFFFFFFFFFFFFFFFFFFFFFFFFFFFFFFFFFFFFFFFFFFFFFFFF4
:20AC8000FFFFFFFFFFFFFFFFFFFFFFFFFFFFFFFFFFFFFFFFFFFFFFFFFFFFFFFFFFFFFFFFD4
:20ACA000FFFFFFFFFFFFFFFFFFFFFFFFFFFFFFFFFFFFFFFFFFFFFFFFFFFFFFFFFFFFFFFFB4
:20ACC000FFFFFFFFFFFFFFFFFFFFFFFFFFFFFFFFFFFFFFFFFFFFFFFFFFFFFFFFFFFFFFFF94
:20ACE000FFFFFFFFFFFFFFFFFFFFFFFFFFFFFFFFFFFFFFFFFFFFFFFFFFFFFFFFFFFFFFFF74
:20AD0000FFFFFFFFFFFFFFFFFFFFFFFFFFFFFFFFFFFFFFFFFFFFFFFFFFFFFFFFFFFFFFFF53
:20AD2000FFFFFFFFFFFFFFFFFFFFFFFFFFFFFFFFFFFFFFFFFFFFFFFFFFFFFFFFFFFFFFFF33
:20AD4000FFFFFFFFFFFFFFFFFFFFFFFFFFFFFFFFFFFFFFFFFFFFFFFFFFFFFFFFFFFFFFFF13
:20AD6000FFFFFFFFFFFFFFFFFFFFFFFFFFFFFFFFFFFFFFFFFFFFFFFFFFFFFFFFFFFFFFFFF3
:20AD8000FFFFFFFFFFFFFFFFFFFFFFFFFFFFFFFFFFFFFFFFFFFFFFFFFFFFFFFFFFFFFFFFD3
:20ADA000FFFFFFFFFFFFFFFFFFFFFFFFFFFFFFFFFFFFFFFFFFFFFFFFFFFFFFFFFFFFFFFFB3
:20ADC000FFFFFFFFFFFFFFFFFFFFFFFFFFFFFFFFFFFFFFFFFFFFFFFFFFFFFFFFFFFFFFFF93
:20ADE000FFFFFFFFFFFFFFFFFFFFFFFFFFFFFFFFFFFFFFFFFFFFFFFFFFFFFFFFFFFFFFFF73
:20AE0000FFFFFFFFFFFFFFFFFFFFFFFFFFFFFFFFFFFFFFFFFFFFFFFFFFFFFFFFFFFFFFFF52
:20AE2000FFFFFFFFFFFFFFFFFFFFFFFFFFFFFFFFFFFFFFFFFFFFFFFFFFFFFFFFFFFFFFFF32
:20AE4000FFFFFFFFFFFFFFFFFFFFFFFFFFFFFFFFFFFFFFFFFFFFFFFFFFFFFFFFFFFFFFFF12
:20AE6000FFFFFFFFFFFFFFFFFFFFFFFFFFFFFFFFFFFFFFFFFFFFFFFFFFFFFFFFFFFFFFFFF2
:20AE8000FFFFFFFFFFFFFFFFFFFFFFFFFFFFFFFFFFFFFFFFFFFFFFFFFFFFFFFFFFFFFFFFD2
:20AEA000FFFFFFFFFFFFFFFFFFFFFFFFFFFFFFFFFFFFFFFFFFFFFFFFFFFFFFFFFFFFFFFFB2
:20AEC000FFFFFFFFFFFFFFFFFFFFFFFFFFFFFFFFFFFFFFFFFFFFFFFFFFFFFFFFFFFFFFFF92
:20AEE000FFFFFFFFFFFFFFFFFFFFFFFFFFFFFFFFFFFFFFFFFFFFFFFFFFFFFFFFFFFFFFFF72
:20AF0000FFFFFFFFFFFFFFFFFFFFFFFFFFFFFFFFFFFFFFFFFFFFFFFFFFFFFFFFFFFFFFFF51
:20AF2000FFFFFFFFFFFFFFFFFFFFFFFFFFFFFFFFFFFFFFFFFFFFFFFFFFFFFFFFFFFFFFFF31
:20AF4000FFFFFFFFFFFFFFFFFFFFFFFFFFFFFFFFFFFFFFFFFFFFFFFFFFFFFFFFFFFFFFFF11
:20AF6000FFFFFFFFFFFFFFFFFFFFFFFFFFFFFFFFFFFFFFFFFFFFFFFFFFFFFFFFFFFFFFFFF1
:20AF8000FFFFFFFFFFFFFFFFFFFFFFFFFFFFFFFFFFFFFFFFFFFFFFFFFFFFFFFFFFFFFFFFD1
:20AFA000FFFFFFFFFFFFFFFFFFFFFFFFFFFFFFFFFFFFFFFFFFFFFFFFFFFFFFFFFFFFFFFFB1
:20AFC000FFFFFFFFFFFFFFFFFFFFFFFFFFFFFFFFFFFFFFFFFFFFFFFFFFFFFFFFFFFFFFFF91
:20AFE000FFFFFFFFFFFFFFFFFFFFFFFFFFFFFFFFFFFFFFFFFFFFFFFFFFFFFFFFFFFFFFFF71
:20B00000FFFFFFFFFFFFFFFFFFFFFFFFFFFFFFFFFFFFFFFFFFFFFFFFFFFFFFFFFFFFFFFF50
:20B02000FFFFFFFFFFFFFFFFFFFFFFFFFFFFFFFFFFFFFFFFFFFFFFFFFFFFFFFFFFFFFFFF30
:20B04000FFFFFFFFFFFFFFFFFFFFFFFFFFFFFFFFFFFFFFFFFFFFFFFFFFFFFFFFFFFFFFFF10
:20B06000FFFFFFFFFFFFFFFFFFFFFFFFFFFFFFFFFFFFFFFFFFFFFFFFFFFFFFFFFFFFFFFFF0
:20B08000FFFFFFFFFFFFFFFFFFFFFFFFFFFFFFFFFFFFFFFFFFFFFFFFFFFFFFFFFFFFFFFFD0
:20B0A000FFFFFFFFFFFFFFFFFFFFFFFFFFFFFFFFFFFFFFFFFFFFFFFFFFFFFFFFFFFFFFFFB0
:20B0C000FFFFFFFFFFFFFFFFFFFFFFFFFFFFFFFFFFFFFFFFFFFFFFFFFFFFFFFFFFFFFFFF90
:20B0E000FFFFFFFFFFFFFFFFFFFFFFFFFFFFFFFFFFFFFFFFFFFFFFFFFFFFFFFFFFFFFFFF70
:20B10000FFFFFFFFFFFFFFFFFFFFFFFFFFFFFFFFFFFFFFFFFFFFFFFFFFFFFFFFFFFFFFFF4F
:20B12000FFFFFFFFFFFFFFFFFFFFFFFFFFFFFFFFFFFFFFFFFFFFFFFFFFFFFFFFFFFFFFFF2F
:20B14000FFFFFFFFFFFFFFFFFFFFFFFFFFFFFFFFFFFFFFFFFFFFFFFFFFFFFFFFFFFFFFFF0F
:20B16000FFFFFFFFFFFFFFFFFFFFFFFFFFFFFFFFFFFFFFFFFFFFFFFFFFFFFFFFFFFFFFFFEF
:20B18000FFFFFFFFFFFFFFFFFFFFFFFFFFFFFFFFFFFFFFFFFFFFFFFFFFFFFFFFFFFFFFFFCF
:20B1A000FFFFFFFFFFFFFFFFFFFFFFFFFFFFFFFFFFFFFFFFFFFFFFFFFFFFFFFFFFFFFFFFAF
:20B1C000FFFFFFFFFFFFFFFFFFFFFFFFFFFFFFFFFFFFFFFFFFFFFFFFFFFFFFFFFFFFFFFF8F
:20B1E000FFFFFFFFFFFFFFFFFFFFFFFFFFFFFFFFFFFFFFFFFFFFFFFFFFFFFFFFFFFFFFFF6F
:20B20000FFFFFFFFFFFFFFFFFFFFFFFFFFFFFFFFFFFFFFFFFFFFFFFFFFFFFFFFFFFFFFFF4E
:20B22000FFFFFFFFFFFFFFFFFFFFFFFFFFFFFFFFFFFFFFFFFFFFFFFFFFFFFFFFFFFFFFFF2E
:20B24000FFFFFFFFFFFFFFFFFFFFFFFFFFFFFFFFFFFFFFFFFFFFFFFFFFFFFFFFFFFFFFFF0E
:20B26000FFFFFFFFFFFFFFFFFFFFFFFFFFFFFFFFFFFFFFFFFFFFFFFFFFFFFFFFFFFFFFFFEE
:20B28000FFFFFFFFFFFFFFFFFFFFFFFFFFFFFFFFFFFFFFFFFFFFFFFFFFFFFFFFFFFFFFFFCE
:20B2A000FFFFFFFFFFFFFFFFFFFFFFFFFFFFFFFFFFFFFFFFFFFFFFFFFFFFFFFFFFFFFFFFAE
:20B2C000FFFFFFFFFFFFFFFFFFFFFFFFFFFFFFFFFFFFFFFFFFFFFFFFFFFFFFFFFFFFFFFF8E
:20B2E000FFFFFFFFFFFFFFFFFFFFFFFFFFFFFFFFFFFFFFFFFFFFFFFFFFFFFFFFFFFFFFFF6E
:20B30000FFFFFFFFFFFFFFFFFFFFFFFFFFFFFFFFFFFFFFFFFFFFFFFFFFFFFFFFFFFFFFFF4D
:20B32000FFFFFFFFFFFFFFFFFFFFFFFFFFFFFFFFFFFFFFFFFFFFFFFFFFFFFFFFFFFFFFFF2D
:20B34000FFFFFFFFFFFFFFFFFFFFFFFFFFFFFFFFFFFFFFFFFFFFFFFFFFFFFFFFFFFFFFFF0D
:20B36000FFFFFFFFFFFFFFFFFFFFFFFFFFFFFFFFFFFFFFFFFFFFFFFFFFFFFFFFFFFFFFFFED
:20B38000FFFFFFFFFFFFFFFFFFFFFFFFFFFFFFFFFFFFFFFFFFFFFFFFFFFFFFFFFFFFFFFFCD
:20B3A000FFFFFFFFFFFFFFFFFFFFFFFFFFFFFFFFFFFFFFFFFFFFFFFFFFFFFFFFFFFFFFFFAD
:20B3C000FFFFFFFFFFFFFFFFFFFFFFFFFFFFFFFFFFFFFFFFFFFFFFFFFFFFFFFFFFFFFFFF8D
:20B3E000FFFFFFFFFFFFFFFFFFFFFFFFFFFFFFFFFFFFFFFFFFFFFFFFFFFFFFFFFFFFFFFF6D
:20B40000FFFFFFFFFFFFFFFFFFFFFFFFFFFFFFFFFFFFFFFFFFFFFFFFFFFFFFFFFFFFFFFF4C
:20B42000FFFFFFFFFFFFFFFFFFFFFFFFFFFFFFFFFFFFFFFFFFFFFFFFFFFFFFFFFFFFFFFF2C
:20B44000FFFFFFFFFFFFFFFFFFFFFFFFFFFFFFFFFFFFFFFFFFFFFFFFFFFFFFFFFFFFFFFF0C
:20B46000FFFFFFFFFFFFFFFFFFFFFFFFFFFFFFFFFFFFFFFFFFFFFFFFFFFFFFFFFFFFFFFFEC
:20B48000FFFFFFFFFFFFFFFFFFFFFFFFFFFFFFFFFFFFFFFFFFFFFFFFFFFFFFFFFFFFFFFFCC
:20B4A000FFFFFFFFFFFFFFFFFFFFFFFFFFFFFFFFFFFFFFFFFFFFFFFFFFFFFFFFFFFFFFFFAC
:20B4C000FFFFFFFFFFFFFFFFFFFFFFFFFFFFFFFFFFFFFFFFFFFFFFFFFFFFFFFFFFFFFFFF8C
:20B4E000FFFFFFFFFFFFFFFFFFFFFFFFFFFFFFFFFFFFFFFFFFFFFFFFFFFFFFFFFFFFFFFF6C
:20B50000FFFFFFFFFFFFFFFFFFFFFFFFFFFFFFFFFFFFFFFFFFFFFFFFFFFFFFFFFFFFFFFF4B
:20B52000FFFFFFFFFFFFFFFFFFFFFFFFFFFFFFFFFFFFFFFFFFFFFFFFFFFFFFFFFFFFFFFF2B
:20B54000FFFFFFFFFFFFFFFFFFFFFFFFFFFFFFFFFFFFFFFFFFFFFFFFFFFFFFFFFFFFFFFF0B
:20B56000FFFFFFFFFFFFFFFFFFFFFFFFFFFFFFFFFFFFFFFFFFFFFFFFFFFFFFFFFFFFFFFFEB
:20B58000FFFFFFFFFFFFFFFFFFFFFFFFFFFFFFFFFFFFFFFFFFFFFFFFFFFFFFFFFFFFFFFFCB
:20B5A000FFFFFFFFFFFFFFFFFFFFFFFFFFFFFFFFFFFFFFFFFFFFFFFFFFFFFFFFFFFFFFFFAB
:20B5C000FFFFFFFFFFFFFFFFFFFFFFFFFFFFFFFFFFFFFFFFFFFFFFFFFFFFFFFFFFFFFFFF8B
:20B5E000FFFFFFFFFFFFFFFFFFFFFFFFFFFFFFFFFFFFFFFFFFFFFFFFFFFFFFFFFFFFFFFF6B
:20B60000FFFFFFFFFFFFFFFFFFFFFFFFFFFFFFFFFFFFFFFFFFFFFFFFFFFFFFFFFFFFFFFF4A
:20B62000FFFFFFFFFFFFFFFFFFFFFFFFFFFFFFFFFFFFFFFFFFFFFFFFFFFFFFFFFFFFFFFF2A
:20B64000FFFFFFFFFFFFFFFFFFFFFFFFFFFFFFFFFFFFFFFFFFFFFFFFFFFFFFFFFFFFFFFF0A
:20B66000FFFFFFFFFFFFFFFFFFFFFFFFFFFFFFFFFFFFFFFFFFFFFFFFFFFFFFFFFFFFFFFFEA
:20B68000FFFFFFFFFFFFFFFFFFFFFFFFFFFFFFFFFFFFFFFFFFFFFFFFFFFFFFFFFFFFFFFFCA
:20B6A000FFFFFFFFFFFFFFFFFFFFFFFFFFFFFFFFFFFFFFFFFFFFFFFFFFFFFFFFFFFFFFFFAA
:20B6C000FFFFFFFFFFFFFFFFFFFFFFFFFFFFFFFFFFFFFFFFFFFFFFFFFFFFFFFFFFFFFFFF8A
:20B6E000FFFFFFFFFFFFFFFFFFFFFFFFFFFFFFFFFFFFFFFFFFFFFFFFFFFFFFFFFFFFFFFF6A
:20B70000FFFFFFFFFFFFFFFFFFFFFFFFFFFFFFFFFFFFFFFFFFFFFFFFFFFFFFFFFFFFFFFF49
:20B72000FFFFFFFFFFFFFFFFFFFFFFFFFFFFFFFFFFFFFFFFFFFFFFFFFFFFFFFFFFFFFFFF29
:20B74000FFFFFFFFFFFFFFFFFFFFFFFFFFFFFFFFFFFFFFFFFFFFFFFFFFFFFFFFFFFFFFFF09
:20B76000FFFFFFFFFFFFFFFFFFFFFFFFFFFFFFFFFFFFFFFFFFFFFFFFFFFFFFFFFFFFFFFFE9
:20B78000FFFFFFFFFFFFFFFFFFFFFFFFFFFFFFFFFFFFFFFFFFFFFFFFFFFFFFFFFFFFFFFFC9
:20B7A000FFFFFFFFFFFFFFFFFFFFFFFFFFFFFFFFFFFFFFFFFFFFFFFFFFFFFFFFFFFFFFFFA9
:20B7C000FFFFFFFFFFFFFFFFFFFFFFFFFFFFFFFFFFFFFFFFFFFFFFFFFFFFFFFFFFFFFFFF89
:20B7E000FFFFFFFFFFFFFFFFFFFFFFFFFFFFFFFFFFFFFFFFFFFFFFFFFFFFFFFFFFFFFFFF69
:20B80000FFFFFFFFFFFFFFFFFFFFFFFFFFFFFFFFFFFFFFFFFFFFFFFFFFFFFFFFFFFFFFFF48
:20B82000FFFFFFFFFFFFFFFFFFFFFFFFFFFFFFFFFFFFFFFFFFFFFFFFFFFFFFFFFFFFFFFF28
:20B84000FFFFFFFFFFFFFFFFFFFFFFFFFFFFFFFFFFFFFFFFFFFFFFFFFFFFFFFFFFFFFFFF08
:20B86000FFFFFFFFFFFFFFFFFFFFFFFFFFFFFFFFFFFFFFFFFFFFFFFFFFFFFFFFFFFFFFFFE8
:20B88000FFFFFFFFFFFFFFFFFFFFFFFFFFFFFFFFFFFFFFFFFFFFFFFFFFFFFFFFFFFFFFFFC8
:20B8A000FFFFFFFFFFFFFFFFFFFFFFFFFFFFFFFFFFFFFFFFFFFFFFFFFFFFFFFFFFFFFFFFA8
:20B8C000FFFFFFFFFFFFFFFFFFFFFFFFFFFFFFFFFFFFFFFFFFFFFFFFFFFFFFFFFFFFFFFF88
:20B8E000FFFFFFFFFFFFFFFFFFFFFFFFFFFFFFFFFFFFFFFFFFFFFFFFFFFFFFFFFFFFFFFF68
:20B90000FFFFFFFFFFFFFFFFFFFFFFFFFFFFFFFFFFFFFFFFFFFFFFFFFFFFFFFFFFFFFFFF47
:20B92000FFFFFFFFFFFFFFFFFFFFFFFFFFFFFFFFFFFFFFFFFFFFFFFFFFFFFFFFFFFFFFFF27
:20B94000FFFFFFFFFFFFFFFFFFFFFFFFFFFFFFFFFFFFFFFFFFFFFFFFFFFFFFFFFFFFFFFF07
:20B96000FFFFFFFFFFFFFFFFFFFFFFFFFFFFFFFFFFFFFFFFFFFFFFFFFFFFFFFFFFFFFFFFE7
:20B98000FFFFFFFFFFFFFFFFFFFFFFFFFFFFFFFFFFFFFFFFFFFFFFFFFFFFFFFFFFFFFFFFC7
:20B9A000FFFFFFFFFFFFFFFFFFFFFFFFFFFFFFFFFFFFFFFFFFFFFFFFFFFFFFFFFFFFFFFFA7
:20B9C000FFFFFFFFFFFFFFFFFFFFFFFFFFFFFFFFFFFFFFFFFFFFFFFFFFFFFFFFFFFFFFFF87
:20B9E000FFFFFFFFFFFFFFFFFFFFFFFFFFFFFFFFFFFFFFFFFFFFFFFFFFFFFFFFFFFFFFFF67
:20BA0000FFFFFFFFFFFFFFFFFFFFFFFFFFFFFFFFFFFFFFFFFFFFFFFFFFFFFFFFFFFFFFFF46
:20BA2000FFFFFFFFFFFFFFFFFFFFFFFFFFFFFFFFFFFFFFFFFFFFFFFFFFFFFFFFFFFFFFFF26
:20BA4000FFFFFFFFFFFFFFFFFFFFFFFFFFFFFFFFFFFFFFFFFFFFFFFFFFFFFFFFFFFFFFFF06
:20BA6000FFFFFFFFFFFFFFFFFFFFFFFFFFFFFFFFFFFFFFFFFFFFFFFFFFFFFFFFFFFFFFFFE6
:20BA8000FFFFFFFFFFFFFFFFFFFFFFFFFFFFFFFFFFFFFFFFFFFFFFFFFFFFFFFFFFFFFFFFC6
:20BAA000FFFFFFFFFFFFFFFFFFFFFFFFFFFFFFFFFFFFFFFFFFFFFFFFFFFFFFFFFFFFFFFFA6
:20BAC000FFFFFFFFFFFFFFFFFFFFFFFFFFFFFFFFFFFFFFFFFFFFFFFFFFFFFFFFFFFFFFFF86
:20BAE000FFFFFFFFFFFFFFFFFFFFFFFFFFFFFFFFFFFFFFFFFFFFFFFFFFFFFFFFFFFFFFFF66
:20BB0000FFFFFFFFFFFFFFFFFFFFFFFFFFFFFFFFFFFFFFFFFFFFFFFFFFFFFFFFFFFFFFFF45
:20BB2000FFFFFFFFFFFFFFFFFFFFFFFFFFFFFFFFFFFFFFFFFFFFFFFFFFFFFFFFFFFFFFFF25
:20BB4000FFFFFFFFFFFFFFFFFFFFFFFFFFFFFFFFFFFFFFFFFFFFFFFFFFFFFFFFFFFFFFFF05
:20BB6000FFFFFFFFFFFFFFFFFFFFFFFFFFFFFFFFFFFFFFFFFFFFFFFFFFFFFFFFFFFFFFFFE5
:20BB8000FFFFFFFFFFFFFFFFFFFFFFFFFFFFFFFFFFFFFFFFFFFFFFFFFFFFFFFFFFFFFFFFC5
:20BBA000FFFFFFFFFFFFFFFFFFFFFFFFFFFFFFFFFFFFFFFFFFFFFFFFFFFFFFFFFFFFFFFFA5
:20BBC000FFFFFFFFFFFFFFFFFFFFFFFFFFFFFFFFFFFFFFFFFFFFFFFFFFFFFFFFFFFFFFFF85
:20BBE000FFFFFFFFFFFFFFFFFFFFFFFFFFFFFFFFFFFFFFFFFFFFFFFFFFFFFFFFFFFFFFFF65
:20BC0000FFFFFFFFFFFFFFFFFFFFFFFFFFFFFFFFFFFFFFFFFFFFFFFFFFFFFFFFFFFFFFFF44
:20BC2000FFFFFFFFFFFFFFFFFFFFFFFFFFFFFFFFFFFFFFFFFFFFFFFFFFFFFFFFFFFFFFFF24
:20BC4000FFFFFFFFFFFFFFFFFFFFFFFFFFFFFFFFFFFFFFFFFFFFFFFFFFFFFFFFFFFFFFFF04
:20BC6000FFFFFFFFFFFFFFFFFFFFFFFFFFFFFFFFFFFFFFFFFFFFFFFFFFFFFFFFFFFFFFFFE4
:20BC8000FFFFFFFFFFFFFFFFFFFFFFFFFFFFFFFFFFFFFFFFFFFFFFFFFFFFFFFFFFFFFFFFC4
:20BCA000FFFFFFFFFFFFFFFFFFFFFFFFFFFFFFFFFFFFFFFFFFFFFFFFFFFFFFFFFFFFFFFFA4
:20BCC000FFFFFFFFFFFFFFFFFFFFFFFFFFFFFFFFFFFFFFFFFFFFFFFFFFFFFFFFFFFFFFFF84
:20BCE000FFFFFFFFFFFFFFFFFFFFFFFFFFFFFFFFFFFFFFFFFFFFFFFFFFFFFFFFFFFFFFFF64
:20BD0000FFFFFFFFFFFFFFFFFFFFFFFFFFFFFFFFFFFFFFFFFFFFFFFFFFFFFFFFFFFFFFFF43
:20BD2000FFFFFFFFFFFFFFFFFFFFFFFFFFFFFFFFFFFFFFFFFFFFFFFFFFFFFFFFFFFFFFFF23
:20BD4000FFFFFFFFFFFFFFFFFFFFFFFFFFFFFFFFFFFFFFFFFFFFFFFFFFFFFFFFFFFFFFFF03
:20BD6000FFFFFFFFFFFFFFFFFFFFFFFFFFFFFFFFFFFFFFFFFFFFFFFFFFFFFFFFFFFFFFFFE3
:20BD8000FFFFFFFFFFFFFFFFFFFFFFFFFFFFFFFFFFFFFFFFFFFFFFFFFFFFFFFFFFFFFFFFC3
:20BDA000FFFFFFFFFFFFFFFFFFFFFFFFFFFFFFFFFFFFFFFFFFFFFFFFFFFFFFFFFFFFFFFFA3
:20BDC000FFFFFFFFFFFFFFFFFFFFFFFFFFFFFFFFFFFFFFFFFFFFFFFFFFFFFFFFFFFFFFFF83
:20BDE000FFFFFFFFFFFFFFFFFFFFFFFFFFFFFFFFFFFFFFFFFFFFFFFFFFFFFFFFFFFFFFFF63
:20BE0000FFFFFFFFFFFFFFFFFFFFFFFFFFFFFFFFFFFFFFFFFFFFFFFFFFFFFFFFFFFFFFFF42
:20BE2000FFFFFFFFFFFFFFFFFFFFFFFFFFFFFFFFFFFFFFFFFFFFFFFFFFFFFFFFFFFFFFFF22
:20BE4000FFFFFFFFFFFFFFFFFFFFFFFFFFFFFFFFFFFFFFFFFFFFFFFFFFFFFFFFFFFFFFFF02
:20BE6000FFFFFFFFFFFFFFFFFFFFFFFFFFFFFFFFFFFFFFFFFFFFFFFFFFFFFFFFFFFFFFFFE2
:20BE8000FFFFFFFFFFFFFFFFFFFFFFFFFFFFFFFFFFFFFFFFFFFFFFFFFFFFFFFFFFFFFFFFC2
:20BEA000FFFFFFFFFFFFFFFFFFFFFFFFFFFFFFFFFFFFFFFFFFFFFFFFFFFFFFFFFFFFFFFFA2
:20BEC000FFFFFFFFFFFFFFFFFFFFFFFFFFFFFFFFFFFFFFFFFFFFFFFFFFFFFFFFFFFFFFFF82
:20BEE000FFFFFFFFFFFFFFFFFFFFFFFFFFFFFFFFFFFFFFFFFFFFFFFFFFFFFFFFFFFFFFFF62
:20BF0000FFFFFFFFFFFFFFFFFFFFFFFFFFFFFFFFFFFFFFFFFFFFFFFFFFFFFFFFFFFFFFFF41
:20BF2000FFFFFFFFFFFFFFFFFFFFFFFFFFFFFFFFFFFFFFFFFFFFFFFFFFFFFFFFFFFFFFFF21
:20BF4000FFFFFFFFFFFFFFFFFFFFFFFFFFFFFFFFFFFFFFFFFFFFFFFFFFFFFFFFFFFFFFFF01
:20BF6000FFFFFFFFFFFFFFFFFFFFFFFFFFFFFFFFFFFFFFFFFFFFFFFFFFFFFFFFFFFFFFFFE1
:20BF8000FFFFFFFFFFFFFFFFFFFFFFFFFFFFFFFFFFFFFFFFFFFFFFFFFFFFFFFFFFFFFFFFC1
:20BFA000FFFFFFFFFFFFFFFFFFFFFFFFFFFFFFFFFFFFFFFFFFFFFFFFFFFFFFFFFFFFFFFFA1
:20BFC000FFFFFFFFFFFFFFFFFFFFFFFFFFFFFFFFFFFFFFFFFFFFFFFFFFFFFFFFFFFFFFFF81
:20BFE000FFFFFFFFFFFFFFFFFFFFFFFFFFFFFFFFFFFFFFFFFFFFFFFFFFFFFFFFFFFFFFFF61
:20C00000FFFFFFFFFFFFFFFFFFFFFFFFFFFFFFFFFFFFFFFFFFFFFFFFFFFFFFFFFFFFFFFF40
:20C02000FFFFFFFFFFFFFFFFFFFFFFFFFFFFFFFFFFFFFFFFFFFFFFFFFFFFFFFFFFFFFFFF20
:20C04000FFFFFFFFFFFFFFFFFFFFFFFFFFFFFFFFFFFFFFFFFFFFFFFFFFFFFFFFFFFFFFFF00
:20C06000FFFFFFFFFFFFFFFFFFFFFFFFFFFFFFFFFFFFFFFFFFFFFFFFFFFFFFFFFFFFFFFFE0
:20C08000FFFFFFFFFFFFFFFFFFFFFFFFFFFFFFFFFFFFFFFFFFFFFFFFFFFFFFFFFFFFFFFFC0
:20C0A000FFFFFFFFFFFFFFFFFFFFFFFFFFFFFFFFFFFFFFFFFFFFFFFFFFFFFFFFFFFFFFFFA0
:20C0C000FFFFFFFFFFFFFFFFFFFFFFFFFFFFFFFFFFFFFFFFFFFFFFFFFFFFFFFFFFFFFFFF80
:20C0E000FFFFFFFFFFFFFFFFFFFFFFFFFFFFFFFFFFFFFFFFFFFFFFFFFFFFFFFFFFFFFFFF60
:20C10000FFFFFFFFFFFFFFFFFFFFFFFFFFFFFFFFFFFFFFFFFFFFFFFFFFFFFFFFFFFFFFFF3F
:20C12000FFFFFFFFFFFFFFFFFFFFFFFFFFFFFFFFFFFFFFFFFFFFFFFFFFFFFFFFFFFFFFFF1F
:20C14000FFFFFFFFFFFFFFFFFFFFFFFFFFFFFFFFFFFFFFFFFFFFFFFFFFFFFFFFFFFFFFFFFF
:20C16000FFFFFFFFFFFFFFFFFFFFFFFFFFFFFFFFFFFFFFFFFFFFFFFFFFFFFFFFFFFFFFFFDF
:20C18000FFFFFFFFFFFFFFFFFFFFFFFFFFFFFFFFFFFFFFFFFFFFFFFFFFFFFFFFFFFFFFFFBF
:20C1A000FFFFFFFFFFFFFFFFFFFFFFFFFFFFFFFFFFFFFFFFFFFFFFFFFFFFFFFFFFFFFFFF9F
:20C1C000FFFFFFFFFFFFFFFFFFFFFFFFFFFFFFFFFFFFFFFFFFFFFFFFFFFFFFFFFFFFFFFF7F
:20C1E000FFFFFFFFFFFFFFFFFFFFFFFFFFFFFFFFFFFFFFFFFFFFFFFFFFFFFFFFFFFFFFFF5F
:20C20000FFFFFFFFFFFFFFFFFFFFFFFFFFFFFFFFFFFFFFFFFFFFFFFFFFFFFFFFFFFFFFFF3E
:20C22000FFFFFFFFFFFFFFFFFFFFFFFFFFFFFFFFFFFFFFFFFFFFFFFFFFFFFFFFFFFFFFFF1E
:20C24000FFFFFFFFFFFFFFFFFFFFFFFFFFFFFFFFFFFFFFFFFFFFFFFFFFFFFFFFFFFFFFFFFE
:20C26000FFFFFFFFFFFFFFFFFFFFFFFFFFFFFFFFFFFFFFFFFFFFFFFFFFFFFFFFFFFFFFFFDE
:20C28000FFFFFFFFFFFFFFFFFFFFFFFFFFFFFFFFFFFFFFFFFFFFFFFFFFFFFFFFFFFFFFFFBE
:20C2A000FFFFFFFFFFFFFFFFFFFFFFFFFFFFFFFFFFFFFFFFFFFFFFFFFFFFFFFFFFFFFFFF9E
:20C2C000FFFFFFFFFFFFFFFFFFFFFFFFFFFFFFFFFFFFFFFFFFFFFFFFFFFFFFFFFFFFFFFF7E
:20C2E000FFFFFFFFFFFFFFFFFFFFFFFFFFFFFFFFFFFFFFFFFFFFFFFFFFFFFFFFFFFFFFFF5E
:20C30000FFFFFFFFFFFFFFFFFFFFFFFFFFFFFFFFFFFFFFFFFFFFFFFFFFFFFFFFFFFFFFFF3D
:20C32000FFFFFFFFFFFFFFFFFFFFFFFFFFFFFFFFFFFFFFFFFFFFFFFFFFFFFFFFFFFFFFFF1D
:20C34000FFFFFFFFFFFFFFFFFFFFFFFFFFFFFFFFFFFFFFFFFFFFFFFFFFFFFFFFFFFFFFFFFD
:20C36000FFFFFFFFFFFFFFFFFFFFFFFFFFFFFFFFFFFFFFFFFFFFFFFFFFFFFFFFFFFFFFFFDD
:20C38000FFFFFFFFFFFFFFFFFFFFFFFFFFFFFFFFFFFFFFFFFFFFFFFFFFFFFFFFFFFFFFFFBD
:20C3A000FFFFFFFFFFFFFFFFFFFFFFFFFFFFFFFFFFFFFFFFFFFFFFFFFFFFFFFFFFFFFFFF9D
:20C3C000FFFFFFFFFFFFFFFFFFFFFFFFFFFFFFFFFFFFFFFFFFFFFFFFFFFFFFFFFFFFFFFF7D
:20C3E000FFFFFFFFFFFFFFFFFFFFFFFFFFFFFFFFFFFFFFFFFFFFFFFFFFFFFFFFFFFFFFFF5D
:20C40000FFFFFFFFFFFFFFFFFFFFFFFFFFFFFFFFFFFFFFFFFFFFFFFFFFFFFFFFFFFFFFFF3C
:20C42000FFFFFFFFFFFFFFFFFFFFFFFFFFFFFFFFFFFFFFFFFFFFFFFFFFFFFFFFFFFFFFFF1C
:20C44000FFFFFFFFFFFFFFFFFFFFFFFFFFFFFFFFFFFFFFFFFFFFFFFFFFFFFFFFFFFFFFFFFC
:20C46000FFFFFFFFFFFFFFFFFFFFFFFFFFFFFFFFFFFFFFFFFFFFFFFFFFFFFFFFFFFFFFFFDC
:20C48000FFFFFFFFFFFFFFFFFFFFFFFFFFFFFFFFFFFFFFFFFFFFFFFFFFFFFFFFFFFFFFFFBC
:20C4A000FFFFFFFFFFFFFFFFFFFFFFFFFFFFFFFFFFFFFFFFFFFFFFFFFFFFFFFFFFFFFFFF9C
:20C4C000FFFFFFFFFFFFFFFFFFFFFFFFFFFFFFFFFFFFFFFFFFFFFFFFFFFFFFFFFFFFFFFF7C
:20C4E000FFFFFFFFFFFFFFFFFFFFFFFFFFFFFFFFFFFFFFFFFFFFFFFFFFFFFFFFFFFFFFFF5C
:20C50000FFFFFFFFFFFFFFFFFFFFFFFFFFFFFFFFFFFFFFFFFFFFFFFFFFFFFFFFFFFFFFFF3B
:20C52000FFFFFFFFFFFFFFFFFFFFFFFFFFFFFFFFFFFFFFFFFFFFFFFFFFFFFFFFFFFFFFFF1B
:20C54000FFFFFFFFFFFFFFFFFFFFFFFFFFFFFFFFFFFFFFFFFFFFFFFFFFFFFFFFFFFFFFFFFB
:20C56000FFFFFFFFFFFFFFFFFFFFFFFFFFFFFFFFFFFFFFFFFFFFFFFFFFFFFFFFFFFFFFFFDB
:20C58000FFFFFFFFFFFFFFFFFFFFFFFFFFFFFFFFFFFFFFFFFFFFFFFFFFFFFFFFFFFFFFFFBB
:20C5A000FFFFFFFFFFFFFFFFFFFFFFFFFFFFFFFFFFFFFFFFFFFFFFFFFFFFFFFFFFFFFFFF9B
:20C5C000FFFFFFFFFFFFFFFFFFFFFFFFFFFFFFFFFFFFFFFFFFFFFFFFFFFFFFFFFFFFFFFF7B
:20C5E000FFFFFFFFFFFFFFFFFFFFFFFFFFFFFFFFFFFFFFFFFFFFFFFFFFFFFFFFFFFFFFFF5B
:20C60000FFFFFFFFFFFFFFFFFFFFFFFFFFFFFFFFFFFFFFFFFFFFFFFFFFFFFFFFFFFFFFFF3A
:20C62000FFFFFFFFFFFFFFFFFFFFFFFFFFFFFFFFFFFFFFFFFFFFFFFFFFFFFFFFFFFFFFFF1A
:20C64000FFFFFFFFFFFFFFFFFFFFFFFFFFFFFFFFFFFFFFFFFFFFFFFFFFFFFFFFFFFFFFFFFA
:20C66000FFFFFFFFFFFFFFFFFFFFFFFFFFFFFFFFFFFFFFFFFFFFFFFFFFFFFFFFFFFFFFFFDA
:20C68000FFFFFFFFFFFFFFFFFFFFFFFFFFFFFFFFFFFFFFFFFFFFFFFFFFFFFFFFFFFFFFFFBA
:20C6A000FFFFFFFFFFFFFFFFFFFFFFFFFFFFFFFFFFFFFFFFFFFFFFFFFFFFFFFFFFFFFFFF9A
:20C6C000FFFFFFFFFFFFFFFFFFFFFFFFFFFFFFFFFFFFFFFFFFFFFFFFFFFFFFFFFFFFFFFF7A
:20C6E000FFFFFFFFFFFFFFFFFFFFFFFFFFFFFFFFFFFFFFFFFFFFFFFFFFFFFFFFFFFFFFFF5A
:20C70000FFFFFFFFFFFFFFFFFFFFFFFFFFFFFFFFFFFFFFFFFFFFFFFFFFFFFFFFFFFFFFFF39
:20C72000FFFFFFFFFFFFFFFFFFFFFFFFFFFFFFFFFFFFFFFFFFFFFFFFFFFFFFFFFFFFFFFF19
:20C74000FFFFFFFFFFFFFFFFFFFFFFFFFFFFFFFFFFFFFFFFFFFFFFFFFFFFFFFFFFFFFFFFF9
:20C76000FFFFFFFFFFFFFFFFFFFFFFFFFFFFFFFFFFFFFFFFFFFFFFFFFFFFFFFFFFFFFFFFD9
:20C78000FFFFFFFFFFFFFFFFFFFFFFFFFFFFFFFFFFFFFFFFFFFFFFFFFFFFFFFFFFFFFFFFB9
:20C7A000FFFFFFFFFFFFFFFFFFFFFFFFFFFFFFFFFFFFFFFFFFFFFFFFFFFFFFFFFFFFFFFF99
:20C7C000FFFFFFFFFFFFFFFFFFFFFFFFFFFFFFFFFFFFFFFFFFFFFFFFFFFFFFFFFFFFFFFF79
:20C7E000FFFFFFFFFFFFFFFFFFFFFFFFFFFFFFFFFFFFFFFFFFFFFFFFFFFFFFFFFFFFFFFF59
:20C80000FFFFFFFFFFFFFFFFFFFFFFFFFFFFFFFFFFFFFFFFFFFFFFFFFFFFFFFFFFFFFFFF38
:20C82000FFFFFFFFFFFFFFFFFFFFFFFFFFFFFFFFFFFFFFFFFFFFFFFFFFFFFFFFFFFFFFFF18
:20C84000FFFFFFFFFFFFFFFFFFFFFFFFFFFFFFFFFFFFFFFFFFFFFFFFFFFFFFFFFFFFFFFFF8
:20C86000FFFFFFFFFFFFFFFFFFFFFFFFFFFFFFFFFFFFFFFFFFFFFFFFFFFFFFFFFFFFFFFFD8
:20C88000FFFFFFFFFFFFFFFFFFFFFFFFFFFFFFFFFFFFFFFFFFFFFFFFFFFFFFFFFFFFFFFFB8
:20C8A000FFFFFFFFFFFFFFFFFFFFFFFFFFFFFFFFFFFFFFFFFFFFFFFFFFFFFFFFFFFFFFFF98
:20C8C000FFFFFFFFFFFFFFFFFFFFFFFFFFFFFFFFFFFFFFFFFFFFFFFFFFFFFFFFFFFFFFFF78
:20C8E000FFFFFFFFFFFFFFFFFFFFFFFFFFFFFFFFFFFFFFFFFFFFFFFFFFFFFFFFFFFFFFFF58
:20C90000FFFFFFFFFFFFFFFFFFFFFFFFFFFFFFFFFFFFFFFFFFFFFFFFFFFFFFFFFFFFFFFF37
:20C92000FFFFFFFFFFFFFFFFFFFFFFFFFFFFFFFFFFFFFFFFFFFFFFFFFFFFFFFFFFFFFFFF17
:20C94000FFFFFFFFFFFFFFFFFFFFFFFFFFFFFFFFFFFFFFFFFFFFFFFFFFFFFFFFFFFFFFFFF7
:20C96000FFFFFFFFFFFFFFFFFFFFFFFFFFFFFFFFFFFFFFFFFFFFFFFFFFFFFFFFFFFFFFFFD7
:20C98000FFFFFFFFFFFFFFFFFFFFFFFFFFFFFFFFFFFFFFFFFFFFFFFFFFFFFFFFFFFFFFFFB7
:20C9A000FFFFFFFFFFFFFFFFFFFFFFFFFFFFFFFFFFFFFFFFFFFFFFFFFFFFFFFFFFFFFFFF97
:20C9C000FFFFFFFFFFFFFFFFFFFFFFFFFFFFFFFFFFFFFFFFFFFFFFFFFFFFFFFFFFFFFFFF77
:20C9E000FFFFFFFFFFFFFFFFFFFFFFFFFFFFFFFFFFFFFFFFFFFFFFFFFFFFFFFFFFFFFFFF57
:20CA0000FFFFFFFFFFFFFFFFFFFFFFFFFFFFFFFFFFFFFFFFFFFFFFFFFFFFFFFFFFFFFFFF36
:20CA2000FFFFFFFFFFFFFFFFFFFFFFFFFFFFFFFFFFFFFFFFFFFFFFFFFFFFFFFFFFFFFFFF16
:20CA4000FFFFFFFFFFFFFFFFFFFFFFFFFFFFFFFFFFFFFFFFFFFFFFFFFFFFFFFFFFFFFFFFF6
:20CA6000FFFFFFFFFFFFFFFFFFFFFFFFFFFFFFFFFFFFFFFFFFFFFFFFFFFFFFFFFFFFFFFFD6
:20CA8000FFFFFFFFFFFFFFFFFFFFFFFFFFFFFFFFFFFFFFFFFFFFFFFFFFFFFFFFFFFFFFFFB6
:20CAA000FFFFFFFFFFFFFFFFFFFFFFFFFFFFFFFFFFFFFFFFFFFFFFFFFFFFFFFFFFFFFFFF96
:20CAC000FFFFFFFFFFFFFFFFFFFFFFFFFFFFFFFFFFFFFFFFFFFFFFFFFFFFFFFFFFFFFFFF76
:20CAE000FFFFFFFFFFFFFFFFFFFFFFFFFFFFFFFFFFFFFFFFFFFFFFFFFFFFFFFFFFFFFFFF56
:20CB0000FFFFFFFFFFFFFFFFFFFFFFFFFFFFFFFFFFFFFFFFFFFFFFFFFFFFFFFFFFFFFFFF35
:20CB2000FFFFFFFFFFFFFFFFFFFFFFFFFFFFFFFFFFFFFFFFFFFFFFFFFFFFFFFFFFFFFFFF15
:20CB4000FFFFFFFFFFFFFFFFFFFFFFFFFFFFFFFFFFFFFFFFFFFFFFFFFFFFFFFFFFFFFFFFF5
:20CB6000FFFFFFFFFFFFFFFFFFFFFFFFFFFFFFFFFFFFFFFFFFFFFFFFFFFFFFFFFFFFFFFFD5
:20CB8000FFFFFFFFFFFFFFFFFFFFFFFFFFFFFFFFFFFFFFFFFFFFFFFFFFFFFFFFFFFFFFFFB5
:20CBA000FFFFFFFFFFFFFFFFFFFFFFFFFFFFFFFFFFFFFFFFFFFFFFFFFFFFFFFFFFFFFFFF95
:20CBC000FFFFFFFFFFFFFFFFFFFFFFFFFFFFFFFFFFFFFFFFFFFFFFFFFFFFFFFFFFFFFFFF75
:20CBE000FFFFFFFFFFFFFFFFFFFFFFFFFFFFFFFFFFFFFFFFFFFFFFFFFFFFFFFFFFFFFFFF55
:20CC0000FFFFFFFFFFFFFFFFFFFFFFFFFFFFFFFFFFFFFFFFFFFFFFFFFFFFFFFFFFFFFFFF34
:20CC2000FFFFFFFFFFFFFFFFFFFFFFFFFFFFFFFFFFFFFFFFFFFFFFFFFFFFFFFFFFFFFFFF14
:20CC4000FFFFFFFFFFFFFFFFFFFFFFFFFFFFFFFFFFFFFFFFFFFFFFFFFFFFFFFFFFFFFFFFF4
:20CC6000FFFFFFFFFFFFFFFFFFFFFFFFFFFFFFFFFFFFFFFFFFFFFFFFFFFFFFFFFFFFFFFFD4
:20CC8000FFFFFFFFFFFFFFFFFFFFFFFFFFFFFFFFFFFFFFFFFFFFFFFFFFFFFFFFFFFFFFFFB4
:20CCA000FFFFFFFFFFFFFFFFFFFFFFFFFFFFFFFFFFFFFFFFFFFFFFFFFFFFFFFFFFFFFFFF94
:20CCC000FFFFFFFFFFFFFFFFFFFFFFFFFFFFFFFFFFFFFFFFFFFFFFFFFFFFFFFFFFFFFFFF74
:20CCE000FFFFFFFFFFFFFFFFFFFFFFFFFFFFFFFFFFFFFFFFFFFFFFFFFFFFFFFFFFFFFFFF54
:20CD0000FFFFFFFFFFFFFFFFFFFFFFFFFFFFFFFFFFFFFFFFFFFFFFFFFFFFFFFFFFFFFFFF33
:20CD2000FFFFFFFFFFFFFFFFFFFFFFFFFFFFFFFFFFFFFFFFFFFFFFFFFFFFFFFFFFFFFFFF13
:20CD4000FFFFFFFFFFFFFFFFFFFFFFFFFFFFFFFFFFFFFFFFFFFFFFFFFFFFFFFFFFFFFFFFF3
:20CD6000FFFFFFFFFFFFFFFFFFFFFFFFFFFFFFFFFFFFFFFFFFFFFFFFFFFFFFFFFFFFFFFFD3
:20CD8000FFFFFFFFFFFFFFFFFFFFFFFFFFFFFFFFFFFFFFFFFFFFFFFFFFFFFFFFFFFFFFFFB3
:20CDA000FFFFFFFFFFFFFFFFFFFFFFFFFFFFFFFFFFFFFFFFFFFFFFFFFFFFFFFFFFFFFFFF93
:20CDC000FFFFFFFFFFFFFFFFFFFFFFFFFFFFFFFFFFFFFFFFFFFFFFFFFFFFFFFFFFFFFFFF73
:20CDE000FFFFFFFFFFFFFFFFFFFFFFFFFFFFFFFFFFFFFFFFFFFFFFFFFFFFFFFFFFFFFFFF53
:20CE0000FFFFFFFFFFFFFFFFFFFFFFFFFFFFFFFFFFFFFFFFFFFFFFFFFFFFFFFFFFFFFFFF32
:20CE2000FFFFFFFFFFFFFFFFFFFFFFFFFFFFFFFFFFFFFFFFFFFFFFFFFFFFFFFFFFFFFFFF12
:20CE4000FFFFFFFFFFFFFFFFFFFFFFFFFFFFFFFFFFFFFFFFFFFFFFFFFFFFFFFFFFFFFFFFF2
:20CE6000FFFFFFFFFFFFFFFFFFFFFFFFFFFFFFFFFFFFFFFFFFFFFFFFFFFFFFFFFFFFFFFFD2
:20CE8000FFFFFFFFFFFFFFFFFFFFFFFFFFFFFFFFFFFFFFFFFFFFFFFFFFFFFFFFFFFFFFFFB2
:20CEA000FFFFFFFFFFFFFFFFFFFFFFFFFFFFFFFFFFFFFFFFFFFFFFFFFFFFFFFFFFFFFFFF92
:20CEC000FFFFFFFFFFFFFFFFFFFFFFFFFFFFFFFFFFFFFFFFFFFFFFFFFFFFFFFFFFFFFFFF72
:20CEE000FFFFFFFFFFFFFFFFFFFFFFFFFFFFFFFFFFFFFFFFFFFFFFFFFFFFFFFFFFFFFFFF52
:20CF0000FFFFFFFFFFFFFFFFFFFFFFFFFFFFFFFFFFFFFFFFFFFFFFFFFFFFFFFFFFFFFFFF31
:20CF2000FFFFFFFFFFFFFFFFFFFFFFFFFFFFFFFFFFFFFFFFFFFFFFFFFFFFFFFFFFFFFFFF11
:20CF4000FFFFFFFFFFFFFFFFFFFFFFFFFFFFFFFFFFFFFFFFFFFFFFFFFFFFFFFFFFFFFFFFF1
:20CF6000FFFFFFFFFFFFFFFFFFFFFFFFFFFFFFFFFFFFFFFFFFFFFFFFFFFFFFFFFFFFFFFFD1
:20CF8000FFFFFFFFFFFFFFFFFFFFFFFFFFFFFFFFFFFFFFFFFFFFFFFFFFFFFFFFFFFFFFFFB1
:20CFA000FFFFFFFFFFFFFFFFFFFFFFFFFFFFFFFFFFFFFFFFFFFFFFFFFFFFFFFFFFFFFFFF91
:20CFC000FFFFFFFFFFFFFFFFFFFFFFFFFFFFFFFFFFFFFFFFFFFFFFFFFFFFFFFFFFFFFFFF71
:20CFE000FFFFFFFFFFFFFFFFFFFFFFFFFFFFFFFFFFFFFFFFFFFFFFFFFFFFFFFFFFFFFFFF51
:20D00000FFFFFFFFFFFFFFFFFFFFFFFFFFFFFFFFFFFFFFFFFFFFFFFFFFFFFFFFFFFFFFFF30
:20D02000FFFFFFFFFFFFFFFFFFFFFFFFFFFFFFFFFFFFFFFFFFFFFFFFFFFFFFFFFFFFFFFF10
:20D04000FFFFFFFFFFFFFFFFFFFFFFFFFFFFFFFFFFFFFFFFFFFFFFFFFFFFFFFFFFFFFFFFF0
:20D06000FFFFFFFFFFFFFFFFFFFFFFFFFFFFFFFFFFFFFFFFFFFFFFFFFFFFFFFFFFFFFFFFD0
:20D08000FFFFFFFFFFFFFFFFFFFFFFFFFFFFFFFFFFFFFFFFFFFFFFFFFFFFFFFFFFFFFFFFB0
:20D0A000FFFFFFFFFFFFFFFFFFFFFFFFFFFFFFFFFFFFFFFFFFFFFFFFFFFFFFFFFFFFFFFF90
:20D0C000FFFFFFFFFFFFFFFFFFFFFFFFFFFFFFFFFFFFFFFFFFFFFFFFFFFFFFFFFFFFFFFF70
:20D0E000FFFFFFFFFFFFFFFFFFFFFFFFFFFFFFFFFFFFFFFFFFFFFFFFFFFFFFFFFFFFFFFF50
:20D10000FFFFFFFFFFFFFFFFFFFFFFFFFFFFFFFFFFFFFFFFFFFFFFFFFFFFFFFFFFFFFFFF2F
:20D12000FFFFFFFFFFFFFFFFFFFFFFFFFFFFFFFFFFFFFFFFFFFFFFFFFFFFFFFFFFFFFFFF0F
:20D14000FFFFFFFFFFFFFFFFFFFFFFFFFFFFFFFFFFFFFFFFFFFFFFFFFFFFFFFFFFFFFFFFEF
:20D16000FFFFFFFFFFFFFFFFFFFFFFFFFFFFFFFFFFFFFFFFFFFFFFFFFFFFFFFFFFFFFFFFCF
:20D18000FFFFFFFFFFFFFFFFFFFFFFFFFFFFFFFFFFFFFFFFFFFFFFFFFFFFFFFFFFFFFFFFAF
:20D1A000FFFFFFFFFFFFFFFFFFFFFFFFFFFFFFFFFFFFFFFFFFFFFFFFFFFFFFFFFFFFFFFF8F
:20D1C000FFFFFFFFFFFFFFFFFFFFFFFFFFFFFFFFFFFFFFFFFFFFFFFFFFFFFFFFFFFFFFFF6F
:20D1E000FFFFFFFFFFFFFFFFFFFFFFFFFFFFFFFFFFFFFFFFFFFFFFFFFFFFFFFFFFFFFFFF4F
:20D20000FFFFFFFFFFFFFFFFFFFFFFFFFFFFFFFFFFFFFFFFFFFFFFFFFFFFFFFFFFFFFFFF2E
:20D22000FFFFFFFFFFFFFFFFFFFFFFFFFFFFFFFFFFFFFFFFFFFFFFFFFFFFFFFFFFFFFFFF0E
:20D24000FFFFFFFFFFFFFFFFFFFFFFFFFFFFFFFFFFFFFFFFFFFFFFFFFFFFFFFFFFFFFFFFEE
:20D26000FFFFFFFFFFFFFFFFFFFFFFFFFFFFFFFFFFFFFFFFFFFFFFFFFFFFFFFFFFFFFFFFCE
:20D28000FFFFFFFFFFFFFFFFFFFFFFFFFFFFFFFFFFFFFFFFFFFFFFFFFFFFFFFFFFFFFFFFAE
:20D2A000FFFFFFFFFFFFFFFFFFFFFFFFFFFFFFFFFFFFFFFFFFFFFFFFFFFFFFFFFFFFFFFF8E
:20D2C000FFFFFFFFFFFFFFFFFFFFFFFFFFFFFFFFFFFFFFFFFFFFFFFFFFFFFFFFFFFFFFFF6E
:20D2E000FFFFFFFFFFFFFFFFFFFFFFFFFFFFFFFFFFFFFFFFFFFFFFFFFFFFFFFFFFFFFFFF4E
:20D30000FFFFFFFFFFFFFFFFFFFFFFFFFFFFFFFFFFFFFFFFFFFFFFFFFFFFFFFFFFFFFFFF2D
:20D32000FFFFFFFFFFFFFFFFFFFFFFFFFFFFFFFFFFFFFFFFFFFFFFFFFFFFFFFFFFFFFFFF0D
:20D34000FFFFFFFFFFFFFFFFFFFFFFFFFFFFFFFFFFFFFFFFFFFFFFFFFFFFFFFFFFFFFFFFED
:20D36000FFFFFFFFFFFFFFFFFFFFFFFFFFFFFFFFFFFFFFFFFFFFFFFFFFFFFFFFFFFFFFFFCD
:20D38000FFFFFFFFFFFFFFFFFFFFFFFFFFFFFFFFFFFFFFFFFFFFFFFFFFFFFFFFFFFFFFFFAD
:20D3A000FFFFFFFFFFFFFFFFFFFFFFFFFFFFFFFFFFFFFFFFFFFFFFFFFFFFFFFFFFFFFFFF8D
:20D3C000FFFFFFFFFFFFFFFFFFFFFFFFFFFFFFFFFFFFFFFFFFFFFFFFFFFFFFFFFFFFFFFF6D
:20D3E000FFFFFFFFFFFFFFFFFFFFFFFFFFFFFFFFFFFFFFFFFFFFFFFFFFFFFFFFFFFFFFFF4D
:20D40000FFFFFFFFFFFFFFFFFFFFFFFFFFFFFFFFFFFFFFFFFFFFFFFFFFFFFFFFFFFFFFFF2C
:20D42000FFFFFFFFFFFFFFFFFFFFFFFFFFFFFFFFFFFFFFFFFFFFFFFFFFFFFFFFFFFFFFFF0C
:20D44000FFFFFFFFFFFFFFFFFFFFFFFFFFFFFFFFFFFFFFFFFFFFFFFFFFFFFFFFFFFFFFFFEC
:20D46000FFFFFFFFFFFFFFFFFFFFFFFFFFFFFFFFFFFFFFFFFFFFFFFFFFFFFFFFFFFFFFFFCC
:20D48000FFFFFFFFFFFFFFFFFFFFFFFFFFFFFFFFFFFFFFFFFFFFFFFFFFFFFFFFFFFFFFFFAC
:20D4A000FFFFFFFFFFFFFFFFFFFFFFFFFFFFFFFFFFFFFFFFFFFFFFFFFFFFFFFFFFFFFFFF8C
:20D4C000FFFFFFFFFFFFFFFFFFFFFFFFFFFFFFFFFFFFFFFFFFFFFFFFFFFFFFFFFFFFFFFF6C
:20D4E000FFFFFFFFFFFFFFFFFFFFFFFFFFFFFFFFFFFFFFFFFFFFFFFFFFFFFFFFFFFFFFFF4C
:20D50000FFFFFFFFFFFFFFFFFFFFFFFFFFFFFFFFFFFFFFFFFFFFFFFFFFFFFFFFFFFFFFFF2B
:20D52000FFFFFFFFFFFFFFFFFFFFFFFFFFFFFFFFFFFFFFFFFFFFFFFFFFFFFFFFFFFFFFFF0B
:20D54000FFFFFFFFFFFFFFFFFFFFFFFFFFFFFFFFFFFFFFFFFFFFFFFFFFFFFFFFFFFFFFFFEB
:20D56000FFFFFFFFFFFFFFFFFFFFFFFFFFFFFFFFFFFFFFFFFFFFFFFFFFFFFFFFFFFFFFFFCB
:20D58000FFFFFFFFFFFFFFFFFFFFFFFFFFFFFFFFFFFFFFFFFFFFFFFFFFFFFFFFFFFFFFFFAB
:20D5A000FFFFFFFFFFFFFFFFFFFFFFFFFFFFFFFFFFFFFFFFFFFFFFFFFFFFFFFFFFFFFFFF8B
:20D5C000FFFFFFFFFFFFFFFFFFFFFFFFFFFFFFFFFFFFFFFFFFFFFFFFFFFFFFFFFFFFFFFF6B
:20D5E000FFFFFFFFFFFFFFFFFFFFFFFFFFFFFFFFFFFFFFFFFFFFFFFFFFFFFFFFFFFFFFFF4B
:20D60000FFFFFFFFFFFFFFFFFFFFFFFFFFFFFFFFFFFFFFFFFFFFFFFFFFFFFFFFFFFFFFFF2A
:20D62000FFFFFFFFFFFFFFFFFFFFFFFFFFFFFFFFFFFFFFFFFFFFFFFFFFFFFFFFFFFFFFFF0A
:20D64000FFFFFFFFFFFFFFFFFFFFFFFFFFFFFFFFFFFFFFFFFFFFFFFFFFFFFFFFFFFFFFFFEA
:20D66000FFFFFFFFFFFFFFFFFFFFFFFFFFFFFFFFFFFFFFFFFFFFFFFFFFFFFFFFFFFFFFFFCA
:20D68000FFFFFFFFFFFFFFFFFFFFFFFFFFFFFFFFFFFFFFFFFFFFFFFFFFFFFFFFFFFFFFFFAA
:20D6A000FFFFFFFFFFFFFFFFFFFFFFFFFFFFFFFFFFFFFFFFFFFFFFFFFFFFFFFFFFFFFFFF8A
:20D6C000FFFFFFFFFFFFFFFFFFFFFFFFFFFFFFFFFFFFFFFFFFFFFFFFFFFFFFFFFFFFFFFF6A
:20D6E000FFFFFFFFFFFFFFFFFFFFFFFFFFFFFFFFFFFFFFFFFFFFFFFFFFFFFFFFFFFFFFFF4A
:20D70000FFFFFFFFFFFFFFFFFFFFFFFFFFFFFFFFFFFFFFFFFFFFFFFFFFFFFFFFFFFFFFFF29
:20D72000FFFFFFFFFFFFFFFFFFFFFFFFFFFFFFFFFFFFFFFFFFFFFFFFFFFFFFFFFFFFFFFF09
:20D74000FFFFFFFFFFFFFFFFFFFFFFFFFFFFFFFFFFFFFFFFFFFFFFFFFFFFFFFFFFFFFFFFE9
:20D76000FFFFFFFFFFFFFFFFFFFFFFFFFFFFFFFFFFFFFFFFFFFFFFFFFFFFFFFFFFFFFFFFC9
:20D78000FFFFFFFFFFFFFFFFFFFFFFFFFFFFFFFFFFFFFFFFFFFFFFFFFFFFFFFFFFFFFFFFA9
:20D7A000FFFFFFFFFFFFFFFFFFFFFFFFFFFFFFFFFFFFFFFFFFFFFFFFFFFFFFFFFFFFFFFF89
:20D7C000FFFFFFFFFFFFFFFFFFFFFFFFFFFFFFFFFFFFFFFFFFFFFFFFFFFFFFFFFFFFFFFF69
:20D7E000FFFFFFFFFFFFFFFFFFFFFFFFFFFFFFFFFFFFFFFFFFFFFFFFFFFFFFFFFFFFFFFF49
:20D80000FFFFFFFFFFFFFFFFFFFFFFFFFFFFFFFFFFFFFFFFFFFFFFFFFFFFFFFFFFFFFFFF28
:20D82000FFFFFFFFFFFFFFFFFFFFFFFFFFFFFFFFFFFFFFFFFFFFFFFFFFFFFFFFFFFFFFFF08
:20D84000FFFFFFFFFFFFFFFFFFFFFFFFFFFFFFFFFFFFFFFFFFFFFFFFFFFFFFFFFFFFFFFFE8
:20D86000FFFFFFFFFFFFFFFFFFFFFFFFFFFFFFFFFFFFFFFFFFFFFFFFFFFFFFFFFFFFFFFFC8
:20D88000FFFFFFFFFFFFFFFFFFFFFFFFFFFFFFFFFFFFFFFFFFFFFFFFFFFFFFFFFFFFFFFFA8
:20D8A000FFFFFFFFFFFFFFFFFFFFFFFFFFFFFFFFFFFFFFFFFFFFFFFFFFFFFFFFFFFFFFFF88
:20D8C000FFFFFFFFFFFFFFFFFFFFFFFFFFFFFFFFFFFFFFFFFFFFFFFFFFFFFFFFFFFFFFFF68
:20D8E000FFFFFFFFFFFFFFFFFFFFFFFFFFFFFFFFFFFFFFFFFFFFFFFFFFFFFFFFFFFFFFFF48
:20D90000FFFFFFFFFFFFFFFFFFFFFFFFFFFFFFFFFFFFFFFFFFFFFFFFFFFFFFFFFFFFFFFF27
:20D92000FFFFFFFFFFFFFFFFFFFFFFFFFFFFFFFFFFFFFFFFFFFFFFFFFFFFFFFFFFFFFFFF07
:20D94000FFFFFFFFFFFFFFFFFFFFFFFFFFFFFFFFFFFFFFFFFFFFFFFFFFFFFFFFFFFFFFFFE7
:20D96000FFFFFFFFFFFFFFFFFFFFFFFFFFFFFFFFFFFFFFFFFFFFFFFFFFFFFFFFFFFFFFFFC7
:20D98000FFFFFFFFFFFFFFFFFFFFFFFFFFFFFFFFFFFFFFFFFFFFFFFFFFFFFFFFFFFFFFFFA7
:20D9A000FFFFFFFFFFFFFFFFFFFFFFFFFFFFFFFFFFFFFFFFFFFFFFFFFFFFFFFFFFFFFFFF87
:20D9C000FFFFFFFFFFFFFFFFFFFFFFFFFFFFFFFFFFFFFFFFFFFFFFFFFFFFFFFFFFFFFFFF67
:20D9E000FFFFFFFFFFFFFFFFFFFFFFFFFFFFFFFFFFFFFFFFFFFFFFFFFFFFFFFFFFFFFFFF47
:20DA0000FFFFFFFFFFFFFFFFFFFFFFFFFFFFFFFFFFFFFFFFFFFFFFFFFFFFFFFFFFFFFFFF26
:20DA2000FFFFFFFFFFFFFFFFFFFFFFFFFFFFFFFFFFFFFFFFFFFFFFFFFFFFFFFFFFFFFFFF06
:20DA4000FFFFFFFFFFFFFFFFFFFFFFFFFFFFFFFFFFFFFFFFFFFFFFFFFFFFFFFFFFFFFFFFE6
:20DA6000FFFFFFFFFFFFFFFFFFFFFFFFFFFFFFFFFFFFFFFFFFFFFFFFFFFFFFFFFFFFFFFFC6
:20DA8000FFFFFFFFFFFFFFFFFFFFFFFFFFFFFFFFFFFFFFFFFFFFFFFFFFFFFFFFFFFFFFFFA6
:20DAA000FFFFFFFFFFFFFFFFFFFFFFFFFFFFFFFFFFFFFFFFFFFFFFFFFFFFFFFFFFFFFFFF86
:20DAC000FFFFFFFFFFFFFFFFFFFFFFFFFFFFFFFFFFFFFFFFFFFFFFFFFFFFFFFFFFFFFFFF66
:20DAE000FFFFFFFFFFFFFFFFFFFFFFFFFFFFFFFFFFFFFFFFFFFFFFFFFFFFFFFFFFFFFFFF46
:20DB0000FFFFFFFFFFFFFFFFFFFFFFFFFFFFFFFFFFFFFFFFFFFFFFFFFFFFFFFFFFFFFFFF25
:20DB2000FFFFFFFFFFFFFFFFFFFFFFFFFFFFFFFFFFFFFFFFFFFFFFFFFFFFFFFFFFFFFFFF05
:20DB4000FFFFFFFFFFFFFFFFFFFFFFFFFFFFFFFFFFFFFFFFFFFFFFFFFFFFFFFFFFFFFFFFE5
:20DB6000FFFFFFFFFFFFFFFFFFFFFFFFFFFFFFFFFFFFFFFFFFFFFFFFFFFFFFFFFFFFFFFFC5
:20DB8000FFFFFFFFFFFFFFFFFFFFFFFFFFFFFFFFFFFFFFFFFFFFFFFFFFFFFFFFFFFFFFFFA5
:20DBA000FFFFFFFFFFFFFFFFFFFFFFFFFFFFFFFFFFFFFFFFFFFFFFFFFFFFFFFFFFFFFFFF85
:20DBC000FFFFFFFFFFFFFFFFFFFFFFFFFFFFFFFFFFFFFFFFFFFFFFFFFFFFFFFFFFFFFFFF65
:20DBE000FFFFFFFFFFFFFFFFFFFFFFFFFFFFFFFFFFFFFFFFFFFFFFFFFFFFFFFFFFFFFFFF45
:20DC0000FFFFFFFFFFFFFFFFFFFFFFFFFFFFFFFFFFFFFFFFFFFFFFFFFFFFFFFFFFFFFFFF24
:20DC2000FFFFFFFFFFFFFFFFFFFFFFFFFFFFFFFFFFFFFFFFFFFFFFFFFFFFFFFFFFFFFFFF04
:20DC4000FFFFFFFFFFFFFFFFFFFFFFFFFFFFFFFFFFFFFFFFFFFFFFFFFFFFFFFFFFFFFFFFE4
:20DC6000FFFFFFFFFFFFFFFFFFFFFFFFFFFFFFFFFFFFFFFFFFFFFFFFFFFFFFFFFFFFFFFFC4
:20DC8000FFFFFFFFFFFFFFFFFFFFFFFFFFFFFFFFFFFFFFFFFFFFFFFFFFFFFFFFFFFFFFFFA4
:20DCA000FFFFFFFFFFFFFFFFFFFFFFFFFFFFFFFFFFFFFFFFFFFFFFFFFFFFFFFFFFFFFFFF84
:20DCC000FFFFFFFFFFFFFFFFFFFFFFFFFFFFFFFFFFFFFFFFFFFFFFFFFFFFFFFFFFFFFFFF64
:20DCE000FFFFFFFFFFFFFFFFFFFFFFFFFFFFFFFFFFFFFFFFFFFFFFFFFFFFFFFFFFFFFFFF44
:20DD0000FFFFFFFFFFFFFFFFFFFFFFFFFFFFFFFFFFFFFFFFFFFFFFFFFFFFFFFFFFFFFFFF23
:20DD2000FFFFFFFFFFFFFFFFFFFFFFFFFFFFFFFFFFFFFFFFFFFFFFFFFFFFFFFFFFFFFFFF03
:20DD4000FFFFFFFFFFFFFFFFFFFFFFFFFFFFFFFFFFFFFFFFFFFFFFFFFFFFFFFFFFFFFFFFE3
:20DD6000FFFFFFFFFFFFFFFFFFFFFFFFFFFFFFFFFFFFFFFFFFFFFFFFFFFFFFFFFFFFFFFFC3
:20DD8000FFFFFFFFFFFFFFFFFFFFFFFFFFFFFFFFFFFFFFFFFFFFFFFFFFFFFFFFFFFFFFFFA3
:20DDA000FFFFFFFFFFFFFFFFFFFFFFFFFFFFFFFFFFFFFFFFFFFFFFFFFFFFFFFFFFFFFFFF83
:20DDC000FFFFFFFFFFFFFFFFFFFFFFFFFFFFFFFFFFFFFFFFFFFFFFFFFFFFFFFFFFFFFFFF63
:20DDE000FFFFFFFFFFFFFFFFFFFFFFFFFFFFFFFFFFFFFFFFFFFFFFFFFFFFFFFFFFFFFFFF43
:20DE0000FFFFFFFFFFFFFFFFFFFFFFFFFFFFFFFFFFFFFFFFFFFFFFFFFFFFFFFFFFFFFFFF22
:20DE2000FFFFFFFFFFFFFFFFFFFFFFFFFFFFFFFFFFFFFFFFFFFFFFFFFFFFFFFFFFFFFFFF02
:20DE4000FFFFFFFFFFFFFFFFFFFFFFFFFFFFFFFFFFFFFFFFFFFFFFFFFFFFFFFFFFFFFFFFE2
:20DE6000FFFFFFFFFFFFFFFFFFFFFFFFFFFFFFFFFFFFFFFFFFFFFFFFFFFFFFFFFFFFFFFFC2
:20DE8000FFFFFFFFFFFFFFFFFFFFFFFFFFFFFFFFFFFFFFFFFFFFFFFFFFFFFFFFFFFFFFFFA2
:20DEA000FFFFFFFFFFFFFFFFFFFFFFFFFFFFFFFFFFFFFFFFFFFFFFFFFFFFFFFFFFFFFFFF82
:20DEC000FFFFFFFFFFFFFFFFFFFFFFFFFFFFFFFFFFFFFFFFFFFFFFFFFFFFFFFFFFFFFFFF62
:20DEE000FFFFFFFFFFFFFFFFFFFFFFFFFFFFFFFFFFFFFFFFFFFFFFFFFFFFFFFFFFFFFFFF42
:20DF0000FFFFFFFFFFFFFFFFFFFFFFFFFFFFFFFFFFFFFFFFFFFFFFFFFFFFFFFFFFFFFFFF21
:20DF2000FFFFFFFFFFFFFFFFFFFFFFFFFFFFFFFFFFFFFFFFFFFFFFFFFFFFFFFFFFFFFFFF01
:20DF4000FFFFFFFFFFFFFFFFFFFFFFFFFFFFFFFFFFFFFFFFFFFFFFFFFFFFFFFFFFFFFFFFE1
:20DF6000FFFFFFFFFFFFFFFFFFFFFFFFFFFFFFFFFFFFFFFFFFFFFFFFFFFFFFFFFFFFFFFFC1
:20DF8000FFFFFFFFFFFFFFFFFFFFFFFFFFFFFFFFFFFFFFFFFFFFFFFFFFFFFFFFFFFFFFFFA1
:20DFA000FFFFFFFFFFFFFFFFFFFFFFFFFFFFFFFFFFFFFFFFFFFFFFFFFFFFFFFFFFFFFFFF81
:20DFC000FFFFFFFFFFFFFFFFFFFFFFFFFFFFFFFFFFFFFFFFFFFFFFFFFFFFFFFFFFFFFFFF61
:20DFE000FFFFFFFFFFFFFFFFFFFFFFFFFFFFFFFFFFFFFFFFFFFFFFFFFFFFFFFFFFFFFFFF41
:20E000000D9489F10D94B2F10D94B2F10D94B2F10D94B2F10D94B2F10D94B2F10D94B2F109
:20E020000D94B2F10D94B2F10D94B2F10D94B2F10D94B2F10D94B2F10D94B2F10D94B2F1C0
:20E040000D94B2F10D94B2F10D94B2F10D94B2F10D94B2F10D94B2F10D94B2F10D94B2F1A0
:20E060000D94B2F10D94B2F10D94B2F10D94B2F10D94B2F10D94B2F10D94B2F10D94B2F180
:20E080000D94B2F10D94B2F10D94B2F10D94B2F10D94B2F10D94B2F10D94B2F10D94B2F160
:20E0A0000D94B2F10D94B2F10D94B2F10D94B2F10D94B2F10D94B2F10D94B2F10D94B2F140
:20E0C0000D94B2F10D94B2F10D94B2F10D94B2F10D94B2F10D94B2F10D94B2F10D94B2F120
:20E0E0000D94B2F12A00593D506F727420626C696E6B00563D73686F7720696E746572723F
:20E1000075707420566563746F727300523D44756D702052414D00513D51756974004C3DC1
:20E120004C69737420492F4F20506F72747300483D48656C7000463D44756D7020464C410A
:20E14000534800453D44756D7020454550524F4D00423D426C696E6B204C454400403D45FE
:20E160004550524F4D2074657374003F3D43505520737461747300303D5A65726F20616497
:20E18000647200504F52540045452065727220636E743D0052656164696E67204545005714
:20E1A00072697474696E672045450020004D7573742062652061206C657474657200506F14
:20E1C0007274206E6F7420737570706F72746564005768617420706F72743A006A6D7020C8
:20E1E00000726A6D702020006E6F20766563746F72005623202020414444522020206F7063
:20E2000020636F64652020202020696E737472756374696F6E2061646472202020496E749B
:20E2200065727275707400342E382E3200312E382E30004A616E2020352032303136004C8A
:20E240006F636B20667573652020203D20004578742066757365202020203D2000486967F8
:20E260006820667573652020203D20004C6F772066757365202020203D2000435055204973
:20E28000442020202020203D20004743432056657273696F6E203D2000415652204C6962AD
:20E2A00043205665723D20005F5F4156525F415243485F5F3D200043505520547970652068
:20E2C0002020203D2000436F6D70696C6564206F6E203D20004875683F00426F6F746C6F07
:20E2E000616465723E0041726475696E6F206578706C6F7265722073746B35303056322032
:20E300006279204D4C530041546D656761323536300011241FBECFEFD1E2DEBFCDBF01E08D
:20E320000CBF12E0A0E0B2E0E8E4F7EF03E00BBF02C007900D92A430B107D9F712E0A4E0E5
:20E34000B2E001C01D92A231B107E1F70F940EF30D94A2FB01E20EBF0FEF0DBF11241FBEEA
:20E360000D940EF30D9400F08093C6008091C00086FFFCCF8091C00080648093C00008954B
:20E3800020E030E02817390749F0EFECF7E03197F1F700C000002F5F3F4FF4CF0895CF93B5
:20E3A000DF93EC01C60FD11DAE0160E070E06BBFFA018791882321F021960F94B4F1F4CF41
:20E3C000DF91CF9108958DE00F94B4F18AE00D94B4F10F94CFF10D94E3F1CF93DF93EC01D2
:20E3E0008991882319F00F94B4F1FACFDF91CF910895CF93C82F82958F7090E3980F9A337B
:20E4000010F097E3980F892F0F94B4F1CF7080E38C0F8A3310F087E38C0FCF910D94B4F136
:20E420000F931F93CF93DF93EC018B01853691051CF4633071054CF0CE0164E670E00F9489
:20E4400064FB80E3860F0F94B4F1CB30D1051CF4023011056CF0CE0164E670E00F9464FB2D
:20E460006AE070E00F9464FB80E3860F0F94B4F1CE016AE070E00F9464FB805DDF91CF91A8
:20E480001F910F910D94B4F18091C00087FFFCCF8091C6000895CF93C82F60E083E891EECD
:20E4A0000F94CFF18C2F0F94B4F1CF910D94E3F14F925F926F927F92AF92BF92CF92DF92D9
:20E4C000EF92FF920F931F93CF93DF93CDB7DEB766970FB6F894DEBF0FBECDBFC82E80E14E
:20E4E000D82EA12C7E0181E1E80EF11C9EE2B92E41305105E1E06E07710558F0862F4B8BB8
:20E500005C8B6D8B7E8B0F94F9F17E896D895C894B89852F4B8B5C8B6D8B7E8B0F94F9F1D1
:20E520004B89842F0F94F9F180E20F94B4F18DE20F94B4F180E20F94B4F119828E010F5F24
:20E540001F4F4B895C896D897E892A013B01F1E0CF1661F0CF1630F082E0C81213C0F20122
:20E56000A08010C06BBEF201A7900CC0C2014B8B5C8B6D8B7E8B0F948CFBA82E4B895C8952
:20E580006D897E898A2D4B8B5C8B6D8B7E8B0F94F9F180E20F94B4F180EE8A0D4B895C8914
:20E5A0006D897E89F8018F3510F4A08201C0B082FFEF4F1A5F0A6F0A7F0A0F5F1F4F0E15C7
:20E5C0001F0509F0C4CF405F5F4F6F4F7F4F198ACE0101964B8B5C8B6D8B7E8B0F94EDF16A
:20E5E0000F94E3F1DA944B895C896D897E89D1107FCF66960FB6F894DEBF0FBECDBFDF919E
:20E60000CF911F910F91FF90EF90DF90CF90BF90AF907F906F905F904F900895CF93DF9393
:20E62000CDB7DEB7C453D1400FB6F894DEBF0FBECDBF01E20EBF0FEF0DBF94B7F894A895C4
:20E6400014BE8091600088618093600010926000789493FF05C0E0910402F0910502199509
:20E660008091C00082608093C00080E18093C40088E18093C100000040E050E0BA0180E034
:20E6800090E02091C00027FF03C00196C1F317C00097D9F725E02A95F1F700004F5F5F4F1F
:20E6A0006F4F7F4F31E020E0413387E5580785E06807710508F430E0832F922FE2CF813053
:20E6C000910511F00D944DFBC45DDE4F19821882CC52D140A12CB12CC65DDE4F1882CA5258
:20E6E000D140812C212C312CCE5DDE4F188219821A821B82C252D140C12CD12C760120E066
:20E7000030E0A9014BBFF90147915691CE5CDE4F59834883C253D14020E030E060E0019770
:20E72000E9F080E090E0DC014091C00047FD16C00196A11DB11D813052E195075AE7A50718
:20E74000B10590F3CE5CDE4F88819981C253D140019639F3EE27FF270994E3CF8091C600BC
:20E76000C45DDE4FE881F981CC52D1403196C45DDE4FF983E883CC52D140813209F037C566
:20E780003A9708F034C5FFEFAF1ABF0A43E0A416B10409F02EC505E010E0F9E1AF2EB12C50
:20E7A00081E20F94B4F151E0A51AB108A114B104B9F70F94E3F1015011090115110569F77D
:20E7C00010920E0210920F02109210021092110210920A0210920B0210920C0210920D02AD
:20E7E0001092060210920702109208021092090260E086EE92EE0F94E9F11FEF60E08AEDF5
:20E8000092EE0F94CFF10F9444F2082F803608F00F75003230F0802F0F94B4F180E20F9485
:20E82000B4F1063409F4D3C108F09BC0003409F40CC108F08FC0003309F4F1C00F3309F0B4
:20E84000D0C462E08BE691EE0F94E9F160E086EE92EE0F94E9F160E086EC92EE0F94CFF12F
:20E8600060E083E392EE0F94E9F160E087EB92EE0F94CFF160E087E093EE0F94E9F160E07B
:20E8800088EA92EE0F94CFF186E30F94B4F10F94E3F160E08AE892EE0F94CFF160E087E2BD
:20E8A00092EE0F94E9F160E089E992EE0F94CFF160E08DE292EE0F94E9F160E08BE792EEE8
:20E8C0000F94CFF18EE10F94F9F188E90F94F9F181E00F94F9F10F94E3F160E08CE692EE44
:20E8E0000F94CFF129E0E0E0F0E02093570084910F94F9F10F94E3F160E08DE592EE0F9424
:20E90000CFF129E0E3E0F0E02093570084910F94F9F10F94E3F160E08EE492EE0F94CFF1E3
:20E92000E2E0F0E039E03093570084910F94F9F10F94E3F160E08FE392EE0F94CFF1E1E0A3
:20E94000F0E049E04093570084910F94F9F10F94E3F154CF023409F4F6C0053409F40DC16B
:20E9600040C4013509F497C168F5083409F453C10C3409F036C462E08EE191EE0F94E9F17E
:20E9800081E40F944BF282E40F944BF283E40F944BF284E40F944BF285E40F944BF286E4AA
:20E9A0000F944BF287E40F944BF288E40F944BF28AE40F944BF28BE40F944BF28CE40F9430
:20E9C0004BF21CCF063509F470C1093509F40FC3023509F006C462E08CE091EE0F94E9F1F5
:20E9E00040910E0250910F02609110027091110282E00F9458F280910E0290910F02A0915A
:20EA00001002B09111029F5FAF4FBF4F80930E0290930F02A0931002B0931102EFCE62E095
:20EA200087E791EE0F94E9F110920A0210920B0210920C0210920D0210920E0210920F0249
:20EA4000109210021092110272C062E08DE591EE0F94E9F160E08FE991EE0F94E9F10F9414
:20EA6000E3F1A12CB12CC5018A519D41A0E0B0E0ABBFFC0107910A3281F40F94E3F10F94BF
:20EA8000E3F160E084E991EE0F94E9F10F94E3F1812C912CA12CB12C2EC0A11482E0B806AB
:20EAA00061F3602FC5010F9494FB011106C060E08BEA91EE0F94CFF103C0802F0F94B4F152
:20EAC0005FEFA51AB50ACFCFA114B2E0BB06E9F0C5010F948CFB782E811132C060E08BEA1C
:20EAE00091EE0F94CFF1701619F09FEF891A990AAFEFAA1ABA0AC5018A519D41A0E0B0E01C
:20EB0000ABBFFC0107910A32F9F60F94E3F10F94E3F160E088E891EE0F94CFF161E070E0BA
:20EB2000C4010F9410F20F94E3F10F94E3F1109206021092070210920802109209025ECEA3
:20EB40000F94B4F1D0CF62E081E591EE0F94E9F1279A2F9A8091C00087FD0CC02F9884E64E
:20EB600090E00F94C0F12F9A84E690E00F94C0F1F1CF12B80F9444F241CE62E083E491EE40
:20EB80000F94E9F14091060250910702609108027091090281E00F9458F2809106029091A6
:20EBA0000702A0910802B09109029F5FAF4FBF4F8093060290930702A0930802B0930902E9
:20EBC00081159041A105B10508F418CEB0CF62E086E391EE0F94E9F140910A0250910B029F
:20EBE00060910C0270910D0280E00F9458F280910A0290910B02A0910C02B0910D029F5FE1
:20EC0000AF4FBF4F80930A0290930B02A0930C02B0930D02F3CD62E08FE291EE0F94E9F197
:20EC200060E087E791EE0F94E9F160E08BE691EE0F94E9F160E08DE591EE0F94E9F160E08F
:20EC400081E591EE0F94E9F160E083E491EE0F94E9F160E086E391EE0F94E9F160E08FE259
:20EC600091EE0F94E9F160E08EE191EE0F94E9F160E087E191EE0F94E9F160E08CE091EE1E
:20EC80000F94E9F160E083EF90EE0F94E9F160E086EE90EEA9C262E087E191EE0F94E9F107
:20ECA000A12CB12C99249394E9C262E083EF90EE0F94E9F160E087E093EE0F94E9F160E087
:20ECC00082EF91EE0F94E9F1CA5DDE4F19821882C652D140412C512C3201A30192015695D6
:20ECE000479537952795C25DDE4F288339834A835B83CE52D140CA5DDE4F48815981C65212
:20ED0000D1404F5F5F4FCA5DDE4F59834883C652D14062E070E0CA010F9410F280E20F945B
:20ED2000B4F18DE20F94B4F180E20F94B4F180E00F94F9F1C25DDE4F8881CE52D1400F94B7
:20ED4000F9F180E20F94B4F18DE30F94B4F180E20F94B4F16BBEF2010791D301C2010196DB
:20ED6000A11DB11DABBFFC019791B301A2014E5F5F4F6F4F7F4F6BBFFA012791C25EDE4F10
:20ED80002883CE51D1405301420133E0830E911CA11CB11CABBEF4014791C55DDE4F4883D6
:20EDA000CB52D14054E0450E511C611C711C492F50E060E070E08824942EA52EB62E800E3C
:20EDC000911CA11CB11C892FCC5CDE4F9883C453D1400F94F9F180E20F94B4F1802F0F9423
:20EDE000F9F180E20F94B4F1C55DDE4F8881CB52D1400F94F9F180E20F94B4F1C25EDE4F75
:20EE00008881CE51D1400F94F9F180E20F94B4F1CC5CDE4F9881C453D1408FEF8816980632
:20EE2000A104B10431F460E088EE91EE0F94CFF1D1C0B501A4014427507C66277727411517
:20EE4000504C6105710509F040C0A50194013F7344275527C25EDE4F288339834A835B830E
:20EE6000CE51D14049015A01C25DDE4F288139814A815B81CE52D140820E931EA41EB51E60
:20EE8000880C991CAA1CBB1C60E081EE91EE0F94CFF1C15EDE4F8881CF51D1400F94F9F1E8
:20EEA000C25EDE4F8881CE51D1400F94F9F180E20F94B4F18EE30F94B4F180E00F94F9F1EF
:20EEC000892D0F94F9F1882D83C0B501A4014E705E7F662777274C3054496105710509F0E8
:20EEE00079C0C55DDE4F4881CB52D140842E912CA12CB12CBA2CA92C982C8824C25EDE4F02
:20EF00005881CE51D140850E911CA11CB11C402F417050E060E070E0BA0155274427840E0A
:20EF2000951EA61EB71E402F407F50E060E070E0F1E1440F551F661F771FFA95D1F7840EFA
:20EF4000951EA61EB71E892F817090E0A0E0B0E005E1880F991FAA1FBB1F0A95D1F7880E67
:20EF6000991EAA1EBB1EA5019401220F331F441F551FC25EDE4F288339834A835B83CE5126
:20EF8000D14060E08CED91EE0F94CFF18A2D0F94F9F1892D0F94F9F1882D0F94F9F180E29A
:20EFA0000F94B4F18EE30F94B4F1C05EDE4F8881C052D1400F94F9F1C15EDE4F8881CF51D7
:20EFC000D1400F94F9F1C25EDE4F8881CE51D1400F94F9F10F94E3F1CA5DDE4F4881598112
:20EFE000C652D1404933510509F077CE07CC62E086EE90EE0F94E9F160E081ED91EE0F9484
:20F00000CFF10F9444F2082F0F75802F0F94B4F10F94E3F18FEB800F8A3108F0DEC006349A
:20F0200009F471C098F4033409F441C038F4013419F1023409F0CDC014B92BC0043409F4CD
:20F0400045C0053409F0C5C01DB94FC00A3409F489C048F4073409F465C0083409F0B9C044
:20F06000109301016EC00B3409F48FC00C3409F0B0C010930A019CC011B98091C00087FD60
:20F0800078CD82B1809582B988EC90E00F94C0F1F4CF8091C00087FD08C085B1809585B907
:20F0A00088EC90E00F94C0F1F4CF15B863CD17B98091C00087FD08C088B1809588B988EC68
:20F0C00090E00F94C0F1F4CF18B854CD1AB98091C00087FD08C08BB180958BB988EC90E04F
:20F0E0000F94C0F1F4CF1BB845CD8091C00087FD08C08EB180958EB988EC90E00F94C0F124
:20F10000F4CF1EB837CD10BB8091C00087FD08C081B3809581BB88EC90E00F94C0F1F4CFEA
:20F1200011BA28CD13BB8091C00087FD08C084B3809584BB88EC90E00F94C0F1F4CF14BAD0
:20F1400019CD8091C00087FD0AC08091020180958093020188EC90E00F94C0F1F2CF1092D0
:20F16000020108CD109304018091C00087FD0AC08091050180958093050188EC90E00F9424
:20F18000C0F1F2CF10920501F5CC109307018091C00087FD0AC0809108018095809308017F
:20F1A00088EC90E00F94C0F1F2CF10920801E2CC8091C00087FD0AC080910B018095809399
:20F1C0000B0188EC90E00F94C0F1F2CF10920B01D1CC60E08EEB91EE07C060E08DEA91EEAA
:20F1E00003C060E085ED92EE0F94E9F107CBA12CB12C633001F120F4613071F038F014C09A
:20F20000653029F1E0F0663099F135C08B3109F452C280E090E083CA8826C65DDE4F888367
:20F22000CA52D14062E0F5CF282F30E0322F2227882663E0EECF282B882664E0EACF8E3020
:20F2400009F03DC28826212C312C65E0E2CFA1014F5F5F4FE1E0F0E0EC0FFD1FE20DF31DC3
:20F26000808388264217530709F42BC21A01D1CF881125C202C0673061F6912C298123319A
:20F2800009F4DDC060F5263009F4C6C0F8F4223009F4D3C0233009F464C0213009F0B7C1A2
:20F2A0001A8288E08B8381E48C8386E58D8382E58E8389E48F8383E5888780E589878FE5F6
:20F2C0008A8782E38B870BE010E0A5C1213109F455C008F094C0203109F4AFC098C1283146
:20F2E00009F466C048F4253109F4A9C008F443C1263109F440C18BC12A3109F44DC008F4F1
:20F300006DC02B3109F43DC02D3109F080C18D81803339F49F819923B1F09130B1F498E980
:20F3200017C0982F907599F0803521F499E0E0E0F0E005C0883559F4E3E0F0E099E09093D0
:20F340005700949105C09EE103C091E001C090E01A821B828C831D829E831F8207E010E008
:20F360005AC1EA81E059E33028F4F0E0E050FE4F808101C080E01A828B833EC099249394A4
:20F380005CC08D81882321F0813021F488E923C08EE121C081E01FC01A82E1E0F0E089E047
:20F3A00080935700E491EB831C8204E010E033C18B81803551F48C81883019F4E2E0F0E030
:20F3C00006C089E0E0E0F0E003C0E3E0F0E089E08093570084911A828B83E6CF8D81836CD4
:20F3E00099E0E1E0F0E0082E90935700E89507B600FCFDCF1A821B8203E010E00CC180EC0C
:20F400008A8302E010E0CE5DDE4F188219821A821B82C252D140FFC08A81CB80D12CE12C03
:20F42000F12C7601DD24CC24F82A8D81C82A8C81D82ACC0CDD1CEE1CFF1C1A82EAC00A814F
:20F4400010E0102F00278B81082B233109F05DC0CE5DDE4F288139814A815B81C252D14026
:20F46000211580EC380783E048075105E8F483E0F90140935B0080935700E89507B600FC9C
:20F48000FDCFCE5DDE4F288139814A815B81C252D1403F5F4F4F5F4FCE5DDE4F2883398370
:20F4A0004A835B83C252D1402B8526013701CE010B9641E0DC011296CD01FD0131975081F2
:20F4C00030E0352B0901F20160925B0040935700E895112432E0430E511C611C711C02506A
:20F4E00011090115110511F02C91E4CF85E0F601E0925B0080935700E89507B600FCFDCFC0
:20F5000081E180935700E89532C0A70196015695479537952795CA5DDE4F288339834A839A
:20F520005B83C652D1403E013BE0630E711C412C512C4016510689F0D3016D913D01CA5D25
:20F54000DE4F88819981C652D140840D951D0F9494FBBFEF4B1A5B0AECCF612C712C440C10
:20F56000551C661C771C4C0C5D1C6E1C7F1C1A82730162014EC08A8190E0982F88273B81E1
:20F58000832B8C010D5F1F4F1A822431A1F4DE011396EBBEF601279136912C931296FD01C4
:20F5A00031973083E2E0CE0ED11CE11CF11C0297009779F72AC0FE0133969C01B701A601ED
:20F5C00041BD452E562E672E772442BC4F5F5F4F6F4F7F4FF89AA0B5A19321503109211524
:20F5E000310571F7AC014150510960E070E04F5F5F4F6F4F7F4FC40ED51EE61EF71EA3E0FC
:20F60000B0E0AC0FBD1FA80FB91F1C9204C080EC8A8302E010E08BE10F94B4F1C65DDE4F73
:20F620008881CA52D1400F94B4F1812F0F94B4F1802F0F94B4F18EE00F94B4F155E1852EBE
:20F64000C65DDE4F2881CA52D140822680268126AE014F5F5F4F3A01040F151F6016710615
:20F6600041F0D3015D903D01852D0F94B4F18524F5CF882D0F94B4F1C65DDE4F2881CA52E1
:20F68000D1402F5FC65DDE4F2883CA52D140911004C080E090E00D948CF300008091C0007D
:20F6A0008D7F8093C00081E180935700E895EE27FF270994FFCF4BE1842E61E0AACD60E0A6
:20F6C000A8CD190166E0A5CD97FB072E16F4009407D077FD09D00F9478FB07FC05D03EF43A
:20F6E000909581959F4F0895709561957F4F0895AA1BBB1B51E107C0AA1FBB1FA617B7072C
:20F7000010F0A61BB70B881F991F5A95A9F780959095BC01CD010895F999FECF92BD81BD2A
:20F72000F89A992780B50895262FF999FECF1FBA92BD81BD20BD0FB6F894FA9AF99A0FBE69
:0CF7400001960895F894FFCF0F020A0014
:00000001FF
